日期,时间,代码,名称,开盘,最高,最低,收盘,总手,金额
20250102,09:35,000001,未知,11.73,11.76,11.73,11.75,73640,86485296
20250102,09:40,000001,未知,11.75,11.75,11.73,11.73,43669,51252880
20250102,09:45,000001,未知,11.73,11.75,11.7,11.74,60346,70722130
20250102,09:50,000001,未知,11.73,11.76,11.72,11.72,26273,30828553
20250102,09:55,000001,未知,11.71,11.72,11.67,11.69,62664,73247199
20250102,10:00,000001,未知,11.69,11.7,11.68,11.69,15815,18492757
20250102,10:05,000001,未知,11.69,11.7,11.65,11.66,52750,61564300
20250102,10:10,000001,未知,11.66,11.66,11.63,11.65,50046,58260551
20250102,10:15,000001,未知,11.64,11.65,11.55,11.56,108780,126163450
20250102,10:20,000001,未知,11.56,11.57,11.52,11.53,96866,111800085
20250102,10:25,000001,未知,11.54,11.57,11.51,11.56,60369,69658956
20250102,10:30,000001,未知,11.56,11.58,11.55,11.57,27879,32246732
20250102,10:35,000001,未知,11.58,11.6,11.56,11.6,31647,36640122
20250102,10:40,000001,未知,11.6,11.62,11.58,11.61,22065,25583694
20250102,10:45,000001,未知,11.61,11.61,11.57,11.58,24275,28138788
20250102,10:50,000001,未知,11.57,11.62,11.57,11.61,21152,24512608
20250102,10:55,000001,未知,11.62,11.65,11.61,11.63,20551,23898356
20250102,11:00,000001,未知,11.63,11.66,11.63,11.64,20330,23685958
20250102,11:05,000001,未知,11.64,11.65,11.63,11.65,15703,18282805
20250102,11:10,000001,未知,11.65,11.66,11.64,11.66,12102,14098828
20250102,11:15,000001,未知,11.66,11.67,11.62,11.63,14978,17446664
20250102,11:20,000001,未知,11.63,11.65,11.61,11.62,11642,13537701
20250102,11:25,000001,未知,11.62,11.63,11.61,11.62,11046,12831495
20250102,11:30,000001,未知,11.62,11.62,11.6,11.61,14720,17080343
20250102,13:05,000001,未知,11.61,11.61,11.58,11.59,17771,20611791
20250102,13:10,000001,未知,11.59,11.6,11.57,11.58,23807,27570513
20250102,13:15,000001,未知,11.58,11.59,11.56,11.57,22967,26564134
20250102,13:20,000001,未知,11.57,11.57,11.55,11.55,17406,20122929
20250102,13:25,000001,未知,11.55,11.57,11.54,11.54,34560,39922672
20250102,13:30,000001,未知,11.55,11.55,11.52,11.54,35692,41175736
20250102,13:35,000001,未知,11.53,11.55,11.53,11.54,48958,56505489
20250102,13:40,000001,未知,11.53,11.54,11.52,11.52,23938,27600718
20250102,13:45,000001,未知,11.52,11.54,11.51,11.51,26328,30339535
20250102,13:50,000001,未知,11.52,11.53,11.5,11.51,55000,63313644
20250102,13:55,000001,未知,11.51,11.52,11.49,11.5,57209,65814112
20250102,14:00,000001,未知,11.49,11.52,11.48,11.52,34530,39691863
20250102,14:05,000001,未知,11.52,11.52,11.48,11.5,37895,43553531
20250102,14:10,000001,未知,11.49,11.49,11.45,11.46,51696,59283910
20250102,14:15,000001,未知,11.46,11.46,11.43,11.43,53879,61661361
20250102,14:20,000001,未知,11.44,11.45,11.43,11.44,46718,53429657
20250102,14:25,000001,未知,11.44,11.47,11.43,11.46,30814,35272393
20250102,14:30,000001,未知,11.46,11.5,11.46,11.47,27574,31652009
20250102,14:35,000001,未知,11.48,11.49,11.44,11.44,28713,32912854
20250102,14:40,000001,未知,11.45,11.45,11.4,11.4,68904,78687999
20250102,14:45,000001,未知,11.4,11.43,11.4,11.41,62739,71581051
20250102,14:50,000001,未知,11.4,11.43,11.39,11.42,52744,60161164
20250102,14:55,000001,未知,11.42,11.44,11.42,11.44,36518,41732937
20250102,15:00,000001,未知,11.43,11.44,11.42,11.43,23929,27348164
20250103,09:35,000001,未知,11.44,11.52,11.44,11.47,93903,107890598
20250103,09:40,000001,未知,11.46,11.47,11.43,11.44,51077,58475901
20250103,09:45,000001,未知,11.44,11.48,11.42,11.46,27698,31721449
20250103,09:50,000001,未知,11.47,11.47,11.44,11.44,28436,32569011
20250103,09:55,000001,未知,11.45,11.46,11.42,11.42,30666,35067533
20250103,10:00,000001,未知,11.43,11.44,11.4,11.41,30631,34987501
20250103,10:05,000001,未知,11.4,11.44,11.39,11.42,27039,30862415
20250103,10:10,000001,未知,11.43,11.43,11.38,11.39,30457,34699362
20250103,10:15,000001,未知,11.39,11.42,11.37,11.42,43089,49069132
20250103,10:20,000001,未知,11.42,11.44,11.41,11.43,18050,20635581
20250103,10:25,000001,未知,11.44,11.46,11.43,11.44,14591,16698972
20250103,10:30,000001,未知,11.44,11.46,11.43,11.44,25927,29676807
20250103,10:35,000001,未知,11.44,11.48,11.44,11.47,22093,25310406
20250103,10:40,000001,未知,11.48,11.48,11.44,11.44,18134,20791146
20250103,10:45,000001,未知,11.45,11.45,11.42,11.44,9585,10964366
20250103,10:50,000001,未知,11.43,11.44,11.42,11.43,7061,8069241
20250103,10:55,000001,未知,11.43,11.44,11.42,11.43,5381,6150805
20250103,11:00,000001,未知,11.43,11.44,11.43,11.44,8008,9156335
20250103,11:05,000001,未知,11.44,11.45,11.43,11.45,10479,11986779
20250103,11:10,000001,未知,11.45,11.45,11.44,11.45,8264,9459800
20250103,11:15,000001,未知,11.44,11.46,11.44,11.46,6908,7911088
20250103,11:20,000001,未知,11.46,11.46,11.44,11.45,6365,7286343
20250103,11:25,000001,未知,11.45,11.46,11.43,11.45,10987,12578266
20250103,11:30,000001,未知,11.46,11.46,11.44,11.44,8074,9248056
20250103,13:05,000001,未知,11.45,11.45,11.41,11.42,25883,29598050
20250103,13:10,000001,未知,11.41,11.42,11.41,11.42,15502,17698845
20250103,13:15,000001,未知,11.42,11.42,11.4,11.42,14531,16582120
20250103,13:20,000001,未知,11.42,11.44,11.41,11.42,11034,12609592
20250103,13:25,000001,未知,11.43,11.44,11.41,11.42,13256,15148241
20250103,13:30,000001,未知,11.41,11.47,11.41,11.45,31603,36163762
20250103,13:35,000001,未知,11.46,11.5,11.45,11.49,32422,37227212
20250103,13:40,000001,未知,11.49,11.52,11.49,11.49,42958,49397272
20250103,13:45,000001,未知,11.49,11.51,11.48,11.48,24964,28681960
20250103,13:50,000001,未知,11.48,11.5,11.47,11.49,17606,20220238
20250103,13:55,000001,未知,11.49,11.49,11.45,11.46,29967,34351301
20250103,14:00,000001,未知,11.46,11.47,11.44,11.45,21068,24124261
20250103,14:05,000001,未知,11.45,11.45,11.41,11.43,17407,19888754
20250103,14:10,000001,未知,11.42,11.43,11.4,11.41,28659,32717850
20250103,14:15,000001,未知,11.41,11.42,11.39,11.4,38354,43706164
20250103,14:20,000001,未知,11.39,11.4,11.38,11.39,46898,53406401
20250103,14:25,000001,未知,11.4,11.43,11.4,11.42,29538,33702946
20250103,14:30,000001,未知,11.42,11.44,11.42,11.43,20968,23963576
20250103,14:35,000001,未知,11.44,11.44,11.39,11.4,28855,32935567
20250103,14:40,000001,未知,11.41,11.43,11.39,11.4,18562,21175458
20250103,14:45,000001,未知,11.41,11.42,11.39,11.41,24353,27774744
20250103,14:50,000001,未知,11.41,11.42,11.39,11.39,24082,27463571
20250103,14:55,000001,未知,11.4,11.4,11.38,11.4,25601,29163283
20250103,15:00,000001,未知,11.4,11.4,11.38,11.38,27706,31552263
20250106,09:35,000001,未知,11.38,11.41,11.36,11.38,60372,68713427
20250106,09:40,000001,未知,11.38,11.38,11.33,11.34,67803,76981758
20250106,09:45,000001,未知,11.34,11.37,11.33,11.36,24813,28153615
20250106,09:50,000001,未知,11.36,11.37,11.34,11.35,27404,31112853
20250106,09:55,000001,未知,11.35,11.35,11.31,11.32,38945,44127832
20250106,10:00,000001,未知,11.32,11.32,11.28,11.28,49937,56413782
20250106,10:05,000001,未知,11.28,11.28,11.23,11.23,109151,122809850
20250106,10:10,000001,未知,11.23,11.31,11.22,11.31,37902,42754376
20250106,10:15,000001,未知,11.3,11.37,11.3,11.36,42882,48573739
20250106,10:20,000001,未知,11.36,11.38,11.36,11.36,33101,37637815
20250106,10:25,000001,未知,11.37,11.38,11.35,11.36,23672,26901457
20250106,10:30,000001,未知,11.36,11.39,11.36,11.37,19890,22631840
20250106,10:35,000001,未知,11.38,11.41,11.36,11.4,25613,29166391
20250106,10:40,000001,未知,11.4,11.42,11.37,11.38,21525,24531132
20250106,10:45,000001,未知,11.38,11.41,11.37,11.39,14798,16867898
20250106,10:50,000001,未知,11.39,11.41,11.38,11.41,16627,18951629
20250106,10:55,000001,未知,11.4,11.42,11.38,11.41,27115,30923782
20250106,11:00,000001,未知,11.42,11.43,11.41,11.42,15664,17888995
20250106,11:05,000001,未知,11.42,11.46,11.42,11.46,25915,29646821
20250106,11:10,000001,未知,11.46,11.47,11.44,11.44,25405,29096424
20250106,11:15,000001,未知,11.44,11.48,11.44,11.48,27923,32018605
20250106,11:20,000001,未知,11.48,11.48,11.42,11.43,20686,23681821
20250106,11:25,000001,未知,11.42,11.43,11.4,11.43,12790,14593322
20250106,11:30,000001,未知,11.42,11.43,11.41,11.42,5119,5843634
20250106,13:05,000001,未知,11.42,11.42,11.39,11.4,15387,17548642
20250106,13:10,000001,未知,11.41,11.44,11.39,11.44,10685,12199867
20250106,13:15,000001,未知,11.43,11.45,11.41,11.42,10333,11816879
20250106,13:20,000001,未知,11.42,11.43,11.4,11.41,8876,10131320
20250106,13:25,000001,未知,11.41,11.41,11.37,11.37,11409,12992090
20250106,13:30,000001,未知,11.38,11.39,11.37,11.38,8283,9423980
20250106,13:35,000001,未知,11.38,11.38,11.36,11.37,11324,12875872
20250106,13:40,000001,未知,11.38,11.38,11.36,11.37,7428,8445853
20250106,13:45,000001,未知,11.37,11.38,11.35,11.36,9558,10863712
20250106,13:50,000001,未知,11.36,11.37,11.35,11.37,8002,9089034
20250106,13:55,000001,未知,11.36,11.37,11.35,11.36,8430,9578352
20250106,14:00,000001,未知,11.38,11.38,11.36,11.38,5216,5932157
20250106,14:05,000001,未知,11.38,11.42,11.38,11.42,22448,25583575
20250106,14:10,000001,未知,11.42,11.44,11.41,11.42,17054,19484262
20250106,14:15,000001,未知,11.42,11.42,11.4,11.41,5360,6117806
20250106,14:20,000001,未知,11.41,11.42,11.4,11.41,12281,14012566
20250106,14:25,000001,未知,11.41,11.41,11.39,11.41,14382,16396491
20250106,14:30,000001,未知,11.4,11.42,11.4,11.42,13917,15882468
20250106,14:35,000001,未知,11.41,11.42,11.39,11.4,8500,9694471
20250106,14:40,000001,未知,11.41,11.43,11.4,11.43,14791,16884728
20250106,14:45,000001,未知,11.42,11.45,11.42,11.44,25583,29259180
20250106,14:50,000001,未知,11.44,11.46,11.43,11.44,26336,30129245
20250106,14:55,000001,未知,11.45,11.45,11.44,11.45,11799,13502208
20250106,15:00,000001,未知,11.45,11.45,11.44,11.44,23102,26433319
20250107,09:35,000001,未知,11.42,11.43,11.37,11.4,46846,53436361
20250107,09:40,000001,未知,11.4,11.45,11.39,11.43,28454,32511450
20250107,09:45,000001,未知,11.43,11.48,11.43,11.48,30982,35494257
20250107,09:50,000001,未知,11.47,11.48,11.45,11.46,22266,25528973
20250107,09:55,000001,未知,11.45,11.46,11.43,11.44,17117,19599988
20250107,10:00,000001,未知,11.44,11.45,11.43,11.44,9725,11126834
20250107,10:05,000001,未知,11.44,11.48,11.44,11.45,23659,27135479
20250107,10:10,000001,未知,11.45,11.47,11.44,11.46,11067,12677329
20250107,10:15,000001,未知,11.45,11.49,11.45,11.48,17621,20229137
20250107,10:20,000001,未知,11.48,11.49,11.46,11.47,12758,14640717
20250107,10:25,000001,未知,11.47,11.47,11.46,11.47,8396,9628517
20250107,10:30,000001,未知,11.47,11.49,11.46,11.48,21577,24777270
20250107,10:35,000001,未知,11.49,11.52,11.48,11.5,42409,48776076
20250107,10:40,000001,未知,11.49,11.5,11.47,11.48,17161,19714596
20250107,10:45,000001,未知,11.47,11.48,11.45,11.46,12969,14866520
20250107,10:50,000001,未知,11.45,11.46,11.44,11.45,11278,12914106
20250107,10:55,000001,未知,11.45,11.45,11.43,11.45,10746,12294034
20250107,11:00,000001,未知,11.45,11.46,11.44,11.45,5897,6754126
20250107,11:05,000001,未知,11.45,11.46,11.44,11.46,7338,8401528
20250107,11:10,000001,未知,11.46,11.46,11.44,11.45,6296,7210142
20250107,11:15,000001,未知,11.46,11.49,11.45,11.47,10830,12422691
20250107,11:20,000001,未知,11.47,11.47,11.45,11.46,5881,6740976
20250107,11:25,000001,未知,11.46,11.47,11.45,11.46,3117,3572785
20250107,11:30,000001,未知,11.46,11.47,11.46,11.47,5101,5846596
20250107,13:05,000001,未知,11.47,11.48,11.45,11.46,8933,10241579
20250107,13:10,000001,未知,11.45,11.46,11.44,11.46,8954,10250653
20250107,13:15,000001,未知,11.46,11.46,11.44,11.44,2341,2679722
20250107,13:20,000001,未知,11.44,11.46,11.44,11.44,7652,8757902
20250107,13:25,000001,未知,11.44,11.48,11.44,11.48,15291,17526162
20250107,13:30,000001,未知,11.48,11.52,11.48,11.5,42390,48771411
20250107,13:35,000001,未知,11.5,11.53,11.5,11.53,25708,29605580
20250107,13:40,000001,未知,11.53,11.53,11.51,11.51,24403,28120501
20250107,13:45,000001,未知,11.52,11.52,11.5,11.51,14507,16706851
20250107,13:50,000001,未知,11.52,11.53,11.49,11.5,17845,20539475
20250107,13:55,000001,未知,11.5,11.51,11.49,11.51,13417,15428819
20250107,14:00,000001,未知,11.51,11.52,11.49,11.5,7459,8579122
20250107,14:05,000001,未知,11.5,11.51,11.49,11.49,8995,10343523
20250107,14:10,000001,未知,11.49,11.51,11.49,11.5,4714,5421494
20250107,14:15,000001,未知,11.5,11.5,11.49,11.49,8782,10093249
20250107,14:20,000001,未知,11.5,11.5,11.48,11.49,7365,8465004
20250107,14:25,000001,未知,11.5,11.51,11.48,11.48,12884,14806872
20250107,14:30,000001,未知,11.49,11.5,11.48,11.49,13880,15952104
20250107,14:35,000001,未知,11.49,11.5,11.48,11.48,20521,23584564
20250107,14:40,000001,未知,11.49,11.5,11.48,11.49,10552,12121739
20250107,14:45,000001,未知,11.5,11.5,11.48,11.5,15210,17478702
20250107,14:50,000001,未知,11.5,11.51,11.49,11.51,18068,20774867
20250107,14:55,000001,未知,11.51,11.52,11.49,11.51,25678,29545067
20250107,15:00,000001,未知,11.51,11.52,11.5,11.51,22823,26270437
20250108,09:35,000001,未知,11.5,11.52,11.47,11.51,42163,48478527
20250108,09:40,000001,未知,11.51,11.57,11.5,11.56,46976,54180623
20250108,09:45,000001,未知,11.57,11.61,11.56,11.59,82807,95945619
20250108,09:50,000001,未知,11.58,11.63,11.57,11.6,72456,84054461
20250108,09:55,000001,未知,11.6,11.61,11.58,11.6,25393,29440424
20250108,10:00,000001,未知,11.6,11.62,11.58,11.58,19088,22140482
20250108,10:05,000001,未知,11.58,11.6,11.57,11.6,24201,28056730
20250108,10:10,000001,未知,11.59,11.61,11.58,11.59,16698,19374542
20250108,10:15,000001,未知,11.59,11.59,11.57,11.59,16264,18826178
20250108,10:20,000001,未知,11.59,11.62,11.59,11.6,48658,56481243
20250108,10:25,000001,未知,11.6,11.6,11.57,11.58,13768,15958145
20250108,10:30,000001,未知,11.57,11.58,11.55,11.55,21944,25378858
20250108,10:35,000001,未知,11.56,11.58,11.55,11.56,11644,13463606
20250108,10:40,000001,未知,11.55,11.56,11.52,11.52,25815,29791041
20250108,10:45,000001,未知,11.53,11.54,11.52,11.53,26598,30657832
20250108,10:50,000001,未知,11.53,11.53,11.51,11.52,17188,19803382
20250108,10:55,000001,未知,11.52,11.52,11.5,11.5,27283,31392046
20250108,11:00,000001,未知,11.51,11.51,11.49,11.49,12449,14316573
20250108,11:05,000001,未知,11.5,11.5,11.46,11.46,35481,40723477
20250108,11:10,000001,未知,11.47,11.48,11.45,11.47,25616,29361889
20250108,11:15,000001,未知,11.47,11.48,11.45,11.46,20581,23594202
20250108,11:20,000001,未知,11.46,11.49,11.44,11.48,18349,21034978
20250108,11:25,000001,未知,11.49,11.49,11.45,11.45,9550,10950416
20250108,11:30,000001,未知,11.46,11.46,11.43,11.44,16490,18873812
20250108,13:05,000001,未知,11.45,11.45,11.41,11.42,43436,49641055
20250108,13:10,000001,未知,11.42,11.42,11.4,11.42,28986,33067121
20250108,13:15,000001,未知,11.41,11.44,11.41,11.42,11142,12726312
20250108,13:20,000001,未知,11.42,11.44,11.42,11.42,8809,10065512
20250108,13:25,000001,未知,11.43,11.44,11.42,11.44,10757,12291868
20250108,13:30,000001,未知,11.44,11.45,11.42,11.43,8815,10076201
20250108,13:35,000001,未知,11.43,11.46,11.43,11.44,13836,15828087
20250108,13:40,000001,未知,11.43,11.46,11.43,11.45,10687,12231711
20250108,13:45,000001,未知,11.46,11.46,11.43,11.45,9388,10742268
20250108,13:50,000001,未知,11.44,11.46,11.43,11.46,13564,15530448
20250108,13:55,000001,未知,11.46,11.47,11.45,11.47,15547,17824190
20250108,14:00,000001,未知,11.47,11.48,11.45,11.47,21973,25189781
20250108,14:05,000001,未知,11.47,11.5,11.46,11.48,18285,20996233
20250108,14:10,000001,未知,11.48,11.49,11.48,11.49,10907,12530025
20250108,14:15,000001,未知,11.5,11.53,11.49,11.52,29244,33688315
20250108,14:20,000001,未知,11.52,11.52,11.5,11.51,13900,15997128
20250108,14:25,000001,未知,11.5,11.52,11.5,11.51,11020,12683441
20250108,14:30,000001,未知,11.5,11.51,11.48,11.49,23366,26857296
20250108,14:35,000001,未知,11.48,11.49,11.47,11.47,13135,15077803
20250108,14:40,000001,未知,11.47,11.49,11.45,11.48,13406,15375920
20250108,14:45,000001,未知,11.48,11.51,11.48,11.51,16023,18424649
20250108,14:50,000001,未知,11.5,11.51,11.49,11.51,13168,15146544
20250108,14:55,000001,未知,11.5,11.51,11.48,11.49,14132,16240555
20250108,15:00,000001,未知,11.49,11.5,11.48,11.5,11400,13105302
20250109,09:35,000001,未知,11.5,11.5,11.39,11.4,91459,104465753
20250109,09:40,000001,未知,11.42,11.42,11.37,11.41,45202,51498316
20250109,09:45,000001,未知,11.41,11.41,11.38,11.41,28257,32198512
20250109,09:50,000001,未知,11.4,11.43,11.39,11.42,16039,18300640
20250109,09:55,000001,未知,11.42,11.44,11.41,11.43,16558,18923910
20250109,10:00,000001,未知,11.43,11.45,11.43,11.44,11546,13205988
20250109,10:05,000001,未知,11.43,11.45,11.43,11.44,9705,11098347
20250109,10:10,000001,未知,11.43,11.46,11.42,11.44,18911,21631396
20250109,10:15,000001,未知,11.45,11.46,11.43,11.44,10468,11978183
20250109,10:20,000001,未知,11.43,11.44,11.42,11.43,8604,9831236
20250109,10:25,000001,未知,11.42,11.44,11.41,11.44,14125,16136369
20250109,10:30,000001,未知,11.43,11.45,11.42,11.43,7282,8328325
20250109,10:35,000001,未知,11.42,11.44,11.42,11.44,7394,8447938
20250109,10:40,000001,未知,11.44,11.45,11.44,11.45,5864,6710972
20250109,10:45,000001,未知,11.44,11.46,11.43,11.44,14501,16601745
20250109,10:50,000001,未知,11.43,11.45,11.42,11.44,11354,12984561
20250109,10:55,000001,未知,11.43,11.44,11.43,11.43,5719,6537709
20250109,11:00,000001,未知,11.44,11.45,11.43,11.44,7555,8642605
20250109,11:05,000001,未知,11.43,11.45,11.43,11.44,8991,10283273
20250109,11:10,000001,未知,11.43,11.46,11.43,11.44,17165,19644524
20250109,11:15,000001,未知,11.44,11.48,11.44,11.47,20375,23355324
20250109,11:20,000001,未知,11.47,11.47,11.44,11.44,10303,11800789
20250109,11:25,000001,未知,11.44,11.46,11.44,11.45,6153,7044715
20250109,11:30,000001,未知,11.45,11.46,11.44,11.44,7931,9079296
20250109,13:05,000001,未知,11.45,11.45,11.42,11.42,10983,12555518
20250109,13:10,000001,未知,11.43,11.44,11.42,11.43,6312,7214012
20250109,13:15,000001,未知,11.43,11.43,11.41,11.42,8328,9512061
20250109,13:20,000001,未知,11.42,11.43,11.41,11.42,9223,10532103
20250109,13:25,000001,未知,11.42,11.43,11.41,11.42,4178,4772494
20250109,13:30,000001,未知,11.42,11.44,11.42,11.44,5964,6815941
20250109,13:35,000001,未知,11.42,11.43,11.41,11.42,6141,7013957
20250109,13:40,000001,未知,11.41,11.42,11.41,11.42,3682,4202632
20250109,13:45,000001,未知,11.41,11.42,11.4,11.41,21227,24222140
20250109,13:50,000001,未知,11.41,11.42,11.4,11.41,9705,11072775
20250109,13:55,000001,未知,11.4,11.41,11.4,11.41,4792,5465057
20250109,14:00,000001,未知,11.4,11.4,11.39,11.39,20996,23920836
20250109,14:05,000001,未知,11.39,11.39,11.35,11.37,61497,69934312
20250109,14:10,000001,未知,11.36,11.39,11.36,11.39,15640,17790107
20250109,14:15,000001,未知,11.38,11.39,11.38,11.39,6486,7384884
20250109,14:20,000001,未知,11.39,11.4,11.37,11.39,14397,16396162
20250109,14:25,000001,未知,11.39,11.39,11.38,11.39,8097,9220974
20250109,14:30,000001,未知,11.39,11.39,11.38,11.39,13577,15455935
20250109,14:35,000001,未知,11.38,11.4,11.38,11.39,8135,9265774
20250109,14:40,000001,未知,11.39,11.43,11.39,11.4,25657,29274109
20250109,14:45,000001,未知,11.4,11.41,11.4,11.4,9524,10862731
20250109,14:50,000001,未知,11.41,11.44,11.4,11.44,24692,28212654
20250109,14:55,000001,未知,11.44,11.44,11.42,11.42,30572,34962591
20250109,15:00,000001,未知,11.43,11.43,11.4,11.4,20217,23078662
20250110,09:35,000001,未知,11.4,11.45,11.39,11.4,53300,60836061
20250110,09:40,000001,未知,11.39,11.4,11.37,11.39,29015,33016799
20250110,09:45,000001,未知,11.38,11.4,11.33,11.35,56128,63751689
20250110,09:50,000001,未知,11.36,11.36,11.3,11.3,68958,78039033
20250110,09:55,000001,未知,11.31,11.32,11.29,11.32,41361,46731091
20250110,10:00,000001,未知,11.32,11.35,11.31,11.31,14892,16878241
20250110,10:05,000001,未知,11.32,11.33,11.31,11.32,10859,12291300
20250110,10:10,000001,未知,11.32,11.33,11.31,11.31,9610,10876369
20250110,10:15,000001,未知,11.32,11.34,11.31,11.33,13382,15163292
20250110,10:20,000001,未知,11.34,11.36,11.33,11.34,17748,20135057
20250110,10:25,000001,未知,11.34,11.35,11.33,11.33,7243,8213223
20250110,10:30,000001,未知,11.33,11.33,11.32,11.32,10201,11550696
20250110,10:35,000001,未知,11.33,11.34,11.32,11.33,5028,5697297
20250110,10:40,000001,未知,11.33,11.35,11.33,11.34,8374,9494730
20250110,10:45,000001,未知,11.34,11.35,11.32,11.34,10938,12394958
20250110,10:50,000001,未知,11.33,11.34,11.32,11.33,7682,8705739
20250110,10:55,000001,未知,11.33,11.34,11.32,11.33,9550,10818519
20250110,11:00,000001,未知,11.32,11.33,11.31,11.31,11694,13229992
20250110,11:05,000001,未知,11.32,11.33,11.31,11.32,11324,12817978
20250110,11:10,000001,未知,11.32,11.34,11.31,11.33,8612,9750141
20250110,11:15,000001,未知,11.33,11.35,11.33,11.35,10887,12343304
20250110,11:20,000001,未知,11.34,11.36,11.34,11.35,11801,13397223
20250110,11:25,000001,未知,11.35,11.37,11.35,11.35,10004,11363198
20250110,11:30,000001,未知,11.35,11.36,11.34,11.34,9805,11126270
20250110,13:05,000001,未知,11.34,11.38,11.34,11.36,15567,17678511
20250110,13:10,000001,未知,11.36,11.37,11.34,11.35,15080,17121748
20250110,13:15,000001,未知,11.35,11.36,11.34,11.35,8657,9825363
20250110,13:20,000001,未知,11.35,11.35,11.32,11.33,11143,12631026
20250110,13:25,000001,未知,11.33,11.34,11.33,11.33,3054,3461566
20250110,13:30,000001,未知,11.34,11.35,11.33,11.34,7176,8138352
20250110,13:35,000001,未知,11.34,11.35,11.33,11.34,4835,5482342
20250110,13:40,000001,未知,11.34,11.35,11.33,11.34,4234,4800567
20250110,13:45,000001,未知,11.34,11.37,11.34,11.36,19902,22614833
20250110,13:50,000001,未知,11.37,11.38,11.35,11.37,17091,19435039
20250110,13:55,000001,未知,11.37,11.38,11.36,11.37,9735,11067611
20250110,14:00,000001,未知,11.37,11.38,11.36,11.36,15040,17102592
20250110,14:05,000001,未知,11.36,11.37,11.34,11.34,9143,10379318
20250110,14:10,000001,未知,11.35,11.36,11.34,11.35,5926,6727469
20250110,14:15,000001,未知,11.35,11.35,11.33,11.35,9272,10519091
20250110,14:20,000001,未知,11.34,11.35,11.33,11.33,7627,8642975
20250110,14:25,000001,未知,11.33,11.35,11.32,11.33,28595,32421381
20250110,14:30,000001,未知,11.32,11.34,11.32,11.32,18359,20794499
20250110,14:35,000001,未知,11.32,11.33,11.3,11.32,25533,28889816
20250110,14:40,000001,未知,11.32,11.33,11.3,11.3,10750,12164085
20250110,14:45,000001,未知,11.31,11.32,11.3,11.31,25583,28936051
20250110,14:50,000001,未知,11.31,11.34,11.31,11.32,20437,23149719
20250110,14:55,000001,未知,11.32,11.33,11.31,11.32,25352,28690792
20250110,15:00,000001,未知,11.32,11.32,11.3,11.3,31647,35771825
20250113,09:35,000001,未知,11.25,11.25,11.17,11.24,113978,127759806
20250113,09:40,000001,未知,11.23,11.23,11.19,11.21,44875,50310675
20250113,09:45,000001,未知,11.21,11.23,11.19,11.22,34162,38273511
20250113,09:50,000001,未知,11.22,11.24,11.2,11.21,29541,33138465
20250113,09:55,000001,未知,11.21,11.21,11.18,11.21,38896,43547207
20250113,10:00,000001,未知,11.21,11.21,11.16,11.16,64144,71693134
20250113,10:05,000001,未知,11.17,11.18,11.16,11.18,18435,20597393
20250113,10:10,000001,未知,11.18,11.18,11.15,11.16,46559,51978449
20250113,10:15,000001,未知,11.16,11.16,11.11,11.11,92197,102629039
20250113,10:20,000001,未知,11.11,11.14,11.08,11.14,62141,69011171
20250113,10:25,000001,未知,11.13,11.16,11.13,11.16,17304,19287269
20250113,10:30,000001,未知,11.15,11.17,11.15,11.17,16235,18120226
20250113,10:35,000001,未知,11.16,11.18,11.15,11.17,10654,11900586
20250113,10:40,000001,未知,11.17,11.19,11.16,11.17,16178,18085095
20250113,10:45,000001,未知,11.16,11.19,11.16,11.17,11828,13226145
20250113,10:50,000001,未知,11.17,11.21,11.17,11.2,21110,23629835
20250113,10:55,000001,未知,11.21,11.22,11.2,11.22,15762,17674776
20250113,11:00,000001,未知,11.22,11.22,11.2,11.21,9866,11062101
20250113,11:05,000001,未知,11.21,11.21,11.18,11.18,9773,10940391
20250113,11:10,000001,未知,11.18,11.19,11.17,11.18,5711,6385754
20250113,11:15,000001,未知,11.19,11.2,11.18,11.18,6785,7592274
20250113,11:20,000001,未知,11.19,11.19,11.18,11.18,4577,5119976
20250113,11:25,000001,未知,11.19,11.19,11.16,11.17,11544,12898060
20250113,11:30,000001,未知,11.17,11.19,11.17,11.18,8486,9489091
20250113,13:05,000001,未知,11.18,11.2,11.17,11.18,14556,16283806
20250113,13:10,000001,未知,11.19,11.2,11.17,11.17,10423,11655029
20250113,13:15,000001,未知,11.18,11.19,11.17,11.17,5634,6297971
20250113,13:20,000001,未知,11.18,11.18,11.16,11.16,5725,6393936
20250113,13:25,000001,未知,11.17,11.18,11.16,11.18,13239,14788815
20250113,13:30,000001,未知,11.17,11.2,11.17,11.18,12437,13911529
20250113,13:35,000001,未知,11.18,11.19,11.17,11.18,8230,9203918
20250113,13:40,000001,未知,11.18,11.19,11.17,11.17,3920,4382861
20250113,13:45,000001,未知,11.17,11.18,11.16,11.16,5387,6016508
20250113,13:50,000001,未知,11.17,11.17,11.16,11.16,2918,3258149
20250113,13:55,000001,未知,11.16,11.18,11.15,11.17,7623,8511382
20250113,14:00,000001,未知,11.17,11.19,11.17,11.19,7800,8718963
20250113,14:05,000001,未知,11.19,11.19,11.17,11.18,10202,11410595
20250113,14:10,000001,未知,11.18,11.18,11.16,11.16,6386,7133257
20250113,14:15,000001,未知,11.17,11.17,11.15,11.16,8657,9662417
20250113,14:20,000001,未知,11.16,11.17,11.15,11.16,11107,12387054
20250113,14:25,000001,未知,11.16,11.16,11.15,11.16,6099,6804481
20250113,14:30,000001,未知,11.16,11.18,11.15,11.16,8043,8981008
20250113,14:35,000001,未知,11.17,11.18,11.16,11.18,16243,18148815
20250113,14:40,000001,未知,11.18,11.18,11.16,11.17,5814,6494234
20250113,14:45,000001,未知,11.16,11.19,11.15,11.18,17811,19890609
20250113,14:50,000001,未知,11.19,11.2,11.18,11.2,12347,13820625
20250113,14:55,000001,未知,11.2,11.2,11.18,11.19,8769,9814890
20250113,15:00,000001,未知,11.18,11.2,11.18,11.2,14855,16631936
20250114,09:35,000001,未知,11.2,11.26,11.2,11.25,40820,45836597
20250114,09:40,000001,未知,11.24,11.32,11.24,11.32,70074,79163848
20250114,09:45,000001,未知,11.33,11.35,11.31,11.32,42383,48010865
20250114,09:50,000001,未知,11.33,11.34,11.31,11.32,22671,25668628
20250114,09:55,000001,未知,11.32,11.33,11.3,11.3,11779,13329592
20250114,10:00,000001,未知,11.3,11.32,11.3,11.31,20481,23160867
20250114,10:05,000001,未知,11.31,11.32,11.29,11.3,14258,16127849
20250114,10:10,000001,未知,11.3,11.3,11.27,11.3,12232,13803279
20250114,10:15,000001,未知,11.3,11.32,11.29,11.32,10507,11874574
20250114,10:20,000001,未知,11.31,11.32,11.3,11.32,7793,8815391
20250114,10:25,000001,未知,11.32,11.34,11.31,11.34,17247,19529492
20250114,10:30,000001,未知,11.34,11.34,11.32,11.32,14873,16851680
20250114,10:35,000001,未知,11.32,11.33,11.29,11.3,14338,16212423
20250114,10:40,000001,未知,11.3,11.31,11.28,11.29,12375,13978828
20250114,10:45,000001,未知,11.28,11.29,11.27,11.29,16766,18911565
20250114,10:50,000001,未知,11.28,11.3,11.28,11.3,7956,8984453
20250114,10:55,000001,未知,11.3,11.32,11.3,11.32,10715,12114848
20250114,11:00,000001,未知,11.31,11.32,11.29,11.31,12073,13653244
20250114,11:05,000001,未知,11.3,11.32,11.3,11.32,9607,10868947
20250114,11:10,000001,未知,11.32,11.34,11.32,11.33,16846,19086006
20250114,11:15,000001,未知,11.33,11.35,11.33,11.34,19050,21604227
20250114,11:20,000001,未知,11.35,11.35,11.32,11.32,16702,18937924
20250114,11:25,000001,未知,11.33,11.34,11.32,11.33,11476,13002833
20250114,11:30,000001,未知,11.33,11.33,11.32,11.33,6368,7212810
20250114,13:05,000001,未知,11.33,11.34,11.32,11.33,13886,15731235
20250114,13:10,000001,未知,11.33,11.34,11.33,11.33,4837,5482233
20250114,13:15,000001,未知,11.33,11.35,11.33,11.35,12250,13891442
20250114,13:20,000001,未知,11.34,11.34,11.33,11.33,14054,15935039
20250114,13:25,000001,未知,11.34,11.34,11.32,11.32,11047,12522769
20250114,13:30,000001,未知,11.33,11.33,11.32,11.33,12267,13896198
20250114,13:35,000001,未知,11.33,11.34,11.32,11.33,8623,9772514
20250114,13:40,000001,未知,11.33,11.34,11.33,11.33,6970,7899406
20250114,13:45,000001,未知,11.33,11.35,11.33,11.34,11656,13217743
20250114,13:50,000001,未知,11.34,11.37,11.33,11.36,35757,40612363
20250114,13:55,000001,未知,11.35,11.37,11.34,11.36,13463,15289512
20250114,14:00,000001,未知,11.36,11.38,11.36,11.38,15125,17195976
20250114,14:05,000001,未知,11.37,11.4,11.37,11.4,32487,36986129
20250114,14:10,000001,未知,11.39,11.4,11.38,11.38,16196,18450384
20250114,14:15,000001,未知,11.38,11.39,11.37,11.39,15337,17452981
20250114,14:20,000001,未知,11.38,11.4,11.38,11.4,21055,23996223
20250114,14:25,000001,未知,11.4,11.4,11.38,11.38,10931,12453798
20250114,14:30,000001,未知,11.38,11.39,11.37,11.37,9464,10769663
20250114,14:35,000001,未知,11.37,11.38,11.37,11.37,14844,16886627
20250114,14:40,000001,未知,11.38,11.38,11.34,11.36,38354,43548295
20250114,14:45,000001,未知,11.36,11.38,11.36,11.38,10632,12088691
20250114,14:50,000001,未知,11.38,11.38,11.36,11.37,12121,13782607
20250114,14:55,000001,未知,11.38,11.39,11.37,11.38,19855,22590806
20250114,15:00,000001,未知,11.39,11.39,11.37,11.38,24028,27346683
20250115,09:35,000001,未知,11.38,11.46,11.37,11.44,65096,74305746
20250115,09:40,000001,未知,11.45,11.49,11.44,11.48,77355,88668549
20250115,09:45,000001,未知,11.48,11.54,11.46,11.52,127794,147069894
20250115,09:50,000001,未知,11.52,11.57,11.51,11.56,103814,119887062
20250115,09:55,000001,未知,11.56,11.58,11.55,11.55,55647,64348835
20250115,10:00,000001,未知,11.55,11.55,11.5,11.5,24632,28378491
20250115,10:05,000001,未知,11.51,11.51,11.49,11.51,38910,44757478
20250115,10:10,000001,未知,11.5,11.51,11.48,11.49,25650,29476471
20250115,10:15,000001,未知,11.49,11.5,11.47,11.47,13596,15613273
20250115,10:20,000001,未知,11.48,11.5,11.47,11.48,16971,19498039
20250115,10:25,000001,未知,11.48,11.49,11.46,11.49,36672,42059606
20250115,10:30,000001,未知,11.48,11.49,11.47,11.48,13086,15023317
20250115,10:35,000001,未知,11.47,11.48,11.46,11.47,10265,11772115
20250115,10:40,000001,未知,11.48,11.49,11.47,11.48,13574,15578553
20250115,10:45,000001,未知,11.48,11.49,11.47,11.47,9181,10533937
20250115,10:50,000001,未知,11.48,11.48,11.47,11.48,8657,9934887
20250115,10:55,000001,未知,11.48,11.5,11.48,11.49,14437,16596205
20250115,11:00,000001,未知,11.5,11.5,11.49,11.49,5608,6446304
20250115,11:05,000001,未知,11.5,11.5,11.49,11.5,4909,5643001
20250115,11:10,000001,未知,11.49,11.5,11.48,11.48,4689,5386268
20250115,11:15,000001,未知,11.48,11.49,11.47,11.47,7397,8491412
20250115,11:20,000001,未知,11.48,11.49,11.46,11.46,7516,8621016
20250115,11:25,000001,未知,11.47,11.48,11.45,11.45,13008,14903330
20250115,11:30,000001,未知,11.45,11.47,11.45,11.47,9549,10948389
20250115,13:05,000001,未知,11.46,11.48,11.46,11.47,16329,18718372
20250115,13:10,000001,未知,11.47,11.47,11.45,11.45,5980,6855640
20250115,13:15,000001,未知,11.45,11.47,11.45,11.46,5887,6748201
20250115,13:20,000001,未知,11.46,11.46,11.44,11.44,22300,25520749
20250115,13:25,000001,未知,11.44,11.47,11.44,11.47,8522,9767069
20250115,13:30,000001,未知,11.47,11.48,11.46,11.46,19187,22008561
20250115,13:35,000001,未知,11.47,11.47,11.46,11.46,10811,12392029
20250115,13:40,000001,未知,11.46,11.47,11.46,11.47,7195,8250187
20250115,13:45,000001,未知,11.47,11.47,11.46,11.46,6287,7208870
20250115,13:50,000001,未知,11.46,11.48,11.46,11.47,8088,9279922
20250115,13:55,000001,未知,11.47,11.49,11.47,11.48,12309,14130939
20250115,14:00,000001,未知,11.48,11.49,11.46,11.47,5704,6543604
20250115,14:05,000001,未知,11.46,11.48,11.46,11.47,15787,18108276
20250115,14:10,000001,未知,11.47,11.48,11.47,11.48,8199,9410175
20250115,14:15,000001,未知,11.47,11.49,11.47,11.47,11522,13229027
20250115,14:20,000001,未知,11.47,11.49,11.47,11.48,8401,9645448
20250115,14:25,000001,未知,11.49,11.5,11.48,11.48,15271,17543258
20250115,14:30,000001,未知,11.48,11.49,11.47,11.48,10817,12419556
20250115,14:35,000001,未知,11.48,11.5,11.47,11.49,15658,17991639
20250115,14:40,000001,未知,11.49,11.5,11.48,11.48,14467,16621102
20250115,14:45,000001,未知,11.48,11.49,11.48,11.48,11648,13375135
20250115,14:50,000001,未知,11.48,11.5,11.48,11.49,20736,23822586
20250115,14:55,000001,未知,11.49,11.51,11.48,11.5,45298,52074680
20250115,15:00,000001,未知,11.51,11.51,11.48,11.48,17215,19781884
20250116,09:35,000001,未知,11.55,11.55,11.5,11.52,54129,62395632
20250116,09:40,000001,未知,11.53,11.53,11.48,11.52,51559,59358901
20250116,09:45,000001,未知,11.51,11.52,11.48,11.52,41436,47665637
20250116,09:50,000001,未知,11.51,11.53,11.5,11.53,39051,44983768
20250116,09:55,000001,未知,11.53,11.55,11.52,11.53,20443,23572068
20250116,10:00,000001,未知,11.53,11.54,11.52,11.52,9381,10815286
20250116,10:05,000001,未知,11.53,11.56,11.52,11.54,44382,51237940
20250116,10:10,000001,未知,11.54,11.57,11.54,11.56,32079,37070080
20250116,10:15,000001,未知,11.55,11.56,11.55,11.56,11894,13741832
20250116,10:20,000001,未知,11.56,11.58,11.55,11.56,42334,48968035
20250116,10:25,000001,未知,11.56,11.59,11.56,11.58,51045,59125416
20250116,10:30,000001,未知,11.59,11.59,11.56,11.56,17814,20616075
20250116,10:35,000001,未知,11.57,11.58,11.56,11.56,22256,25759442
20250116,10:40,000001,未知,11.57,11.57,11.54,11.55,12043,13911130
20250116,10:45,000001,未知,11.55,11.56,11.54,11.55,10920,12610670
20250116,10:50,000001,未知,11.55,11.56,11.55,11.56,11585,13383823
20250116,10:55,000001,未知,11.56,11.56,11.55,11.55,7364,8509842
20250116,11:00,000001,未知,11.56,11.57,11.55,11.57,13997,16179253
20250116,11:05,000001,未知,11.56,11.57,11.55,11.56,8493,9817367
20250116,11:10,000001,未知,11.56,11.57,11.56,11.56,7965,9209526
20250116,11:15,000001,未知,11.56,11.57,11.56,11.56,14372,16620607
20250116,11:20,000001,未知,11.56,11.57,11.55,11.55,8882,10266270
20250116,11:25,000001,未知,11.56,11.57,11.55,11.57,16906,19540967
20250116,11:30,000001,未知,11.57,11.59,11.57,11.57,40089,46441301
20250116,13:05,000001,未知,11.57,11.58,11.55,11.55,15259,17647090
20250116,13:10,000001,未知,11.56,11.56,11.53,11.54,19222,22176171
20250116,13:15,000001,未知,11.53,11.54,11.5,11.51,38838,44728468
20250116,13:20,000001,未知,11.51,11.52,11.5,11.51,15746,18124987
20250116,13:25,000001,未知,11.51,11.52,11.51,11.51,5389,6203677
20250116,13:30,000001,未知,11.51,11.53,11.51,11.52,6789,7817758
20250116,13:35,000001,未知,11.52,11.52,11.51,11.52,10438,12021041
20250116,13:40,000001,未知,11.52,11.53,11.51,11.52,6554,7549681
20250116,13:45,000001,未知,11.52,11.55,11.52,11.54,15541,17928171
20250116,13:50,000001,未知,11.54,11.55,11.53,11.54,5213,6017073
20250116,13:55,000001,未知,11.55,11.55,11.52,11.54,6907,7967810
20250116,14:00,000001,未知,11.53,11.55,11.53,11.53,11138,12849829
20250116,14:05,000001,未知,11.53,11.54,11.52,11.53,8721,10052205
20250116,14:10,000001,未知,11.52,11.54,11.52,11.53,4117,4746131
20250116,14:15,000001,未知,11.53,11.54,11.52,11.53,5737,6612633
20250116,14:20,000001,未知,11.53,11.54,11.52,11.53,6543,7542696
20250116,14:25,000001,未知,11.52,11.54,11.52,11.53,8333,9610943
20250116,14:30,000001,未知,11.53,11.55,11.52,11.54,8295,9570441
20250116,14:35,000001,未知,11.53,11.55,11.53,11.54,10027,11569389
20250116,14:40,000001,未知,11.53,11.54,11.53,11.53,6575,7585153
20250116,14:45,000001,未知,11.54,11.55,11.53,11.55,6721,7756069
20250116,14:50,000001,未知,11.55,11.56,11.54,11.55,19485,22501483
20250116,14:55,000001,未知,11.56,11.57,11.55,11.56,24336,28137206
20250116,15:00,000001,未知,11.55,11.57,11.55,11.57,16621,19222852
20250117,09:35,000001,未知,11.53,11.55,11.46,11.47,61405,70614562
20250117,09:40,000001,未知,11.48,11.49,11.42,11.44,60842,69716110
20250117,09:45,000001,未知,11.45,11.46,11.43,11.46,24002,27463953
20250117,09:50,000001,未知,11.46,11.47,11.45,11.46,32954,37756389
20250117,09:55,000001,未知,11.46,11.49,11.46,11.47,16556,19001350
20250117,10:00,000001,未知,11.48,11.49,11.46,11.47,18237,20928240
20250117,10:05,000001,未知,11.47,11.53,11.47,11.53,27371,31461867
20250117,10:10,000001,未知,11.53,11.53,11.48,11.48,19379,22284610
20250117,10:15,000001,未知,11.48,11.5,11.47,11.49,12594,14460532
20250117,10:20,000001,未知,11.5,11.52,11.49,11.5,9165,10544169
20250117,10:25,000001,未知,11.51,11.52,11.5,11.5,11122,12797804
20250117,10:30,000001,未知,11.5,11.51,11.48,11.48,20460,23505529
20250117,10:35,000001,未知,11.48,11.51,11.48,11.48,15052,17299167
20250117,10:40,000001,未知,11.49,11.49,11.48,11.49,5540,6361511
20250117,10:45,000001,未知,11.48,11.49,11.47,11.47,11708,13436842
20250117,10:50,000001,未知,11.47,11.49,11.47,11.47,10621,12188663
20250117,10:55,000001,未知,11.48,11.48,11.47,11.47,5940,6816525
20250117,11:00,000001,未知,11.48,11.48,11.45,11.46,15780,18091124
20250117,11:05,000001,未知,11.46,11.48,11.45,11.47,12426,14244572
20250117,11:10,000001,未知,11.46,11.49,11.46,11.49,4253,4882819
20250117,11:15,000001,未知,11.48,11.49,11.48,11.48,3797,4361442
20250117,11:20,000001,未知,11.49,11.49,11.48,11.49,2774,3185944
20250117,11:25,000001,未知,11.48,11.49,11.47,11.47,6382,7329418
20250117,11:30,000001,未知,11.48,11.49,11.47,11.49,14844,17044736
20250117,13:05,000001,未知,11.49,11.49,11.43,11.45,52115,59685114
20250117,13:10,000001,未知,11.45,11.47,11.45,11.46,8389,9614329
20250117,13:15,000001,未知,11.46,11.47,11.46,11.46,5536,6348289
20250117,13:20,000001,未知,11.47,11.48,11.46,11.47,6721,7709084
20250117,13:25,000001,未知,11.48,11.48,11.47,11.48,3643,4179786
20250117,13:30,000001,未知,11.48,11.49,11.47,11.47,17199,19743629
20250117,13:35,000001,未知,11.47,11.48,11.47,11.47,7703,8840586
20250117,13:40,000001,未知,11.48,11.48,11.46,11.47,8556,9809333
20250117,13:45,000001,未知,11.46,11.47,11.44,11.44,16425,18807320
20250117,13:50,000001,未知,11.44,11.45,11.44,11.44,8132,9307757
20250117,13:55,000001,未知,11.44,11.47,11.44,11.45,6884,7887753
20250117,14:00,000001,未知,11.45,11.47,11.45,11.46,4309,4937138
20250117,14:05,000001,未知,11.45,11.46,11.45,11.45,7679,8794017
20250117,14:10,000001,未知,11.45,11.47,11.45,11.46,4382,5022129
20250117,14:15,000001,未知,11.46,11.47,11.45,11.47,8139,9328327
20250117,14:20,000001,未知,11.47,11.47,11.46,11.46,4055,4648934
20250117,14:25,000001,未知,11.47,11.47,11.46,11.46,10488,12023973
20250117,14:30,000001,未知,11.46,11.47,11.46,11.46,4398,5042038
20250117,14:35,000001,未知,11.46,11.47,11.46,11.47,10669,12235641
20250117,14:40,000001,未知,11.47,11.47,11.45,11.47,13361,15313217
20250117,14:45,000001,未知,11.47,11.47,11.45,11.45,7553,8651813
20250117,14:50,000001,未知,11.46,11.46,11.45,11.46,10331,11831736
20250117,14:55,000001,未知,11.46,11.46,11.45,11.46,19842,22722718
20250117,15:00,000001,未知,11.46,11.47,11.45,11.45,20052,22962902
20250120,09:35,000001,未知,11.5,11.51,11.44,11.47,73609,84455289
20250120,09:40,000001,未知,11.47,11.48,11.43,11.43,47091,53904688
20250120,09:45,000001,未知,11.43,11.49,11.42,11.49,31622,36224363
20250120,09:50,000001,未知,11.48,11.52,11.47,11.51,39409,45295946
20250120,09:55,000001,未知,11.51,11.52,11.48,11.48,29353,33765513
20250120,10:00,000001,未知,11.48,11.49,11.47,11.48,16967,19473594
20250120,10:05,000001,未知,11.47,11.47,11.45,11.46,29639,33956933
20250120,10:10,000001,未知,11.47,11.47,11.45,11.47,18245,20911277
20250120,10:15,000001,未知,11.47,11.47,11.45,11.47,13184,15110103
20250120,10:20,000001,未知,11.47,11.47,11.45,11.46,7984,9149281
20250120,10:25,000001,未知,11.45,11.46,11.44,11.44,29531,33802955
20250120,10:30,000001,未知,11.45,11.47,11.44,11.47,28468,32615597
20250120,10:35,000001,未知,11.47,11.49,11.46,11.48,15281,17541822
20250120,10:40,000001,未知,11.48,11.49,11.46,11.49,16513,18946856
20250120,10:45,000001,未知,11.49,11.49,11.48,11.49,16185,18589786
20250120,10:50,000001,未知,11.49,11.49,11.47,11.48,7722,8861731
20250120,10:55,000001,未知,11.47,11.48,11.45,11.45,9605,11008288
20250120,11:00,000001,未知,11.46,11.46,11.45,11.45,7193,8241418
20250120,11:05,000001,未知,11.45,11.47,11.45,11.45,12892,14777130
20250120,11:10,000001,未知,11.45,11.47,11.45,11.47,7873,9022035
20250120,11:15,000001,未知,11.46,11.47,11.45,11.46,9606,11007586
20250120,11:20,000001,未知,11.45,11.46,11.45,11.46,5299,6070349
20250120,11:25,000001,未知,11.45,11.47,11.45,11.45,7838,8980206
20250120,11:30,000001,未知,11.45,11.47,11.45,11.47,6421,7357235
20250120,13:05,000001,未知,11.46,11.47,11.44,11.44,39839,45609166
20250120,13:10,000001,未知,11.44,11.45,11.44,11.45,11075,12672819
20250120,13:15,000001,未知,11.44,11.47,11.44,11.45,15914,18237389
20250120,13:20,000001,未知,11.45,11.46,11.45,11.45,7634,8742262
20250120,13:25,000001,未知,11.45,11.46,11.45,11.46,4495,5148497
20250120,13:30,000001,未知,11.45,11.46,11.44,11.45,14153,16209103
20250120,13:35,000001,未知,11.45,11.46,11.44,11.46,11483,13155985
20250120,13:40,000001,未知,11.46,11.47,11.45,11.47,7850,8996077
20250120,13:45,000001,未知,11.46,11.47,11.46,11.46,5584,6400424
20250120,13:50,000001,未知,11.46,11.47,11.45,11.46,8959,10263159
20250120,13:55,000001,未知,11.45,11.46,11.44,11.45,15361,17585158
20250120,14:00,000001,未知,11.44,11.45,11.44,11.44,5782,6616238
20250120,14:05,000001,未知,11.44,11.45,11.43,11.44,26204,29986807
20250120,14:10,000001,未知,11.43,11.44,11.43,11.43,9933,11357221
20250120,14:15,000001,未知,11.44,11.44,11.42,11.43,24079,27510419
20250120,14:20,000001,未知,11.42,11.44,11.42,11.42,16681,19057340
20250120,14:25,000001,未知,11.43,11.44,11.42,11.43,8444,9648458
20250120,14:30,000001,未知,11.43,11.44,11.43,11.44,6317,7224088
20250120,14:35,000001,未知,11.44,11.44,11.42,11.42,10102,11548775
20250120,14:40,000001,未知,11.43,11.43,11.41,11.41,22095,25231906
20250120,14:45,000001,未知,11.42,11.42,11.4,11.41,23511,26829926
20250120,14:50,000001,未知,11.42,11.42,11.41,11.42,7993,9124738
20250120,14:55,000001,未知,11.42,11.43,11.41,11.43,19517,22279337
20250120,15:00,000001,未知,11.43,11.43,11.41,11.42,21494,24544206
20250121,09:35,000001,未知,11.45,11.45,11.37,11.38,94441,107756199
20250121,09:40,000001,未知,11.38,11.38,11.33,11.36,65034,73825504
20250121,09:45,000001,未知,11.36,11.38,11.36,11.37,27494,31265484
20250121,09:50,000001,未知,11.37,11.4,11.36,11.37,25346,28860541
20250121,09:55,000001,未知,11.38,11.38,11.34,11.35,37055,42056351
20250121,10:00,000001,未知,11.35,11.36,11.34,11.34,26705,30309527
20250121,10:05,000001,未知,11.34,11.42,11.34,11.41,40048,45628824
20250121,10:10,000001,未知,11.41,11.44,11.4,11.42,22750,25986325
20250121,10:15,000001,未知,11.41,11.43,11.4,11.41,15100,17232743
20250121,10:20,000001,未知,11.41,11.41,11.39,11.39,8929,10177784
20250121,10:25,000001,未知,11.39,11.39,11.37,11.39,13064,14869916
20250121,10:30,000001,未知,11.39,11.41,11.38,11.4,11187,12746917
20250121,10:35,000001,未知,11.4,11.4,11.37,11.38,24131,27470411
20250121,10:40,000001,未知,11.38,11.38,11.36,11.37,13583,15446417
20250121,10:45,000001,未知,11.36,11.37,11.35,11.36,14363,16315816
20250121,10:50,000001,未知,11.36,11.37,11.35,11.36,9442,10727359
20250121,10:55,000001,未知,11.35,11.36,11.35,11.35,10066,11426521
20250121,11:00,000001,未知,11.35,11.35,11.33,11.34,29634,33610307
20250121,11:05,000001,未知,11.33,11.34,11.32,11.34,42298,47919234
20250121,11:10,000001,未知,11.33,11.34,11.33,11.34,11443,12973397
20250121,11:15,000001,未知,11.34,11.35,11.33,11.34,12315,13968125
20250121,11:20,000001,未知,11.34,11.36,11.33,11.35,16055,18214494
20250121,11:25,000001,未知,11.36,11.38,11.35,11.37,18959,21547290
20250121,11:30,000001,未知,11.37,11.39,11.36,11.38,12134,13803069
20250121,13:05,000001,未知,11.38,11.38,11.35,11.35,14858,16884945
20250121,13:10,000001,未知,11.35,11.36,11.35,11.35,6461,7335338
20250121,13:15,000001,未知,11.35,11.36,11.34,11.34,9326,10584672
20250121,13:20,000001,未知,11.34,11.36,11.34,11.35,10521,11944038
20250121,13:25,000001,未知,11.35,11.36,11.34,11.35,3938,4469833
20250121,13:30,000001,未知,11.36,11.36,11.35,11.35,5979,6788044
20250121,13:35,000001,未知,11.35,11.36,11.34,11.35,10107,11470739
20250121,13:40,000001,未知,11.35,11.36,11.34,11.34,7574,8593556
20250121,13:45,000001,未知,11.35,11.35,11.34,11.34,5604,6356466
20250121,13:50,000001,未知,11.34,11.35,11.34,11.34,7133,8091716
20250121,13:55,000001,未知,11.34,11.35,11.34,11.35,9056,10275942
20250121,14:00,000001,未知,11.35,11.35,11.34,11.35,6895,7821745
20250121,14:05,000001,未知,11.34,11.35,11.33,11.35,14776,16754579
20250121,14:10,000001,未知,11.34,11.35,11.34,11.35,13226,15006728
20250121,14:15,000001,未知,11.34,11.35,11.34,11.34,7759,8802577
20250121,14:20,000001,未知,11.34,11.35,11.34,11.34,11453,12992209
20250121,14:25,000001,未知,11.35,11.35,11.33,11.34,8505,9644252
20250121,14:30,000001,未知,11.34,11.35,11.33,11.33,10041,11386088
20250121,14:35,000001,未知,11.34,11.34,11.32,11.34,30478,34533367
20250121,14:40,000001,未知,11.33,11.34,11.33,11.34,7970,9035244
20250121,14:45,000001,未知,11.34,11.35,11.33,11.34,17361,19684945
20250121,14:50,000001,未知,11.33,11.34,11.33,11.33,7884,8937910
20250121,14:55,000001,未知,11.34,11.34,11.32,11.33,47981,54362642
20250121,15:00,000001,未知,11.33,11.34,11.32,11.33,25607,29014672
20250122,09:35,000001,未知,11.32,11.33,11.28,11.28,55498,62729724
20250122,09:40,000001,未知,11.29,11.31,11.28,11.3,26631,30070124
20250122,09:45,000001,未知,11.3,11.31,11.26,11.26,34680,39127641
20250122,09:50,000001,未知,11.27,11.28,11.25,11.25,39650,44660175
20250122,09:55,000001,未知,11.26,11.27,11.24,11.24,30791,34641259
20250122,10:00,000001,未知,11.24,11.25,11.23,11.24,31908,35861037
20250122,10:05,000001,未知,11.24,11.24,11.21,11.21,52502,58912466
20250122,10:10,000001,未知,11.21,11.22,11.2,11.21,35429,39715168
20250122,10:15,000001,未知,11.21,11.22,11.2,11.21,22115,24786873
20250122,10:20,000001,未知,11.21,11.23,11.21,11.22,23706,26591517
20250122,10:25,000001,未知,11.22,11.22,11.21,11.21,16142,18102141
20250122,10:30,000001,未知,11.21,11.22,11.2,11.2,21326,23904234
20250122,10:35,000001,未知,11.21,11.22,11.2,11.2,18836,21107163
20250122,10:40,000001,未知,11.21,11.22,11.2,11.2,23545,26391176
20250122,10:45,000001,未知,11.2,11.21,11.2,11.21,12118,13582764
20250122,10:50,000001,未知,11.2,11.22,11.2,11.21,12184,13656770
20250122,10:55,000001,未知,11.22,11.22,11.2,11.22,11794,13224117
20250122,11:00,000001,未知,11.22,11.23,11.21,11.22,11062,12408721
20250122,11:05,000001,未知,11.22,11.23,11.21,11.21,11773,13205228
20250122,11:10,000001,未知,11.22,11.22,11.19,11.2,45038,50445406
20250122,11:15,000001,未知,11.19,11.2,11.18,11.19,13726,15359206
20250122,11:20,000001,未知,11.19,11.19,11.18,11.19,12580,14071830
20250122,11:25,000001,未知,11.18,11.19,11.16,11.17,38238,42720507
20250122,11:30,000001,未知,11.16,11.17,11.14,11.15,65721,73304121
20250122,13:05,000001,未知,11.15,11.16,11.13,11.14,58944,65716338
20250122,13:10,000001,未知,11.14,11.16,11.14,11.15,14846,16554872
20250122,13:15,000001,未知,11.15,11.16,11.14,11.14,12527,13963703
20250122,13:20,000001,未知,11.15,11.15,11.13,11.14,20696,23068324
20250122,13:25,000001,未知,11.14,11.15,11.13,11.14,13772,15337881
20250122,13:30,000001,未知,11.14,11.14,11.13,11.14,10082,11227504
20250122,13:35,000001,未知,11.13,11.14,11.13,11.14,15202,16931228
20250122,13:40,000001,未知,11.14,11.15,11.13,11.14,18660,20786362
20250122,13:45,000001,未知,11.14,11.14,11.12,11.14,44338,49349232
20250122,13:50,000001,未知,11.14,11.14,11.13,11.14,13836,15405097
20250122,13:55,000001,未知,11.14,11.14,11.13,11.13,17405,19381875
20250122,14:00,000001,未知,11.13,11.13,11.1,11.11,72137,80175739
20250122,14:05,000001,未知,11.11,11.13,11.11,11.12,31518,35039836
20250122,14:10,000001,未知,11.12,11.13,11.09,11.1,81351,90331107
20250122,14:15,000001,未知,11.1,11.12,11.09,11.12,27039,30028095
20250122,14:20,000001,未知,11.11,11.12,11.1,11.1,11186,12426924
20250122,14:25,000001,未知,11.1,11.11,11.1,11.11,11318,12572946
20250122,14:30,000001,未知,11.1,11.12,11.1,11.12,8168,9078826
20250122,14:35,000001,未知,11.12,11.13,11.11,11.12,17773,19762364
20250122,14:40,000001,未知,11.12,11.14,11.11,11.12,35949,39966482
20250122,14:45,000001,未知,11.12,11.13,11.12,11.12,6203,6902397
20250122,14:50,000001,未知,11.12,11.13,11.12,11.12,15990,17791719
20250122,14:55,000001,未知,11.13,11.13,11.09,11.09,94268,104633052
20250122,15:00,000001,未知,11.09,11.1,11.09,11.09,26928,29870792
20250123,09:35,000001,未知,11.17,11.28,11.17,11.25,203994,229286418
20250123,09:40,000001,未知,11.26,11.38,11.26,11.37,194862,220820390
20250123,09:45,000001,未知,11.37,11.38,11.32,11.32,96016,109021811
20250123,09:50,000001,未知,11.33,11.33,11.3,11.3,55778,63088719
20250123,09:55,000001,未知,11.3,11.31,11.26,11.27,43603,49197524
20250123,10:00,000001,未知,11.27,11.28,11.25,11.26,36806,41467862
20250123,10:05,000001,未知,11.26,11.29,11.25,11.28,30277,34131353
20250123,10:10,000001,未知,11.27,11.29,11.25,11.28,21080,23752437
20250123,10:15,000001,未知,11.28,11.3,11.27,11.3,20162,22767304
20250123,10:20,000001,未知,11.3,11.32,11.29,11.31,31237,35304935
20250123,10:25,000001,未知,11.3,11.35,11.3,11.34,41790,47371983
20250123,10:30,000001,未知,11.33,11.36,11.33,11.35,38514,43702427
20250123,10:35,000001,未知,11.36,11.37,11.33,11.35,27011,30667077
20250123,10:40,000001,未知,11.34,11.35,11.34,11.34,16152,18323286
20250123,10:45,000001,未知,11.34,11.34,11.32,11.33,5144,5828825
20250123,10:50,000001,未知,11.32,11.34,11.32,11.32,13160,14906228
20250123,10:55,000001,未知,11.32,11.35,11.32,11.34,20101,22780484
20250123,11:00,000001,未知,11.34,11.35,11.33,11.35,18641,21146271
20250123,11:05,000001,未知,11.35,11.36,11.34,11.35,30123,34203714
20250123,11:10,000001,未知,11.35,11.36,11.34,11.35,16767,19039861
20250123,11:15,000001,未知,11.35,11.36,11.31,11.32,16508,18709574
20250123,11:20,000001,未知,11.31,11.32,11.29,11.3,15689,17732806
20250123,11:25,000001,未知,11.3,11.33,11.29,11.31,13923,15755314
20250123,11:30,000001,未知,11.31,11.34,11.31,11.34,13987,15841286
20250123,13:05,000001,未知,11.34,11.38,11.33,11.37,85252,96898609
20250123,13:10,000001,未知,11.37,11.4,11.37,11.39,80520,91655288
20250123,13:15,000001,未知,11.39,11.4,11.38,11.38,20276,23093991
20250123,13:20,000001,未知,11.38,11.4,11.38,11.39,24894,28354123
20250123,13:25,000001,未知,11.39,11.39,11.37,11.37,15853,18044697
20250123,13:30,000001,未知,11.37,11.37,11.34,11.34,14970,16989168
20250123,13:35,000001,未知,11.34,11.35,11.33,11.35,12084,13701102
20250123,13:40,000001,未知,11.34,11.35,11.33,11.34,15279,17330798
20250123,13:45,000001,未知,11.34,11.35,11.33,11.34,9316,10568745
20250123,13:50,000001,未知,11.33,11.36,11.33,11.36,10186,11560297
20250123,13:55,000001,未知,11.35,11.36,11.34,11.35,8358,9487905
20250123,14:00,000001,未知,11.35,11.35,11.33,11.34,11617,13173175
20250123,14:05,000001,未知,11.34,11.35,11.33,11.34,15332,17390241
20250123,14:10,000001,未知,11.33,11.35,11.33,11.33,7486,8488854
20250123,14:15,000001,未知,11.34,11.35,11.33,11.34,9030,10237156
20250123,14:20,000001,未知,11.33,11.33,11.31,11.32,15551,17609157
20250123,14:25,000001,未知,11.32,11.33,11.31,11.31,13263,15006805
20250123,14:30,000001,未知,11.31,11.32,11.31,11.31,12911,14603241
20250123,14:35,000001,未知,11.31,11.34,11.31,11.34,18657,21129176
20250123,14:40,000001,未知,11.34,11.35,11.32,11.33,18422,20890046
20250123,14:45,000001,未知,11.32,11.34,11.32,11.33,14384,16295620
20250123,14:50,000001,未知,11.33,11.34,11.33,11.34,19062,21604150
20250123,14:55,000001,未知,11.33,11.34,11.33,11.34,18050,20461379
20250123,15:00,000001,未知,11.33,11.33,11.32,11.32,22842,25865686
20250124,09:35,000001,未知,11.32,11.32,11.23,11.25,121849,137178343
20250124,09:40,000001,未知,11.25,11.29,11.25,11.27,41548,46814260
20250124,09:45,000001,未知,11.27,11.28,11.25,11.26,33461,37686882
20250124,09:50,000001,未知,11.26,11.27,11.24,11.27,26679,30009668
20250124,09:55,000001,未知,11.27,11.3,11.26,11.29,24361,27493616
20250124,10:00,000001,未知,11.29,11.34,11.28,11.34,34244,38744235
20250124,10:05,000001,未知,11.35,11.37,11.33,11.37,55534,63052115
20250124,10:10,000001,未知,11.37,11.37,11.33,11.33,27767,31533767
20250124,10:15,000001,未知,11.33,11.37,11.33,11.37,21858,24816954
20250124,10:20,000001,未知,11.37,11.39,11.36,11.38,37113,42238230
20250124,10:25,000001,未知,11.38,11.38,11.36,11.37,19448,22116587
20250124,10:30,000001,未知,11.37,11.38,11.35,11.36,24697,28088258
20250124,10:35,000001,未知,11.36,11.36,11.32,11.36,21877,24806054
20250124,10:40,000001,未知,11.35,11.36,11.33,11.35,15539,17628841
20250124,10:45,000001,未知,11.35,11.36,11.31,11.32,23185,26255645
20250124,10:50,000001,未知,11.33,11.34,11.31,11.32,13862,15700600
20250124,10:55,000001,未知,11.33,11.35,11.31,11.34,13547,15347282
20250124,11:00,000001,未知,11.34,11.35,11.33,11.34,10391,11787104
20250124,11:05,000001,未知,11.34,11.35,11.33,11.33,12337,13992767
20250124,11:10,000001,未知,11.34,11.34,11.33,11.33,4636,5254581
20250124,11:15,000001,未知,11.33,11.34,11.3,11.31,33656,38095585
20250124,11:20,000001,未知,11.31,11.33,11.3,11.32,21812,24677629
20250124,11:25,000001,未知,11.32,11.34,11.32,11.33,20359,23068058
20250124,11:30,000001,未知,11.34,11.35,11.33,11.34,13386,15182671
20250124,13:05,000001,未知,11.33,11.35,11.32,11.34,15718,17814395
20250124,13:10,000001,未知,11.34,11.36,11.34,11.36,15546,17652069
20250124,13:15,000001,未知,11.35,11.37,11.35,11.36,11803,13411649
20250124,13:20,000001,未知,11.37,11.37,11.35,11.35,9147,10393481
20250124,13:25,000001,未知,11.35,11.36,11.34,11.34,7387,8385040
20250124,13:30,000001,未知,11.34,11.35,11.33,11.34,8047,9125852
20250124,13:35,000001,未知,11.34,11.35,11.33,11.33,11843,13427088
20250124,13:40,000001,未知,11.33,11.34,11.33,11.33,6666,7554321
20250124,13:45,000001,未知,11.33,11.35,11.33,11.34,8341,9454415
20250124,13:50,000001,未知,11.34,11.35,11.33,11.34,7264,8233573
20250124,13:55,000001,未知,11.34,11.35,11.33,11.35,6364,7216970
20250124,14:00,000001,未知,11.35,11.35,11.34,11.34,6009,6815865
20250124,14:05,000001,未知,11.34,11.35,11.33,11.34,10994,12470322
20250124,14:10,000001,未知,11.35,11.35,11.33,11.34,8877,10067534
20250124,14:15,000001,未知,11.34,11.35,11.33,11.34,13654,15484886
20250124,14:20,000001,未知,11.33,11.34,11.33,11.34,6670,7559504
20250124,14:25,000001,未知,11.33,11.36,11.33,11.35,12895,14628564
20250124,14:30,000001,未知,11.35,11.36,11.34,11.34,6769,7681009
20250124,14:35,000001,未知,11.34,11.36,11.34,11.35,6765,7676048
20250124,14:40,000001,未知,11.35,11.36,11.34,11.34,10465,11872412
20250124,14:45,000001,未知,11.34,11.36,11.34,11.34,14732,16719900
20250124,14:50,000001,未知,11.35,11.35,11.34,11.35,15161,17202578
20250124,14:55,000001,未知,11.35,11.35,11.34,11.35,21265,24128275
20250124,15:00,000001,未知,11.35,11.36,11.34,11.34,29416,33369276
20250127,09:35,000001,未知,11.38,11.53,11.38,11.53,218497,250735233
20250127,09:40,000001,未知,11.53,11.55,11.49,11.49,104219,120087226
20250127,09:45,000001,未知,11.49,11.51,11.48,11.5,48289,55509947
20250127,09:50,000001,未知,11.51,11.51,11.49,11.5,32403,37280576
20250127,09:55,000001,未知,11.51,11.52,11.5,11.5,35403,40747496
20250127,10:00,000001,未知,11.5,11.51,11.48,11.5,27504,31615188
20250127,10:05,000001,未知,11.49,11.51,11.49,11.5,23994,27605389
20250127,10:10,000001,未知,11.5,11.52,11.5,11.51,23386,26918512
20250127,10:15,000001,未知,11.52,11.52,11.5,11.51,12340,14202294
20250127,10:20,000001,未知,11.51,11.51,11.49,11.5,26239,30180901
20250127,10:25,000001,未知,11.49,11.5,11.48,11.5,16521,18988077
20250127,10:30,000001,未知,11.49,11.5,11.48,11.48,15812,18169331
20250127,10:35,000001,未知,11.48,11.5,11.48,11.49,16701,19198469
20250127,10:40,000001,未知,11.49,11.51,11.48,11.5,15808,18174747
20250127,10:45,000001,未知,11.5,11.5,11.48,11.5,4775,5487135
20250127,10:50,000001,未知,11.49,11.5,11.49,11.49,5919,6803270
20250127,10:55,000001,未知,11.49,11.5,11.49,11.5,14348,16496024
20250127,11:00,000001,未知,11.5,11.5,11.48,11.49,11301,12985072
20250127,11:05,000001,未知,11.49,11.51,11.48,11.51,28284,32514442
20250127,11:10,000001,未知,11.51,11.52,11.5,11.51,25643,29522308
20250127,11:15,000001,未知,11.51,11.53,11.51,11.53,27939,32175205
20250127,11:20,000001,未知,11.53,11.53,11.49,11.5,18727,21557464
20250127,11:25,000001,未知,11.49,11.51,11.49,11.51,10992,12642858
20250127,11:30,000001,未知,11.51,11.53,11.51,11.52,17539,20206171
20250127,13:05,000001,未知,11.52,11.53,11.51,11.53,23950,27591520
20250127,13:10,000001,未知,11.52,11.53,11.5,11.51,11049,12719905
20250127,13:15,000001,未知,11.5,11.51,11.48,11.5,19551,22468660
20250127,13:20,000001,未知,11.5,11.5,11.49,11.5,7846,9021139
20250127,13:25,000001,未知,11.5,11.5,11.49,11.5,6164,7084525
20250127,13:30,000001,未知,11.49,11.51,11.49,11.51,13388,15396571
20250127,13:35,000001,未知,11.5,11.51,11.49,11.5,5638,6482858
20250127,13:40,000001,未知,11.5,11.5,11.49,11.5,7710,8863273
20250127,13:45,000001,未知,11.5,11.5,11.49,11.49,10085,11595509
20250127,13:50,000001,未知,11.49,11.5,11.49,11.49,11356,13056064
20250127,13:55,000001,未知,11.49,11.5,11.49,11.5,7492,8612101
20250127,14:00,000001,未知,11.5,11.5,11.49,11.5,9459,10873905
20250127,14:05,000001,未知,11.5,11.5,11.49,11.5,23394,26900514
20250127,14:10,000001,未知,11.49,11.5,11.49,11.5,12744,14653115
20250127,14:15,000001,未知,11.5,11.5,11.49,11.5,27753,31896948
20250127,14:20,000001,未知,11.5,11.51,11.49,11.5,16845,19371692
20250127,14:25,000001,未知,11.5,11.51,11.49,11.5,9700,11154003
20250127,14:30,000001,未知,11.5,11.5,11.49,11.5,7003,8051762
20250127,14:35,000001,未知,11.5,11.5,11.49,11.5,9847,11321516
20250127,14:40,000001,未知,11.49,11.5,11.49,11.49,17130,19688524
20250127,14:45,000001,未知,11.49,11.5,11.47,11.47,28830,33093806
20250127,14:50,000001,未知,11.47,11.48,11.47,11.48,19050,21857625
20250127,14:55,000001,未知,11.48,11.48,11.46,11.47,26919,30877190
20250127,15:00,000001,未知,11.47,11.48,11.46,11.47,36449,41803691
20250205,09:35,000001,未知,11.5,11.51,11.4,11.45,103833,118953001
20250205,09:40,000001,未知,11.45,11.45,11.41,11.43,53481,61095049
20250205,09:45,000001,未知,11.42,11.44,11.41,11.44,27008,30857042
20250205,09:50,000001,未知,11.44,11.44,11.42,11.43,24534,28035653
20250205,09:55,000001,未知,11.43,11.43,11.41,11.43,27471,31374825
20250205,10:00,000001,未知,11.43,11.44,11.42,11.44,21355,24406810
20250205,10:05,000001,未知,11.44,11.44,11.41,11.42,22440,25618594
20250205,10:10,000001,未知,11.41,11.42,11.39,11.41,29531,33677626
20250205,10:15,000001,未知,11.41,11.43,11.4,11.43,15672,17890614
20250205,10:20,000001,未知,11.43,11.43,11.41,11.43,13728,15676584
20250205,10:25,000001,未知,11.43,11.44,11.42,11.42,9844,11255057
20250205,10:30,000001,未知,11.43,11.44,11.42,11.43,8261,9441994
20250205,10:35,000001,未知,11.42,11.43,11.4,11.41,21233,24236328
20250205,10:40,000001,未知,11.41,11.42,11.4,11.42,16263,18562618
20250205,10:45,000001,未知,11.42,11.42,11.39,11.4,22854,26050877
20250205,10:50,000001,未知,11.4,11.41,11.39,11.4,19371,22075872
20250205,10:55,000001,未知,11.4,11.4,11.39,11.4,10543,12011955
20250205,11:00,000001,未知,11.4,11.4,11.39,11.4,15671,17853084
20250205,11:05,000001,未知,11.41,11.41,11.38,11.38,22798,25961878
20250205,11:10,000001,未知,11.39,11.39,11.37,11.38,14202,16155406
20250205,11:15,000001,未知,11.38,11.38,11.36,11.36,14057,15982244
20250205,11:20,000001,未知,11.37,11.38,11.36,11.38,13279,15101146
20250205,11:25,000001,未知,11.38,11.38,11.36,11.37,15704,17856134
20250205,11:30,000001,未知,11.37,11.38,11.36,11.37,11438,12999833
20250205,13:05,000001,未知,11.37,11.37,11.35,11.35,47017,53403751
20250205,13:10,000001,未知,11.35,11.36,11.34,11.36,11162,12668168
20250205,13:15,000001,未知,11.35,11.37,11.35,11.36,10492,11923192
20250205,13:20,000001,未知,11.36,11.37,11.35,11.35,7234,8220241
20250205,13:25,000001,未知,11.36,11.37,11.34,11.35,28298,32144183
20250205,13:30,000001,未知,11.36,11.37,11.35,11.36,6275,7127726
20250205,13:35,000001,未知,11.37,11.37,11.35,11.37,7014,7968593
20250205,13:40,000001,未知,11.37,11.37,11.35,11.35,6273,7126473
20250205,13:45,000001,未知,11.35,11.36,11.35,11.35,5708,6482174
20250205,13:50,000001,未知,11.35,11.36,11.34,11.35,15412,17495897
20250205,13:55,000001,未知,11.35,11.36,11.34,11.36,11343,12873487
20250205,14:00,000001,未知,11.35,11.36,11.34,11.36,7787,8839527
20250205,14:05,000001,未知,11.35,11.35,11.33,11.35,22326,25323738
20250205,14:10,000001,未知,11.35,11.36,11.34,11.35,6179,7013974
20250205,14:15,000001,未知,11.36,11.36,11.35,11.35,4528,5141579
20250205,14:20,000001,未知,11.35,11.37,11.35,11.37,6992,7945443
20250205,14:25,000001,未知,11.37,11.38,11.37,11.37,7503,8534792
20250205,14:30,000001,未知,11.37,11.38,11.37,11.37,7129,8108600
20250205,14:35,000001,未知,11.38,11.38,11.35,11.35,13527,15369224
20250205,14:40,000001,未知,11.35,11.37,11.34,11.36,12402,14080028
20250205,14:45,000001,未知,11.37,11.38,11.36,11.37,7507,8532728
20250205,14:50,000001,未知,11.38,11.38,11.36,11.36,8596,9768703
20250205,14:55,000001,未知,11.37,11.37,11.35,11.37,12773,14513728
20250205,15:00,000001,未知,11.36,11.37,11.36,11.37,15386,17490997
20250206,09:35,000001,未知,11.35,11.45,11.35,11.41,80744,92119571
20250206,09:40,000001,未知,11.41,11.41,11.39,11.4,23809,27144313
20250206,09:45,000001,未知,11.4,11.4,11.37,11.39,21241,24181889
20250206,09:50,000001,未知,11.38,11.39,11.35,11.36,30635,34818549
20250206,09:55,000001,未知,11.36,11.36,11.33,11.33,28724,32595915
20250206,10:00,000001,未知,11.34,11.35,11.33,11.34,33382,37833168
20250206,10:05,000001,未知,11.33,11.34,11.32,11.33,20202,22879706
20250206,10:10,000001,未知,11.32,11.34,11.31,11.34,26800,30339316
20250206,10:15,000001,未知,11.33,11.35,11.32,11.33,10116,11466873
20250206,10:20,000001,未知,11.33,11.34,11.32,11.33,17640,19990328
20250206,10:25,000001,未知,11.33,11.33,11.31,11.32,19863,22489133
20250206,10:30,000001,未知,11.32,11.32,11.3,11.32,24785,28029451
20250206,10:35,000001,未知,11.31,11.33,11.31,11.33,18785,21267761
20250206,10:40,000001,未知,11.33,11.35,11.33,11.35,32012,36304714
20250206,10:45,000001,未知,11.35,11.35,11.32,11.33,18841,21352133
20250206,10:50,000001,未知,11.33,11.34,11.32,11.34,14565,16502811
20250206,10:55,000001,未知,11.34,11.37,11.33,11.37,16276,18472237
20250206,11:00,000001,未知,11.37,11.4,11.36,11.39,30690,34915615
20250206,11:05,000001,未知,11.39,11.4,11.38,11.39,36455,41520412
20250206,11:10,000001,未知,11.39,11.39,11.36,11.36,14889,16938479
20250206,11:15,000001,未知,11.36,11.37,11.34,11.35,20873,23698174
20250206,11:20,000001,未知,11.36,11.37,11.35,11.36,9500,10788461
20250206,11:25,000001,未知,11.36,11.36,11.34,11.34,12305,13966619
20250206,11:30,000001,未知,11.35,11.35,11.33,11.34,9657,10952725
20250206,13:05,000001,未知,11.34,11.35,11.33,11.35,9960,11291126
20250206,13:10,000001,未知,11.34,11.35,11.33,11.34,8194,9291757
20250206,13:15,000001,未知,11.35,11.35,11.34,11.35,6675,7574374
20250206,13:20,000001,未知,11.34,11.35,11.33,11.35,14589,16547258
20250206,13:25,000001,未知,11.35,11.35,11.33,11.33,7885,8941373
20250206,13:30,000001,未知,11.33,11.34,11.33,11.33,9506,10772630
20250206,13:35,000001,未知,11.34,11.34,11.32,11.33,24098,27293222
20250206,13:40,000001,未知,11.33,11.34,11.32,11.32,13708,15528463
20250206,13:45,000001,未知,11.33,11.33,11.32,11.32,6773,7669381
20250206,13:50,000001,未知,11.33,11.34,11.32,11.33,16723,18945798
20250206,13:55,000001,未知,11.33,11.34,11.33,11.33,10948,12409208
20250206,14:00,000001,未知,11.34,11.35,11.33,11.35,18965,21505842
20250206,14:05,000001,未知,11.35,11.35,11.34,11.34,14450,16393009
20250206,14:10,000001,未知,11.34,11.35,11.34,11.34,10318,11703140
20250206,14:15,000001,未知,11.34,11.35,11.34,11.34,8696,9863359
20250206,14:20,000001,未知,11.34,11.35,11.33,11.34,17677,20045728
20250206,14:25,000001,未知,11.33,11.35,11.33,11.34,12646,14335962
20250206,14:30,000001,未知,11.34,11.35,11.34,11.35,12616,14309809
20250206,14:35,000001,未知,11.35,11.36,11.34,11.36,18613,21130094
20250206,14:40,000001,未知,11.36,11.36,11.35,11.35,22707,25784457
20250206,14:45,000001,未知,11.36,11.36,11.34,11.35,31776,36063945
20250206,14:50,000001,未知,11.35,11.36,11.34,11.36,17774,20174266
20250206,14:55,000001,未知,11.36,11.36,11.35,11.36,40663,46177770
20250206,15:00,000001,未知,11.36,11.37,11.35,11.36,26854,30511503
20250207,09:35,000001,未知,11.36,11.37,11.32,11.35,50800,57626507
20250207,09:40,000001,未知,11.34,11.35,11.33,11.35,26015,29491306
20250207,09:45,000001,未知,11.35,11.35,11.33,11.34,17105,19397211
20250207,09:50,000001,未知,11.34,11.35,11.32,11.34,36260,41074165
20250207,09:55,000001,未知,11.34,11.36,11.34,11.36,13836,15703384
20250207,10:00,000001,未知,11.35,11.36,11.35,11.35,17109,19428690
20250207,10:05,000001,未知,11.35,11.36,11.34,11.34,30699,34846965
20250207,10:10,000001,未知,11.35,11.37,11.34,11.36,33178,37683303
20250207,10:15,000001,未知,11.36,11.37,11.34,11.35,27095,30762826
20250207,10:20,000001,未知,11.36,11.36,11.35,11.35,30872,35058930
20250207,10:25,000001,未知,11.36,11.37,11.35,11.37,32893,37374881
20250207,10:30,000001,未知,11.37,11.38,11.37,11.38,22072,25104067
20250207,10:35,000001,未知,11.38,11.38,11.35,11.35,21458,24385672
20250207,10:40,000001,未知,11.36,11.37,11.35,11.36,18468,20969510
20250207,10:45,000001,未知,11.35,11.36,11.34,11.35,20600,23372667
20250207,10:50,000001,未知,11.36,11.36,11.34,11.35,14630,16601962
20250207,10:55,000001,未知,11.35,11.36,11.34,11.35,13538,15365414
20250207,11:00,000001,未知,11.35,11.35,11.34,11.34,10924,12393206
20250207,11:05,000001,未知,11.35,11.36,11.33,11.35,41541,47120355
20250207,11:10,000001,未知,11.36,11.36,11.35,11.36,34193,38839477
20250207,11:15,000001,未知,11.36,11.38,11.35,11.38,23126,26274109
20250207,11:20,000001,未知,11.37,11.38,11.37,11.38,22138,25186774
20250207,11:25,000001,未知,11.37,11.38,11.36,11.38,26131,29715974
20250207,11:30,000001,未知,11.37,11.39,11.37,11.39,17515,19933744
20250207,13:05,000001,未知,11.39,11.39,11.37,11.39,67792,77188417
20250207,13:10,000001,未知,11.39,11.4,11.38,11.39,31995,36443528
20250207,13:15,000001,未知,11.4,11.41,11.39,11.41,36176,41256493
20250207,13:20,000001,未知,11.41,11.42,11.4,11.41,30869,35234366
20250207,13:25,000001,未知,11.41,11.43,11.41,11.43,35144,40155451
20250207,13:30,000001,未知,11.43,11.45,11.43,11.43,46580,53275419
20250207,13:35,000001,未知,11.43,11.43,11.41,11.42,33226,37956988
20250207,13:40,000001,未知,11.42,11.44,11.42,11.43,23009,26291096
20250207,13:45,000001,未知,11.43,11.44,11.42,11.43,13182,15065816
20250207,13:50,000001,未知,11.43,11.43,11.41,11.41,16374,18704307
20250207,13:55,000001,未知,11.41,11.42,11.41,11.41,10653,12161413
20250207,14:00,000001,未知,11.41,11.43,11.41,11.43,13790,15744631
20250207,14:05,000001,未知,11.43,11.43,11.41,11.41,19464,22228865
20250207,14:10,000001,未知,11.41,11.42,11.41,11.41,15657,17869280
20250207,14:15,000001,未知,11.41,11.42,11.4,11.41,15794,18026309
20250207,14:20,000001,未知,11.41,11.42,11.4,11.4,20562,23451534
20250207,14:25,000001,未知,11.4,11.41,11.39,11.4,39078,44536806
20250207,14:30,000001,未知,11.4,11.41,11.38,11.39,18989,21630001
20250207,14:35,000001,未知,11.38,11.4,11.38,11.39,14316,16309147
20250207,14:40,000001,未知,11.4,11.4,11.38,11.38,38018,43286811
20250207,14:45,000001,未知,11.38,11.39,11.37,11.38,41571,47306607
20250207,14:50,000001,未知,11.37,11.39,11.37,11.38,61191,69635052
20250207,14:55,000001,未知,11.38,11.39,11.37,11.38,71747,81652548
20250207,15:00,000001,未知,11.38,11.39,11.36,11.38,90120,102531212
20250210,09:35,000001,未知,11.38,11.41,11.38,11.39,67835,77267536
20250210,09:40,000001,未知,11.39,11.39,11.36,11.38,51670,58776235
20250210,09:45,000001,未知,11.38,11.4,11.37,11.4,31563,35932448
20250210,09:50,000001,未知,11.4,11.44,11.39,11.42,54051,61711047
20250210,09:55,000001,未知,11.42,11.44,11.41,11.42,39353,44976130
20250210,10:00,000001,未知,11.41,11.43,11.41,11.42,14553,16616603
20250210,10:05,000001,未知,11.41,11.47,11.41,11.46,80095,91700331
20250210,10:10,000001,未知,11.46,11.48,11.45,11.46,52259,59933564
20250210,10:15,000001,未知,11.46,11.47,11.44,11.46,18085,20711527
20250210,10:20,000001,未知,11.45,11.45,11.43,11.44,15930,18228345
20250210,10:25,000001,未知,11.43,11.49,11.43,11.49,65750,75400692
20250210,10:30,000001,未知,11.49,11.5,11.47,11.48,60624,69653232
20250210,10:35,000001,未知,11.48,11.48,11.45,11.45,23264,26680503
20250210,10:40,000001,未知,11.45,11.47,11.45,11.47,9632,11043052
20250210,10:45,000001,未知,11.46,11.47,11.45,11.47,10273,11774977
20250210,10:50,000001,未知,11.47,11.47,11.45,11.46,10529,12067252
20250210,10:55,000001,未知,11.46,11.47,11.44,11.45,17893,20493107
20250210,11:00,000001,未知,11.45,11.45,11.44,11.45,21097,24153823
20250210,11:05,000001,未知,11.44,11.45,11.43,11.44,12787,14629573
20250210,11:10,000001,未知,11.43,11.45,11.43,11.44,12702,14535410
20250210,11:15,000001,未知,11.45,11.45,11.43,11.45,10424,11925540
20250210,11:20,000001,未知,11.44,11.45,11.43,11.43,3679,4209216
20250210,11:25,000001,未知,11.43,11.44,11.42,11.44,14433,16497700
20250210,11:30,000001,未知,11.43,11.44,11.43,11.44,10169,11627920
20250210,13:05,000001,未知,11.44,11.44,11.41,11.42,24460,27946886
20250210,13:10,000001,未知,11.43,11.43,11.42,11.43,5869,6707237
20250210,13:15,000001,未知,11.42,11.43,11.42,11.42,9014,10302054
20250210,13:20,000001,未知,11.43,11.43,11.42,11.43,4626,5286967
20250210,13:25,000001,未知,11.43,11.43,11.42,11.42,5135,5867895
20250210,13:30,000001,未知,11.42,11.44,11.42,11.44,9436,10784481
20250210,13:35,000001,未知,11.43,11.44,11.42,11.43,10934,12498060
20250210,13:40,000001,未知,11.43,11.44,11.43,11.43,9514,10878938
20250210,13:45,000001,未知,11.43,11.45,11.43,11.44,7678,8780974
20250210,13:50,000001,未知,11.44,11.45,11.43,11.43,6457,7387607
20250210,13:55,000001,未知,11.43,11.45,11.43,11.43,18644,21315980
20250210,14:00,000001,未知,11.44,11.44,11.43,11.43,6508,7441074
20250210,14:05,000001,未知,11.43,11.44,11.43,11.44,5071,5799624
20250210,14:10,000001,未知,11.44,11.44,11.43,11.44,5135,5873415
20250210,14:15,000001,未知,11.44,11.45,11.43,11.44,5658,6470815
20250210,14:20,000001,未知,11.43,11.45,11.43,11.44,9370,10718831
20250210,14:25,000001,未知,11.45,11.45,11.44,11.45,7084,8107374
20250210,14:30,000001,未知,11.44,11.45,11.44,11.44,33391,38230548
20250210,14:35,000001,未知,11.45,11.45,11.43,11.43,18649,21338404
20250210,14:40,000001,未知,11.43,11.44,11.42,11.42,31738,36276531
20250210,14:45,000001,未知,11.43,11.43,11.42,11.42,14732,16828015
20250210,14:50,000001,未知,11.43,11.43,11.42,11.43,13746,15707430
20250210,14:55,000001,未知,11.43,11.44,11.42,11.44,28878,32998247
20250210,15:00,000001,未知,11.44,11.44,11.42,11.43,26214,29967602
20250211,09:35,000001,未知,11.4,11.45,11.4,11.41,76822,87759384
20250211,09:40,000001,未知,11.43,11.45,11.42,11.44,45341,51829053
20250211,09:45,000001,未知,11.45,11.47,11.44,11.44,45217,51806228
20250211,09:50,000001,未知,11.45,11.45,11.43,11.44,23886,27324352
20250211,09:55,000001,未知,11.45,11.45,11.43,11.43,30401,34782267
20250211,10:00,000001,未知,11.44,11.44,11.41,11.41,20659,23598146
20250211,10:05,000001,未知,11.42,11.43,11.41,11.42,20398,23296393
20250211,10:10,000001,未知,11.43,11.43,11.42,11.42,13474,15394491
20250211,10:15,000001,未知,11.43,11.44,11.42,11.43,12627,14433893
20250211,10:20,000001,未知,11.44,11.45,11.43,11.43,25068,28678967
20250211,10:25,000001,未知,11.44,11.44,11.42,11.42,14152,16175137
20250211,10:30,000001,未知,11.43,11.43,11.41,11.42,19804,22620688
20250211,10:35,000001,未知,11.43,11.43,11.41,11.42,16513,18860339
20250211,10:40,000001,未知,11.43,11.43,11.4,11.41,25028,28557241
20250211,10:45,000001,未知,11.4,11.41,11.38,11.4,43150,49162691
20250211,10:50,000001,未知,11.41,11.41,11.39,11.4,9273,10570192
20250211,10:55,000001,未知,11.4,11.41,11.4,11.41,6454,7361047
20250211,11:00,000001,未知,11.4,11.41,11.39,11.39,11711,13347857
20250211,11:05,000001,未知,11.39,11.4,11.38,11.39,24004,27348656
20250211,11:10,000001,未知,11.39,11.39,11.38,11.38,11496,13091571
20250211,11:15,000001,未知,11.38,11.39,11.37,11.38,29550,33630525
20250211,11:20,000001,未知,11.37,11.39,11.37,11.38,13958,15880640
20250211,11:25,000001,未知,11.38,11.39,11.37,11.38,6866,7813781
20250211,11:30,000001,未知,11.38,11.4,11.38,11.39,10739,12232884
20250211,13:05,000001,未知,11.39,11.39,11.38,11.38,25593,29136673
20250211,13:10,000001,未知,11.38,11.4,11.38,11.39,7484,8525882
20250211,13:15,000001,未知,11.39,11.4,11.39,11.4,5337,6081006
20250211,13:20,000001,未知,11.39,11.4,11.39,11.39,11465,13063277
20250211,13:25,000001,未知,11.39,11.4,11.39,11.4,11353,12938571
20250211,13:30,000001,未知,11.4,11.41,11.4,11.4,3910,4458519
20250211,13:35,000001,未知,11.4,11.42,11.4,11.41,16932,19324449
20250211,13:40,000001,未知,11.42,11.42,11.4,11.41,10847,12380909
20250211,13:45,000001,未知,11.41,11.41,11.4,11.41,7132,8132131
20250211,13:50,000001,未知,11.4,11.41,11.4,11.4,3168,3613125
20250211,13:55,000001,未知,11.41,11.42,11.4,11.41,9529,10876545
20250211,14:00,000001,未知,11.41,11.42,11.41,11.41,5609,6401966
20250211,14:05,000001,未知,11.41,11.42,11.4,11.4,10582,12069462
20250211,14:10,000001,未知,11.41,11.41,11.4,11.41,5937,6768865
20250211,14:15,000001,未知,11.41,11.41,11.4,11.41,10098,11519357
20250211,14:20,000001,未知,11.41,11.41,11.4,11.41,7735,8822666
20250211,14:25,000001,未知,11.41,11.42,11.4,11.42,7432,8477720
20250211,14:30,000001,未知,11.41,11.42,11.41,11.42,5997,6844987
20250211,14:35,000001,未知,11.42,11.42,11.4,11.41,9710,11076918
20250211,14:40,000001,未知,11.4,11.41,11.39,11.4,27120,30919503
20250211,14:45,000001,未知,11.41,11.41,11.4,11.4,15506,17680066
20250211,14:50,000001,未知,11.41,11.41,11.4,11.4,15496,17672184
20250211,14:55,000001,未知,11.41,11.42,11.4,11.41,31533,35977837
20250211,15:00,000001,未知,11.42,11.43,11.41,11.42,22424,25613814
20250212,09:35,000001,未知,11.41,11.41,11.37,11.39,56184,63963437
20250212,09:40,000001,未知,11.39,11.41,11.37,11.38,19510,22217820
20250212,09:45,000001,未知,11.38,11.4,11.37,11.4,17013,19373187
20250212,09:50,000001,未知,11.4,11.41,11.39,11.39,13911,15854790
20250212,09:55,000001,未知,11.4,11.43,11.39,11.43,22784,25994591
20250212,10:00,000001,未知,11.43,11.43,11.4,11.41,20733,23670991
20250212,10:05,000001,未知,11.41,11.42,11.4,11.42,13560,15478042
20250212,10:10,000001,未知,11.42,11.42,11.4,11.4,15913,18162069
20250212,10:15,000001,未知,11.4,11.41,11.39,11.41,13222,15076185
20250212,10:20,000001,未知,11.41,11.41,11.39,11.39,13734,15653326
20250212,10:25,000001,未知,11.39,11.4,11.39,11.39,5818,6627899
20250212,10:30,000001,未知,11.4,11.4,11.38,11.38,12566,14313480
20250212,10:35,000001,未知,11.38,11.39,11.36,11.37,51767,58867734
20250212,10:40,000001,未知,11.37,11.38,11.37,11.38,7970,9063345
20250212,10:45,000001,未知,11.37,11.38,11.36,11.37,44026,50041220
20250212,10:50,000001,未知,11.37,11.38,11.36,11.37,7948,9038490
20250212,10:55,000001,未知,11.37,11.38,11.37,11.38,16467,18734783
20250212,11:00,000001,未知,11.37,11.39,11.37,11.39,10188,11593521
20250212,11:05,000001,未知,11.39,11.39,11.37,11.39,11550,13150104
20250212,11:10,000001,未知,11.39,11.4,11.38,11.39,17441,19865154
20250212,11:15,000001,未知,11.39,11.4,11.38,11.39,4787,5452417
20250212,11:20,000001,未知,11.38,11.39,11.38,11.38,5051,5749030
20250212,11:25,000001,未知,11.38,11.39,11.36,11.37,23884,27165329
20250212,11:30,000001,未知,11.36,11.37,11.35,11.36,33405,37946380
20250212,13:05,000001,未知,11.36,11.36,11.35,11.36,16868,19156977
20250212,13:10,000001,未知,11.35,11.37,11.35,11.36,16895,19183050
20250212,13:15,000001,未知,11.36,11.37,11.35,11.37,9421,10704208
20250212,13:20,000001,未知,11.36,11.37,11.36,11.36,6912,7853024
20250212,13:25,000001,未知,11.36,11.36,11.35,11.36,9328,10595216
20250212,13:30,000001,未知,11.36,11.37,11.35,11.35,6101,6930556
20250212,13:35,000001,未知,11.36,11.36,11.35,11.36,16090,18266744
20250212,13:40,000001,未知,11.36,11.36,11.35,11.35,33647,38193950
20250212,13:45,000001,未知,11.35,11.37,11.35,11.36,19021,21607605
20250212,13:50,000001,未知,11.36,11.37,11.35,11.36,7341,8339681
20250212,13:55,000001,未知,11.35,11.37,11.35,11.36,11641,13222637
20250212,14:00,000001,未知,11.36,11.37,11.36,11.37,7677,8722984
20250212,14:05,000001,未知,11.36,11.37,11.36,11.36,7642,8682178
20250212,14:10,000001,未知,11.37,11.38,11.36,11.38,80391,91473630
20250212,14:15,000001,未知,11.39,11.39,11.37,11.38,9999,11380698
20250212,14:20,000001,未知,11.38,11.38,11.37,11.38,8013,9117821
20250212,14:25,000001,未知,11.38,11.39,11.37,11.39,11296,12857257
20250212,14:30,000001,未知,11.39,11.39,11.37,11.37,20497,23317279
20250212,14:35,000001,未知,11.37,11.38,11.36,11.36,8292,9432626
20250212,14:40,000001,未知,11.37,11.38,11.36,11.37,13298,15119411
20250212,14:45,000001,未知,11.37,11.4,11.37,11.4,58796,66914169
20250212,14:50,000001,未知,11.4,11.41,11.38,11.4,79640,90728969
20250212,14:55,000001,未知,11.41,11.41,11.39,11.4,30159,34390775
20250212,15:00,000001,未知,11.4,11.42,11.4,11.42,40410,46128864
20250213,09:35,000001,未知,11.42,11.47,11.4,11.45,119078,136249951
20250213,09:40,000001,未知,11.46,11.47,11.43,11.44,61791,70786594
20250213,09:45,000001,未知,11.44,11.45,11.42,11.45,25703,29396408
20250213,09:50,000001,未知,11.45,11.47,11.44,11.46,65665,75237550
20250213,09:55,000001,未知,11.46,11.48,11.45,11.47,53892,61796016
20250213,10:00,000001,未知,11.47,11.48,11.45,11.47,26460,30340420
20250213,10:05,000001,未知,11.47,11.47,11.46,11.47,21206,24314669
20250213,10:10,000001,未知,11.48,11.48,11.46,11.46,18134,20799957
20250213,10:15,000001,未知,11.46,11.47,11.46,11.46,22033,25261680
20250213,10:20,000001,未知,11.47,11.49,11.46,11.49,71616,82239302
20250213,10:25,000001,未知,11.49,11.5,11.48,11.49,32671,37544765
20250213,10:30,000001,未知,11.5,11.5,11.48,11.49,55534,63826585
20250213,10:35,000001,未知,11.49,11.5,11.48,11.49,21679,24906911
20250213,10:40,000001,未知,11.49,11.49,11.46,11.47,21486,24657758
20250213,10:45,000001,未知,11.47,11.49,11.46,11.48,27938,32066946
20250213,10:50,000001,未知,11.49,11.51,11.48,11.5,56927,65461607
20250213,10:55,000001,未知,11.5,11.51,11.49,11.49,16328,18781488
20250213,11:00,000001,未知,11.5,11.5,11.49,11.49,12067,13871795
20250213,11:05,000001,未知,11.5,11.5,11.47,11.49,22116,25398812
20250213,11:10,000001,未知,11.49,11.49,11.48,11.48,6258,7187896
20250213,11:15,000001,未知,11.49,11.5,11.48,11.5,12506,14368209
20250213,11:20,000001,未知,11.49,11.5,11.49,11.5,21097,24256822
20250213,11:25,000001,未知,11.49,11.51,11.49,11.5,18882,21714045
20250213,11:30,000001,未知,11.5,11.5,11.48,11.48,18949,21782133
20250213,13:05,000001,未知,11.49,11.5,11.48,11.49,17724,20366792
20250213,13:10,000001,未知,11.49,11.5,11.49,11.5,20507,23579337
20250213,13:15,000001,未知,11.5,11.51,11.49,11.51,16439,18907532
20250213,13:20,000001,未知,11.5,11.51,11.48,11.48,20019,23020365
20250213,13:25,000001,未知,11.48,11.5,11.48,11.5,16997,19530422
20250213,13:30,000001,未知,11.49,11.5,11.49,11.49,10307,11845396
20250213,13:35,000001,未知,11.49,11.5,11.49,11.5,9648,11089089
20250213,13:40,000001,未知,11.5,11.5,11.48,11.49,14178,16298516
20250213,13:45,000001,未知,11.5,11.51,11.49,11.5,26879,30911803
20250213,13:50,000001,未知,11.5,11.51,11.49,11.49,17598,20241474
20250213,13:55,000001,未知,11.5,11.51,11.49,11.5,14194,16324890
20250213,14:00,000001,未知,11.49,11.51,11.49,11.5,14456,16624747
20250213,14:05,000001,未知,11.5,11.52,11.5,11.52,41563,47866391
20250213,14:10,000001,未知,11.52,11.53,11.51,11.52,33037,38059308
20250213,14:15,000001,未知,11.52,11.55,11.52,11.54,59068,68149126
20250213,14:20,000001,未知,11.54,11.55,11.53,11.54,29776,34366394
20250213,14:25,000001,未知,11.54,11.54,11.53,11.53,20392,23521755
20250213,14:30,000001,未知,11.53,11.53,11.51,11.51,12397,14287765
20250213,14:35,000001,未知,11.51,11.52,11.5,11.5,22713,26143871
20250213,14:40,000001,未知,11.51,11.52,11.5,11.52,17315,19939357
20250213,14:45,000001,未知,11.51,11.52,11.5,11.5,22612,26026301
20250213,14:50,000001,未知,11.51,11.51,11.5,11.5,25215,29005110
20250213,14:55,000001,未知,11.5,11.51,11.49,11.5,28163,32391885
20250213,15:00,000001,未知,11.51,11.51,11.49,11.5,17426,20040174
20250214,09:35,000001,未知,11.49,11.51,11.48,11.5,44854,51578688
20250214,09:40,000001,未知,11.5,11.5,11.47,11.48,30177,34632878
20250214,09:45,000001,未知,11.48,11.5,11.48,11.49,19564,22472954
20250214,09:50,000001,未知,11.49,11.53,11.48,11.53,36462,41984457
20250214,09:55,000001,未知,11.52,11.53,11.48,11.49,32409,37317132
20250214,10:00,000001,未知,11.49,11.49,11.45,11.45,48980,56199812
20250214,10:05,000001,未知,11.46,11.47,11.44,11.44,40040,45858264
20250214,10:10,000001,未知,11.44,11.46,11.44,11.45,22364,25594491
20250214,10:15,000001,未知,11.45,11.47,11.44,11.47,17719,20302871
20250214,10:20,000001,未知,11.47,11.48,11.46,11.47,5817,6671816
20250214,10:25,000001,未知,11.47,11.47,11.45,11.46,6326,7250052
20250214,10:30,000001,未知,11.46,11.46,11.43,11.43,47910,54821901
20250214,10:35,000001,未知,11.44,11.45,11.43,11.45,18735,21419672
20250214,10:40,000001,未知,11.45,11.46,11.44,11.46,9870,11299056
20250214,10:45,000001,未知,11.45,11.47,11.44,11.46,6863,7862151
20250214,10:50,000001,未知,11.47,11.48,11.46,11.47,7109,8155631
20250214,10:55,000001,未知,11.47,11.49,11.47,11.49,11609,13321593
20250214,11:00,000001,未知,11.49,11.49,11.47,11.48,9536,10950699
20250214,11:05,000001,未知,11.47,11.48,11.47,11.48,6550,7516353
20250214,11:10,000001,未知,11.47,11.48,11.47,11.47,3775,4331130
20250214,11:15,000001,未知,11.47,11.51,11.47,11.51,25155,28909233
20250214,11:20,000001,未知,11.51,11.51,11.49,11.5,8611,9901175
20250214,11:25,000001,未知,11.5,11.5,11.49,11.49,5627,6467319
20250214,11:30,000001,未知,11.49,11.5,11.48,11.5,10877,12500501
20250214,13:05,000001,未知,11.49,11.52,11.49,11.5,29940,34444271
20250214,13:10,000001,未知,11.5,11.52,11.5,11.5,11476,13207891
20250214,13:15,000001,未知,11.51,11.51,11.5,11.51,9422,10840763
20250214,13:20,000001,未知,11.51,11.51,11.49,11.5,11789,13557669
20250214,13:25,000001,未知,11.5,11.5,11.48,11.49,7708,8857303
20250214,13:30,000001,未知,11.49,11.5,11.49,11.49,2665,3063729
20250214,13:35,000001,未知,11.49,11.5,11.49,11.49,9270,10656292
20250214,13:40,000001,未知,11.49,11.5,11.47,11.47,13689,15723823
20250214,13:45,000001,未知,11.48,11.48,11.45,11.46,21762,24944017
20250214,13:50,000001,未知,11.45,11.46,11.44,11.46,30017,34372101
20250214,13:55,000001,未知,11.45,11.47,11.45,11.46,14648,16788826
20250214,14:00,000001,未知,11.46,11.48,11.46,11.47,8131,9322996
20250214,14:05,000001,未知,11.47,11.49,11.47,11.48,7764,8915146
20250214,14:10,000001,未知,11.48,11.49,11.48,11.49,11613,13340760
20250214,14:15,000001,未知,11.49,11.51,11.48,11.51,35973,41367017
20250214,14:20,000001,未知,11.51,11.53,11.51,11.53,48362,55718588
20250214,14:25,000001,未知,11.53,11.54,11.52,11.52,37563,43325973
20250214,14:30,000001,未知,11.53,11.53,11.52,11.53,21286,24537764
20250214,14:35,000001,未知,11.53,11.53,11.51,11.53,19347,22300037
20250214,14:40,000001,未知,11.53,11.53,11.52,11.52,12939,14912931
20250214,14:45,000001,未知,11.52,11.54,11.52,11.53,47105,54343012
20250214,14:50,000001,未知,11.54,11.55,11.53,11.54,22202,25617493
20250214,14:55,000001,未知,11.54,11.55,11.53,11.54,30499,35201356
20250214,15:00,000001,未知,11.55,11.55,11.54,11.55,30949,35741780
20250217,09:35,000001,未知,11.6,11.63,11.55,11.63,152865,177224412
20250217,09:40,000001,未知,11.62,11.66,11.62,11.66,117100,136325851
20250217,09:45,000001,未知,11.65,11.66,11.63,11.63,66224,77109362
20250217,09:50,000001,未知,11.63,11.64,11.6,11.61,49097,57048994
20250217,09:55,000001,未知,11.62,11.62,11.58,11.58,48075,55747285
20250217,10:00,000001,未知,11.58,11.58,11.56,11.58,47498,54955796
20250217,10:05,000001,未知,11.57,11.6,11.57,11.58,29166,33781569
20250217,10:10,000001,未知,11.58,11.6,11.57,11.59,18666,21625209
20250217,10:15,000001,未知,11.58,11.62,11.58,11.6,20547,23832031
20250217,10:20,000001,未知,11.6,11.62,11.59,11.61,21561,25022819
20250217,10:25,000001,未知,11.61,11.63,11.61,11.63,26129,30359700
20250217,10:30,000001,未知,11.63,11.64,11.62,11.63,23378,27191805
20250217,10:35,000001,未知,11.63,11.65,11.63,11.64,38979,45374617
20250217,10:40,000001,未知,11.65,11.68,11.64,11.68,92362,107658643
20250217,10:45,000001,未知,11.67,11.73,11.67,11.71,101816,119061018
20250217,10:50,000001,未知,11.71,11.78,11.7,11.77,117596,138037542
20250217,10:55,000001,未知,11.77,11.77,11.71,11.72,48012,56396953
20250217,11:00,000001,未知,11.73,11.73,11.7,11.7,16072,18825554
20250217,11:05,000001,未知,11.7,11.74,11.68,11.73,27995,32778214
20250217,11:10,000001,未知,11.73,11.74,11.72,11.72,27151,31855384
20250217,11:15,000001,未知,11.72,11.73,11.7,11.7,16448,19265313
20250217,11:20,000001,未知,11.7,11.71,11.68,11.69,18631,21792045
20250217,11:25,000001,未知,11.69,11.71,11.68,11.7,15460,18086063
20250217,11:30,000001,未知,11.71,11.72,11.69,11.71,15439,18071293
20250217,13:05,000001,未知,11.72,11.75,11.7,11.74,40863,47926959
20250217,13:10,000001,未知,11.73,11.74,11.72,11.73,22710,26640888
20250217,13:15,000001,未知,11.73,11.74,11.72,11.73,19137,22446999
20250217,13:20,000001,未知,11.74,11.76,11.73,11.76,43445,51015574
20250217,13:25,000001,未知,11.75,11.76,11.73,11.73,42431,49857266
20250217,13:30,000001,未知,11.74,11.75,11.73,11.74,25840,30343200
20250217,13:35,000001,未知,11.73,11.75,11.73,11.73,21075,24743124
20250217,13:40,000001,未知,11.73,11.73,11.71,11.71,30614,35883517
20250217,13:45,000001,未知,11.71,11.72,11.7,11.7,19310,22603849
20250217,13:50,000001,未知,11.71,11.72,11.7,11.71,22635,26498789
20250217,13:55,000001,未知,11.7,11.75,11.7,11.74,35466,41606338
20250217,14:00,000001,未知,11.74,11.76,11.74,11.75,46845,55062915
20250217,14:05,000001,未知,11.75,11.78,11.75,11.77,76451,89940751
20250217,14:10,000001,未知,11.77,11.8,11.77,11.77,90596,106791953
20250217,14:15,000001,未知,11.78,11.8,11.77,11.78,39988,47130666
20250217,14:20,000001,未知,11.79,11.79,11.78,11.79,21459,25293109
20250217,14:25,000001,未知,11.78,11.8,11.78,11.78,26085,30753697
20250217,14:30,000001,未知,11.79,11.79,11.78,11.78,22101,26042915
20250217,14:35,000001,未知,11.79,11.8,11.78,11.79,29509,34794259
20250217,14:40,000001,未知,11.8,11.8,11.78,11.78,33129,39045799
20250217,14:45,000001,未知,11.79,11.79,11.78,11.78,40404,47627767
20250217,14:50,000001,未知,11.79,11.8,11.78,11.8,52029,61356688
20250217,14:55,000001,未知,11.8,11.8,11.79,11.8,58074,68478610
20250217,15:00,000001,未知,11.79,11.8,11.78,11.78,45502,53639532
20250218,09:35,000001,未知,11.76,11.84,11.76,11.83,122303,144301034
20250218,09:40,000001,未知,11.84,11.86,11.83,11.85,82867,98175034
20250218,09:45,000001,未知,11.85,11.86,11.84,11.85,52638,62359701
20250218,09:50,000001,未知,11.85,11.85,11.8,11.81,43803,51790049
20250218,09:55,000001,未知,11.82,11.82,11.81,11.82,21918,25895679
20250218,10:00,000001,未知,11.82,11.83,11.81,11.83,26993,31916950
20250218,10:05,000001,未知,11.83,11.85,11.82,11.85,48821,57812563
20250218,10:10,000001,未知,11.85,11.86,11.84,11.85,33251,39407338
20250218,10:15,000001,未知,11.85,11.88,11.85,11.87,51760,61418521
20250218,10:20,000001,未知,11.87,11.89,11.87,11.88,75800,90051796
20250218,10:25,000001,未知,11.88,11.89,11.88,11.88,30627,36402848
20250218,10:30,000001,未知,11.88,11.9,11.88,11.88,30957,36801349
20250218,10:35,000001,未知,11.89,11.92,11.88,11.92,56468,67207688
20250218,10:40,000001,未知,11.91,11.94,11.91,11.94,73169,87244635
20250218,10:45,000001,未知,11.94,11.96,11.94,11.96,85715,102405141
20250218,10:50,000001,未知,11.95,11.96,11.93,11.94,43049,51424287
20250218,10:55,000001,未知,11.94,11.94,11.91,11.92,30553,36415974
20250218,11:00,000001,未知,11.92,11.95,11.91,11.95,35368,42202105
20250218,11:05,000001,未知,11.95,11.96,11.94,11.95,54116,64664274
20250218,11:10,000001,未知,11.95,11.96,11.93,11.94,38573,46090730
20250218,11:15,000001,未知,11.94,11.96,11.94,11.95,35015,41825848
20250218,11:20,000001,未知,11.95,11.96,11.94,11.94,23035,27511515
20250218,11:25,000001,未知,11.94,11.96,11.93,11.94,28625,34189975
20250218,11:30,000001,未知,11.95,11.95,11.94,11.94,22580,26968281
20250218,13:05,000001,未知,11.94,11.96,11.93,11.94,61555,73513492
20250218,13:10,000001,未知,11.95,11.95,11.93,11.94,34148,40768316
20250218,13:15,000001,未知,11.94,11.95,11.92,11.92,24507,29246213
20250218,13:20,000001,未知,11.92,11.95,11.92,11.94,27288,32565989
20250218,13:25,000001,未知,11.94,11.96,11.94,11.94,41299,49343593
20250218,13:30,000001,未知,11.94,11.95,11.92,11.93,31089,37094295
20250218,13:35,000001,未知,11.92,11.93,11.88,11.88,35826,42644251
20250218,13:40,000001,未知,11.88,11.89,11.87,11.88,34033,40428148
20250218,13:45,000001,未知,11.87,11.9,11.87,11.88,34405,40873752
20250218,13:50,000001,未知,11.88,11.88,11.85,11.86,27814,33004604
20250218,13:55,000001,未知,11.87,11.87,11.85,11.85,19296,22889598
20250218,14:00,000001,未知,11.85,11.86,11.83,11.83,35166,41651647
20250218,14:05,000001,未知,11.83,11.86,11.83,11.86,38396,45463196
20250218,14:10,000001,未知,11.85,11.86,11.84,11.84,17092,20254600
20250218,14:15,000001,未知,11.84,11.85,11.82,11.82,32890,38910630
20250218,14:20,000001,未知,11.82,11.84,11.81,11.81,34078,40292778
20250218,14:25,000001,未知,11.82,11.82,11.8,11.82,41527,49045908
20250218,14:30,000001,未知,11.82,11.83,11.8,11.81,35622,42085575
20250218,14:35,000001,未知,11.82,11.83,11.78,11.78,49417,58318599
20250218,14:40,000001,未知,11.79,11.82,11.77,11.8,51369,60562421
20250218,14:45,000001,未知,11.81,11.83,11.8,11.82,36608,43257632
20250218,14:50,000001,未知,11.82,11.82,11.8,11.81,39938,47160796
20250218,14:55,000001,未知,11.81,11.81,11.79,11.8,29147,34395260
20250218,15:00,000001,未知,11.79,11.82,11.79,11.81,36096,42625803
20250219,09:35,000001,未知,11.8,11.81,11.75,11.78,89691,105626811
20250219,09:40,000001,未知,11.79,11.81,11.76,11.8,46417,54680726
20250219,09:45,000001,未知,11.8,11.81,11.78,11.78,29992,35382953
20250219,09:50,000001,未知,11.78,11.78,11.75,11.75,38120,44840276
20250219,09:55,000001,未知,11.76,11.79,11.75,11.76,26252,30892838
20250219,10:00,000001,未知,11.76,11.78,11.76,11.78,17983,21173086
20250219,10:05,000001,未知,11.79,11.8,11.78,11.8,21586,25448240
20250219,10:10,000001,未知,11.8,11.8,11.76,11.76,33427,39372287
20250219,10:15,000001,未知,11.77,11.77,11.73,11.76,70558,82908178
20250219,10:20,000001,未知,11.76,11.77,11.74,11.75,27001,31737861
20250219,10:25,000001,未知,11.75,11.77,11.74,11.76,25881,30421318
20250219,10:30,000001,未知,11.76,11.77,11.75,11.76,19967,23483084
20250219,10:35,000001,未知,11.76,11.78,11.74,11.78,23880,28081500
20250219,10:40,000001,未知,11.77,11.79,11.76,11.78,25844,30451830
20250219,10:45,000001,未知,11.78,11.79,11.75,11.76,20260,23836743
20250219,10:50,000001,未知,11.75,11.77,11.75,11.77,14007,16477314
20250219,10:55,000001,未知,11.77,11.78,11.76,11.77,11271,13266937
20250219,11:00,000001,未知,11.77,11.77,11.75,11.76,26435,31081482
20250219,11:05,000001,未知,11.75,11.76,11.73,11.74,42002,49308053
20250219,11:10,000001,未知,11.74,11.74,11.73,11.73,21842,25633910
20250219,11:15,000001,未知,11.73,11.74,11.72,11.73,26052,30557342
20250219,11:20,000001,未知,11.73,11.73,11.71,11.71,29155,34163763
20250219,11:25,000001,未知,11.71,11.73,11.71,11.72,25407,29763353
20250219,11:30,000001,未知,11.72,11.73,11.71,11.73,14823,17377169
20250219,13:05,000001,未知,11.72,11.73,11.71,11.73,17248,20220143
20250219,13:10,000001,未知,11.73,11.73,11.71,11.72,11811,13843248
20250219,13:15,000001,未知,11.72,11.73,11.71,11.71,17190,20139889
20250219,13:20,000001,未知,11.72,11.72,11.7,11.71,35365,41425754
20250219,13:25,000001,未知,11.71,11.71,11.68,11.68,49328,57690290
20250219,13:30,000001,未知,11.68,11.71,11.68,11.7,21071,24639416
20250219,13:35,000001,未知,11.7,11.7,11.69,11.69,8950,10470532
20250219,13:40,000001,未知,11.7,11.7,11.69,11.69,19203,22454416
20250219,13:45,000001,未知,11.69,11.7,11.68,11.68,12985,15178683
20250219,13:50,000001,未知,11.69,11.7,11.69,11.69,8394,9813139
20250219,13:55,000001,未知,11.69,11.7,11.68,11.68,11027,12893515
20250219,14:00,000001,未知,11.69,11.69,11.68,11.69,10512,12285697
20250219,14:05,000001,未知,11.69,11.7,11.69,11.69,15898,18590115
20250219,14:10,000001,未知,11.7,11.71,11.69,11.71,22776,26646450
20250219,14:15,000001,未知,11.71,11.71,11.7,11.71,11301,13230242
20250219,14:20,000001,未知,11.7,11.71,11.69,11.7,25427,29763299
20250219,14:25,000001,未知,11.7,11.71,11.69,11.7,12251,14336112
20250219,14:30,000001,未知,11.69,11.71,11.69,11.71,7570,8856167
20250219,14:35,000001,未知,11.71,11.71,11.69,11.7,13551,15856132
20250219,14:40,000001,未知,11.7,11.71,11.69,11.7,13717,16050959
20250219,14:45,000001,未知,11.7,11.72,11.69,11.71,18185,21289328
20250219,14:50,000001,未知,11.72,11.73,11.71,11.71,25225,29564815
20250219,14:55,000001,未知,11.72,11.72,11.7,11.7,30863,36135393
20250219,15:00,000001,未知,11.71,11.72,11.7,11.71,30048,35192558
20250220,09:35,000001,未知,11.71,11.72,11.68,11.72,54058,63278497
20250220,09:40,000001,未知,11.72,11.76,11.72,11.76,61145,71786185
20250220,09:45,000001,未知,11.75,11.75,11.7,11.7,31002,36346391
20250220,09:50,000001,未知,11.7,11.71,11.68,11.69,41055,47988504
20250220,09:55,000001,未知,11.69,11.7,11.68,11.69,23170,27086458
20250220,10:00,000001,未知,11.69,11.7,11.69,11.69,20660,24165655
20250220,10:05,000001,未知,11.69,11.71,11.68,11.7,13463,15744408
20250220,10:10,000001,未知,11.7,11.73,11.69,11.72,12832,15028679
20250220,10:15,000001,未知,11.72,11.73,11.71,11.73,42374,49665147
20250220,10:20,000001,未知,11.73,11.73,11.71,11.72,12704,14886523
20250220,10:25,000001,未知,11.71,11.73,11.71,11.72,11772,13796899
20250220,10:30,000001,未知,11.72,11.72,11.71,11.71,13601,15937033
20250220,10:35,000001,未知,11.71,11.72,11.7,11.7,9676,11330180
20250220,10:40,000001,未知,11.71,11.73,11.69,11.72,25791,30207743
20250220,10:45,000001,未知,11.72,11.73,11.71,11.72,9866,11562057
20250220,10:50,000001,未知,11.72,11.72,11.7,11.7,21793,25517384
20250220,10:55,000001,未知,11.71,11.72,11.7,11.7,9881,11565460
20250220,11:00,000001,未知,11.7,11.71,11.7,11.7,5397,6318219
20250220,11:05,000001,未知,11.7,11.72,11.7,11.7,9642,11287074
20250220,11:10,000001,未知,11.7,11.71,11.7,11.7,8264,9669850
20250220,11:15,000001,未知,11.71,11.71,11.7,11.71,5523,6463700
20250220,11:20,000001,未知,11.71,11.71,11.69,11.69,11061,12941211
20250220,11:25,000001,未知,11.7,11.7,11.68,11.69,12708,14858257
20250220,11:30,000001,未知,11.7,11.7,11.69,11.7,5541,6480246
20250220,13:05,000001,未知,11.7,11.7,11.67,11.7,33585,39240235
20250220,13:10,000001,未知,11.69,11.7,11.68,11.68,11460,13395924
20250220,13:15,000001,未知,11.68,11.69,11.68,11.68,7794,9105553
20250220,13:20,000001,未知,11.68,11.68,11.67,11.68,9675,11296912
20250220,13:25,000001,未知,11.68,11.68,11.67,11.67,14979,17483443
20250220,13:30,000001,未知,11.68,11.68,11.67,11.68,6509,7597976
20250220,13:35,000001,未知,11.68,11.68,11.67,11.68,11993,14005333
20250220,13:40,000001,未知,11.68,11.68,11.66,11.66,15874,18523629
20250220,13:45,000001,未知,11.66,11.67,11.65,11.66,25490,29723908
20250220,13:50,000001,未知,11.67,11.67,11.66,11.67,7496,8743603
20250220,13:55,000001,未知,11.66,11.67,11.66,11.66,6899,8046143
20250220,14:00,000001,未知,11.66,11.67,11.66,11.67,9433,11003403
20250220,14:05,000001,未知,11.66,11.67,11.65,11.66,10689,12463700
20250220,14:10,000001,未知,11.66,11.66,11.65,11.66,10183,11867457
20250220,14:15,000001,未知,11.65,11.66,11.65,11.66,7684,8955863
20250220,14:20,000001,未知,11.66,11.68,11.65,11.67,12881,15023229
20250220,14:25,000001,未知,11.67,11.68,11.66,11.66,12669,14783703
20250220,14:30,000001,未知,11.67,11.68,11.66,11.67,17070,19913165
20250220,14:35,000001,未知,11.67,11.67,11.66,11.67,6862,8005028
20250220,14:40,000001,未知,11.67,11.68,11.66,11.67,9455,11032029
20250220,14:45,000001,未知,11.67,11.67,11.66,11.67,9921,11571718
20250220,14:50,000001,未知,11.67,11.68,11.66,11.67,18863,22014067
20250220,14:55,000001,未知,11.67,11.67,11.66,11.66,18581,21674974
20250220,15:00,000001,未知,11.67,11.67,11.66,11.66,15372,17926377
20250221,09:35,000001,未知,11.69,11.7,11.64,11.65,52606,61394081
20250221,09:40,000001,未知,11.65,11.67,11.64,11.67,19291,22481664
20250221,09:45,000001,未知,11.66,11.66,11.63,11.64,26716,31094323
20250221,09:50,000001,未知,11.64,11.66,11.63,11.63,22958,26735885
20250221,09:55,000001,未知,11.64,11.64,11.61,11.62,28327,32931309
20250221,10:00,000001,未知,11.61,11.62,11.59,11.59,54197,62889647
20250221,10:05,000001,未知,11.6,11.61,11.59,11.6,22792,26440903
20250221,10:10,000001,未知,11.6,11.6,11.58,11.59,33374,38687577
20250221,10:15,000001,未知,11.59,11.6,11.58,11.59,15845,18366058
20250221,10:20,000001,未知,11.59,11.6,11.59,11.59,20561,23833859
20250221,10:25,000001,未知,11.59,11.6,11.56,11.57,45607,52798283
20250221,10:30,000001,未知,11.57,11.57,11.55,11.57,56152,64931710
20250221,10:35,000001,未知,11.56,11.57,11.56,11.57,17147,19833117
20250221,10:40,000001,未知,11.56,11.59,11.56,11.59,30663,35490515
20250221,10:45,000001,未知,11.59,11.6,11.58,11.59,19501,22600212
20250221,10:50,000001,未知,11.59,11.63,11.58,11.62,30708,35650968
20250221,10:55,000001,未知,11.62,11.63,11.61,11.62,20105,23362560
20250221,11:00,000001,未知,11.62,11.63,11.61,11.62,21916,25475695
20250221,11:05,000001,未知,11.63,11.63,11.61,11.62,17803,20687279
20250221,11:10,000001,未知,11.61,11.62,11.6,11.62,9380,10893598
20250221,11:15,000001,未知,11.62,11.62,11.59,11.59,23660,27455848
20250221,11:20,000001,未知,11.59,11.6,11.58,11.6,9876,11449195
20250221,11:25,000001,未知,11.6,11.62,11.59,11.61,10249,11893786
20250221,11:30,000001,未知,11.61,11.62,11.6,11.61,9248,10735084
20250221,13:05,000001,未知,11.6,11.65,11.6,11.64,46909,54504951
20250221,13:10,000001,未知,11.65,11.66,11.63,11.64,18317,21328045
20250221,13:15,000001,未知,11.63,11.64,11.62,11.62,11256,13089719
20250221,13:20,000001,未知,11.63,11.64,11.62,11.63,14397,16744454
20250221,13:25,000001,未知,11.63,11.64,11.61,11.63,12834,14919023
20250221,13:30,000001,未知,11.63,11.64,11.62,11.62,10814,12578004
20250221,13:35,000001,未知,11.62,11.63,11.62,11.63,13867,16120953
20250221,13:40,000001,未知,11.63,11.64,11.62,11.62,13998,16284013
20250221,13:45,000001,未知,11.62,11.63,11.61,11.63,14634,17005800
20250221,13:50,000001,未知,11.63,11.63,11.61,11.62,7515,8733309
20250221,13:55,000001,未知,11.61,11.63,11.61,11.63,8798,10227445
20250221,14:00,000001,未知,11.62,11.63,11.61,11.63,9665,11232284
20250221,14:05,000001,未知,11.63,11.63,11.62,11.62,8527,9910441
20250221,14:10,000001,未知,11.62,11.63,11.61,11.62,7420,8622680
20250221,14:15,000001,未知,11.61,11.63,11.61,11.62,8679,10081688
20250221,14:20,000001,未知,11.62,11.62,11.61,11.62,8209,9535426
20250221,14:25,000001,未知,11.61,11.62,11.61,11.62,9372,10884915
20250221,14:30,000001,未知,11.62,11.63,11.61,11.62,14495,16840288
20250221,14:35,000001,未知,11.62,11.63,11.61,11.63,20133,23397806
20250221,14:40,000001,未知,11.62,11.63,11.61,11.62,11800,13713434
20250221,14:45,000001,未知,11.63,11.63,11.62,11.63,9288,10796221
20250221,14:50,000001,未知,11.63,11.63,11.61,11.63,26363,30642813
20250221,14:55,000001,未知,11.63,11.63,11.61,11.62,22536,26189263
20250221,15:00,000001,未知,11.63,11.64,11.61,11.64,25461,29612068
20250224,09:35,000001,未知,11.63,11.66,11.56,11.64,95539,111049784
20250224,09:40,000001,未知,11.65,11.65,11.61,11.61,39317,45730469
20250224,09:45,000001,未知,11.62,11.66,11.61,11.61,52934,61579828
20250224,09:50,000001,未知,11.61,11.64,11.6,11.63,32101,37293373
20250224,09:55,000001,未知,11.62,11.68,11.62,11.67,41389,48208024
20250224,10:00,000001,未知,11.67,11.69,11.64,11.64,33613,39221288
20250224,10:05,000001,未知,11.64,11.65,11.63,11.64,18116,21087887
20250224,10:10,000001,未知,11.64,11.64,11.61,11.62,23102,26847262
20250224,10:15,000001,未知,11.62,11.62,11.6,11.61,20612,23930814
20250224,10:20,000001,未知,11.61,11.63,11.61,11.62,14218,16518299
20250224,10:25,000001,未知,11.62,11.62,11.61,11.61,6652,7727156
20250224,10:30,000001,未知,11.61,11.62,11.6,11.62,12889,14965720
20250224,10:35,000001,未知,11.62,11.62,11.6,11.61,12341,14329782
20250224,10:40,000001,未知,11.61,11.62,11.6,11.6,13670,15869368
20250224,10:45,000001,未知,11.6,11.62,11.6,11.61,18549,21528771
20250224,10:50,000001,未知,11.6,11.61,11.59,11.59,23053,26729179
20250224,10:55,000001,未知,11.59,11.6,11.59,11.59,12581,14584103
20250224,11:00,000001,未知,11.59,11.6,11.58,11.58,18331,21245097
20250224,11:05,000001,未知,11.58,11.6,11.58,11.58,16224,18800833
20250224,11:10,000001,未知,11.59,11.6,11.58,11.59,13925,16134278
20250224,11:15,000001,未知,11.59,11.6,11.58,11.6,13686,15862208
20250224,11:20,000001,未知,11.59,11.6,11.58,11.59,26237,30410432
20250224,11:25,000001,未知,11.59,11.61,11.58,11.6,21750,25219431
20250224,11:30,000001,未知,11.6,11.64,11.6,11.63,26376,30661069
20250224,13:05,000001,未知,11.64,11.66,11.62,11.64,35953,41878518
20250224,13:10,000001,未知,11.65,11.66,11.64,11.65,14732,17162149
20250224,13:15,000001,未知,11.64,11.66,11.63,11.64,12807,14909583
20250224,13:20,000001,未知,11.63,11.64,11.62,11.62,10544,12261847
20250224,13:25,000001,未知,11.62,11.63,11.62,11.62,5468,6355331
20250224,13:30,000001,未知,11.63,11.63,11.62,11.63,6180,7182900
20250224,13:35,000001,未知,11.62,11.65,11.61,11.64,17247,20063105
20250224,13:40,000001,未知,11.65,11.66,11.64,11.65,11504,13402146
20250224,13:45,000001,未知,11.65,11.65,11.63,11.64,10135,11797083
20250224,13:50,000001,未知,11.63,11.65,11.63,11.64,7304,8502278
20250224,13:55,000001,未知,11.64,11.65,11.64,11.64,9491,11051114
20250224,14:00,000001,未知,11.64,11.64,11.62,11.62,11638,13534506
20250224,14:05,000001,未知,11.62,11.62,11.58,11.58,27701,32130121
20250224,14:10,000001,未知,11.59,11.6,11.58,11.59,20628,23903221
20250224,14:15,000001,未知,11.59,11.6,11.58,11.59,12433,14409208
20250224,14:20,000001,未知,11.59,11.59,11.58,11.59,14497,16793683
20250224,14:25,000001,未知,11.58,11.6,11.58,11.59,10896,12629714
20250224,14:30,000001,未知,11.59,11.6,11.59,11.59,7205,8352558
20250224,14:35,000001,未知,11.6,11.6,11.59,11.59,7951,9219930
20250224,14:40,000001,未知,11.6,11.6,11.58,11.59,25378,29418190
20250224,14:45,000001,未知,11.59,11.6,11.58,11.59,16458,19074926
20250224,14:50,000001,未知,11.59,11.6,11.58,11.59,16381,18990433
20250224,14:55,000001,未知,11.59,11.6,11.58,11.6,14028,16259288
20250224,15:00,000001,未知,11.59,11.6,11.58,11.59,16192,18765313
20250225,09:35,000001,未知,11.56,11.58,11.53,11.55,73548,84994601
20250225,09:40,000001,未知,11.55,11.55,11.53,11.53,29090,33567703
20250225,09:45,000001,未知,11.54,11.58,11.53,11.57,28054,32411263
20250225,09:50,000001,未知,11.56,11.57,11.54,11.54,14831,17133019
20250225,09:55,000001,未知,11.54,11.55,11.53,11.53,23912,27595700
20250225,10:00,000001,未知,11.53,11.55,11.53,11.54,20534,23693339
20250225,10:05,000001,未知,11.54,11.55,11.52,11.52,27362,31546268
20250225,10:10,000001,未知,11.53,11.54,11.52,11.53,13784,15889075
20250225,10:15,000001,未知,11.54,11.55,11.52,11.53,24804,28598799
20250225,10:20,000001,未知,11.53,11.54,11.53,11.53,10163,11722707
20250225,10:25,000001,未知,11.54,11.54,11.52,11.53,14764,17024602
20250225,10:30,000001,未知,11.53,11.55,11.52,11.54,12425,14338584
20250225,10:35,000001,未知,11.54,11.55,11.53,11.54,8755,10102362
20250225,10:40,000001,未知,11.54,11.54,11.52,11.53,14935,17222438
20250225,10:45,000001,未知,11.53,11.54,11.53,11.53,9315,10742917
20250225,10:50,000001,未知,11.53,11.54,11.53,11.54,6885,7942436
20250225,10:55,000001,未知,11.53,11.54,11.52,11.53,17060,19669439
20250225,11:00,000001,未知,11.54,11.54,11.52,11.52,9522,10980312
20250225,11:05,000001,未知,11.52,11.54,11.52,11.53,13701,15795543
20250225,11:10,000001,未知,11.53,11.54,11.51,11.52,40947,47158431
20250225,11:15,000001,未知,11.51,11.52,11.5,11.51,44067,50719106
20250225,11:20,000001,未知,11.52,11.52,11.5,11.52,18217,20969284
20250225,11:25,000001,未知,11.51,11.52,11.5,11.51,11244,12941963
20250225,11:30,000001,未知,11.51,11.53,11.5,11.52,14601,16812878
20250225,13:05,000001,未知,11.52,11.52,11.5,11.5,40929,47101262
20250225,13:10,000001,未知,11.51,11.51,11.49,11.5,33661,38704010
20250225,13:15,000001,未知,11.5,11.5,11.48,11.49,23398,26878897
20250225,13:20,000001,未知,11.48,11.5,11.47,11.49,33078,37967046
20250225,13:25,000001,未知,11.49,11.51,11.49,11.5,20711,23827535
20250225,13:30,000001,未知,11.51,11.51,11.49,11.49,8895,10228766
20250225,13:35,000001,未知,11.5,11.5,11.48,11.49,12828,14739171
20250225,13:40,000001,未知,11.5,11.5,11.49,11.5,4746,5454518
20250225,13:45,000001,未知,11.49,11.5,11.48,11.49,9356,10748025
20250225,13:50,000001,未知,11.48,11.5,11.48,11.5,13180,15137929
20250225,13:55,000001,未知,11.49,11.5,11.48,11.49,6272,7205424
20250225,14:00,000001,未知,11.49,11.49,11.48,11.48,3868,4443235
20250225,14:05,000001,未知,11.48,11.49,11.48,11.49,10617,12191186
20250225,14:10,000001,未知,11.48,11.49,11.48,11.48,8987,10321206
20250225,14:15,000001,未知,11.48,11.49,11.48,11.49,6099,7004968
20250225,14:20,000001,未知,11.48,11.49,11.47,11.48,17483,20073831
20250225,14:25,000001,未知,11.47,11.49,11.47,11.48,11412,13101125
20250225,14:30,000001,未知,11.48,11.49,11.47,11.48,13974,16041238
20250225,14:35,000001,未知,11.48,11.48,11.46,11.47,30899,35441249
20250225,14:40,000001,未知,11.47,11.47,11.46,11.47,19450,22297118
20250225,14:45,000001,未知,11.47,11.47,11.46,11.47,18704,21448166
20250225,14:50,000001,未知,11.47,11.47,11.46,11.47,27052,31009433
20250225,14:55,000001,未知,11.47,11.47,11.46,11.47,19184,21997839
20250225,15:00,000001,未知,11.47,11.47,11.46,11.47,19853,22765430
20250226,09:35,000001,未知,11.47,11.55,11.47,11.55,79439,91514564
20250226,09:40,000001,未知,11.54,11.58,11.54,11.58,94723,109535566
20250226,09:45,000001,未知,11.58,11.6,11.57,11.57,84087,97405577
20250226,09:50,000001,未知,11.57,11.58,11.55,11.56,26591,30761598
20250226,09:55,000001,未知,11.56,11.58,11.56,11.57,16145,18674384
20250226,10:00,000001,未知,11.57,11.58,11.56,11.57,18100,20938070
20250226,10:05,000001,未知,11.57,11.57,11.54,11.55,20694,23904027
20250226,10:10,000001,未知,11.56,11.58,11.55,11.56,18340,21218898
20250226,10:15,000001,未知,11.56,11.57,11.55,11.55,9548,11039482
20250226,10:20,000001,未知,11.55,11.56,11.54,11.54,11818,13646035
20250226,10:25,000001,未知,11.55,11.55,11.54,11.55,6659,7688335
20250226,10:30,000001,未知,11.55,11.56,11.54,11.54,9877,11406902
20250226,10:35,000001,未知,11.55,11.55,11.52,11.52,23790,27436700
20250226,10:40,000001,未知,11.53,11.53,11.52,11.53,10849,12500780
20250226,10:45,000001,未知,11.52,11.53,11.51,11.52,11196,12895118
20250226,10:50,000001,未知,11.52,11.53,11.52,11.53,5516,6357346
20250226,10:55,000001,未知,11.52,11.53,11.51,11.51,15723,18110521
20250226,11:00,000001,未知,11.51,11.52,11.51,11.52,8988,10349819
20250226,11:05,000001,未知,11.51,11.53,11.51,11.52,15250,17564725
20250226,11:10,000001,未知,11.53,11.54,11.52,11.52,17766,20489655
20250226,11:15,000001,未知,11.53,11.54,11.52,11.53,6391,7367701
20250226,11:20,000001,未知,11.52,11.53,11.51,11.52,19622,22605572
20250226,11:25,000001,未知,11.52,11.52,11.5,11.51,10514,12100862
20250226,11:30,000001,未知,11.51,11.51,11.5,11.5,10864,12496362
20250226,13:05,000001,未知,11.51,11.51,11.5,11.5,20409,23477395
20250226,13:10,000001,未知,11.5,11.51,11.5,11.5,4848,5577372
20250226,13:15,000001,未知,11.5,11.52,11.5,11.52,7844,9030042
20250226,13:20,000001,未知,11.52,11.52,11.5,11.51,10543,12134840
20250226,13:25,000001,未知,11.51,11.51,11.49,11.5,18041,20741398
20250226,13:30,000001,未知,11.5,11.5,11.49,11.5,6811,7829991
20250226,13:35,000001,未知,11.5,11.5,11.48,11.49,19561,22466354
20250226,13:40,000001,未知,11.49,11.5,11.48,11.49,7950,9135869
20250226,13:45,000001,未知,11.5,11.52,11.49,11.51,11089,12757100
20250226,13:50,000001,未知,11.51,11.51,11.49,11.5,12166,13991942
20250226,13:55,000001,未知,11.5,11.51,11.48,11.49,27318,31414464
20250226,14:00,000001,未知,11.49,11.5,11.48,11.5,9830,11295449
20250226,14:05,000001,未知,11.5,11.5,11.49,11.5,7487,8605364
20250226,14:10,000001,未知,11.5,11.5,11.49,11.49,6266,7202624
20250226,14:15,000001,未知,11.5,11.5,11.49,11.5,5594,6429818
20250226,14:20,000001,未知,11.5,11.5,11.49,11.49,6894,7925698
20250226,14:25,000001,未知,11.5,11.5,11.49,11.5,14203,16329039
20250226,14:30,000001,未知,11.5,11.5,11.49,11.5,10734,12342180
20250226,14:35,000001,未知,11.49,11.51,11.49,11.51,7949,9142151
20250226,14:40,000001,未知,11.51,11.53,11.5,11.51,20850,24014228
20250226,14:45,000001,未知,11.52,11.52,11.5,11.52,8341,9601284
20250226,14:50,000001,未知,11.52,11.53,11.51,11.52,12071,13904298
20250226,14:55,000001,未知,11.53,11.53,11.52,11.52,14686,16927799
20250226,15:00,000001,未知,11.53,11.53,11.52,11.52,17671,20360464
20250227,09:35,000001,未知,11.53,11.54,11.47,11.49,69447,79888601
20250227,09:40,000001,未知,11.48,11.51,11.47,11.49,37376,42923481
20250227,09:45,000001,未知,11.5,11.53,11.48,11.52,24421,28114989
20250227,09:50,000001,未知,11.53,11.55,11.52,11.55,29090,33562112
20250227,09:55,000001,未知,11.55,11.56,11.53,11.54,21362,24658125
20250227,10:00,000001,未知,11.54,11.57,11.53,11.55,39325,45406625
20250227,10:05,000001,未知,11.56,11.57,11.55,11.56,20049,23173919
20250227,10:10,000001,未知,11.55,11.56,11.54,11.56,19127,22090872
20250227,10:15,000001,未知,11.56,11.56,11.54,11.54,9235,10668274
20250227,10:20,000001,未知,11.55,11.55,11.53,11.54,12066,13924087
20250227,10:25,000001,未知,11.53,11.54,11.53,11.53,9745,11238689
20250227,10:30,000001,未知,11.54,11.56,11.54,11.55,18787,21703190
20250227,10:35,000001,未知,11.56,11.56,11.53,11.53,8811,10174442
20250227,10:40,000001,未知,11.54,11.54,11.52,11.53,8236,9496759
20250227,10:45,000001,未知,11.53,11.54,11.52,11.53,8378,9659411
20250227,10:50,000001,未知,11.52,11.53,11.52,11.53,8153,9396701
20250227,10:55,000001,未知,11.52,11.53,11.52,11.52,7546,8694963
20250227,11:00,000001,未知,11.52,11.53,11.51,11.51,8768,10100854
20250227,11:05,000001,未知,11.52,11.54,11.51,11.53,11190,12897876
20250227,11:10,000001,未知,11.54,11.56,11.53,11.55,30727,35486855
20250227,11:15,000001,未知,11.56,11.58,11.55,11.57,45494,52656522
20250227,11:20,000001,未知,11.57,11.59,11.55,11.56,38974,45105715
20250227,11:25,000001,未知,11.56,11.57,11.55,11.56,10118,11695414
20250227,11:30,000001,未知,11.57,11.58,11.56,11.57,11128,12874197
20250227,13:05,000001,未知,11.58,11.58,11.55,11.56,19244,22260094
20250227,13:10,000001,未知,11.56,11.57,11.55,11.56,18196,21043283
20250227,13:15,000001,未知,11.57,11.57,11.55,11.56,7142,8253296
20250227,13:20,000001,未知,11.55,11.56,11.55,11.56,13569,15679297
20250227,13:25,000001,未知,11.55,11.57,11.55,11.55,13502,15607452
20250227,13:30,000001,未知,11.56,11.58,11.55,11.58,15310,17709141
20250227,13:35,000001,未知,11.58,11.58,11.56,11.58,25668,29709218
20250227,13:40,000001,未知,11.58,11.58,11.56,11.56,13551,15679506
20250227,13:45,000001,未知,11.57,11.57,11.55,11.57,8444,9762595
20250227,13:50,000001,未知,11.56,11.6,11.55,11.6,40219,46582999
20250227,13:55,000001,未知,11.59,11.61,11.59,11.61,52741,61194087
20250227,14:00,000001,未知,11.61,11.62,11.6,11.61,20243,23499163
20250227,14:05,000001,未知,11.61,11.62,11.6,11.6,11607,13474896
20250227,14:10,000001,未知,11.6,11.62,11.6,11.62,20653,23983398
20250227,14:15,000001,未知,11.62,11.63,11.61,11.62,27130,31517148
20250227,14:20,000001,未知,11.61,11.62,11.6,11.61,11195,12997963
20250227,14:25,000001,未知,11.61,11.62,11.61,11.61,8603,9989861
20250227,14:30,000001,未知,11.62,11.63,11.61,11.62,15624,18153146
20250227,14:35,000001,未知,11.62,11.63,11.61,11.62,16740,19459433
20250227,14:40,000001,未知,11.61,11.62,11.61,11.61,13067,15174968
20250227,14:45,000001,未知,11.61,11.63,11.61,11.63,18770,21809849
20250227,14:50,000001,未知,11.63,11.63,11.61,11.62,19572,22733579
20250227,14:55,000001,未知,11.62,11.63,11.61,11.63,35633,41408933
20250227,15:00,000001,未知,11.62,11.63,11.62,11.62,23334,27119843
20250228,09:35,000001,未知,11.58,11.66,11.58,11.63,65482,76104500
20250228,09:40,000001,未知,11.63,11.67,11.63,11.67,42175,49155684
20250228,09:45,000001,未知,11.66,11.68,11.64,11.65,44965,52447364
20250228,09:50,000001,未知,11.65,11.67,11.62,11.63,39010,45406362
20250228,09:55,000001,未知,11.63,11.67,11.63,11.67,32416,37787994
20250228,10:00,000001,未知,11.67,11.68,11.64,11.65,27194,31726586
20250228,10:05,000001,未知,11.65,11.66,11.63,11.63,27085,31548667
20250228,10:10,000001,未知,11.63,11.66,11.63,11.63,33508,39003253
20250228,10:15,000001,未知,11.63,11.63,11.61,11.61,23240,27001317
20250228,10:20,000001,未知,11.61,11.62,11.6,11.61,21306,24733578
20250228,10:25,000001,未知,11.61,11.62,11.6,11.62,18072,20982287
20250228,10:30,000001,未知,11.61,11.63,11.6,11.61,17300,20092316
20250228,10:35,000001,未知,11.61,11.63,11.6,11.62,8611,9999052
20250228,10:40,000001,未知,11.62,11.64,11.62,11.63,10264,11934082
20250228,10:45,000001,未知,11.62,11.63,11.61,11.61,8043,9339989
20250228,10:50,000001,未知,11.62,11.62,11.6,11.61,9241,10729034
20250228,10:55,000001,未知,11.61,11.63,11.61,11.62,5132,5963633
20250228,11:00,000001,未知,11.63,11.63,11.61,11.62,6398,7434517
20250228,11:05,000001,未知,11.63,11.63,11.61,11.63,9986,11605379
20250228,11:10,000001,未知,11.62,11.62,11.6,11.6,7533,8744749
20250228,11:15,000001,未知,11.6,11.6,11.59,11.59,10292,11937370
20250228,11:20,000001,未知,11.59,11.6,11.58,11.59,17439,20207210
20250228,11:25,000001,未知,11.59,11.59,11.57,11.57,15502,17951203
20250228,11:30,000001,未知,11.58,11.61,11.57,11.6,10557,12240696
20250228,13:05,000001,未知,11.6,11.6,11.59,11.59,12404,14382070
20250228,13:10,000001,未知,11.59,11.61,11.59,11.59,8389,9729964
20250228,13:15,000001,未知,11.6,11.61,11.59,11.6,7264,8426151
20250228,13:20,000001,未知,11.6,11.61,11.58,11.58,13196,15293115
20250228,13:25,000001,未知,11.59,11.59,11.57,11.57,11576,13402727
20250228,13:30,000001,未知,11.57,11.58,11.56,11.57,9022,10440115
20250228,13:35,000001,未知,11.57,11.58,11.56,11.56,11550,13363570
20250228,13:40,000001,未知,11.56,11.58,11.56,11.57,11413,13202998
20250228,13:45,000001,未知,11.57,11.58,11.57,11.58,10594,12259775
20250228,13:50,000001,未知,11.57,11.58,11.56,11.57,12203,14116521
20250228,13:55,000001,未知,11.56,11.6,11.56,11.59,18002,20859313
20250228,14:00,000001,未知,11.6,11.6,11.58,11.58,10989,12733575
20250228,14:05,000001,未知,11.58,11.58,11.56,11.56,14852,17184954
20250228,14:10,000001,未知,11.57,11.57,11.55,11.57,17999,20805369
20250228,14:15,000001,未知,11.56,11.56,11.55,11.55,10997,12707251
20250228,14:20,000001,未知,11.55,11.56,11.54,11.55,21075,24341267
20250228,14:25,000001,未知,11.55,11.56,11.53,11.55,26074,30109681
20250228,14:30,000001,未知,11.56,11.57,11.55,11.55,11012,12730818
20250228,14:35,000001,未知,11.55,11.57,11.53,11.54,27936,32262291
20250228,14:40,000001,未知,11.54,11.54,11.52,11.52,23139,26681152
20250228,14:45,000001,未知,11.53,11.54,11.52,11.53,26853,30962939
20250228,14:50,000001,未知,11.53,11.54,11.51,11.51,26658,30713294
20250228,14:55,000001,未知,11.51,11.53,11.5,11.5,47820,55045880
20250228,15:00,000001,未知,11.5,11.53,11.5,11.53,47320,54524057
20250303,09:35,000001,未知,11.52,11.54,11.5,11.5,81554,93915032
20250303,09:40,000001,未知,11.51,11.53,11.5,11.52,40897,47073533
20250303,09:45,000001,未知,11.51,11.51,11.48,11.48,53355,61337412
20250303,09:50,000001,未知,11.49,11.5,11.47,11.48,57707,66249969
20250303,09:55,000001,未知,11.49,11.49,11.45,11.48,76115,87327283
20250303,10:00,000001,未知,11.48,11.51,11.47,11.5,19613,22538025
20250303,10:05,000001,未知,11.5,11.51,11.47,11.48,17090,19631834
20250303,10:10,000001,未知,11.48,11.49,11.46,11.49,26741,30681228
20250303,10:15,000001,未知,11.48,11.5,11.48,11.5,14848,17052266
20250303,10:20,000001,未知,11.5,11.51,11.49,11.5,7252,8340941
20250303,10:25,000001,未知,11.5,11.51,11.5,11.5,13573,15617528
20250303,10:30,000001,未知,11.5,11.51,11.49,11.51,11393,13102976
20250303,10:35,000001,未知,11.5,11.52,11.5,11.51,16074,18502929
20250303,10:40,000001,未知,11.51,11.53,11.51,11.51,22286,25670376
20250303,10:45,000001,未知,11.51,11.52,11.5,11.51,9557,10997350
20250303,10:50,000001,未知,11.51,11.52,11.5,11.52,5404,6219250
20250303,10:55,000001,未知,11.52,11.53,11.51,11.52,13404,15443711
20250303,11:00,000001,未知,11.52,11.53,11.51,11.51,9141,10530725
20250303,11:05,000001,未知,11.52,11.52,11.5,11.5,15082,17365657
20250303,11:10,000001,未知,11.51,11.52,11.5,11.52,14411,16591423
20250303,11:15,000001,未知,11.51,11.52,11.5,11.52,8441,9720457
20250303,11:20,000001,未知,11.52,11.53,11.51,11.53,9809,11301294
20250303,11:25,000001,未知,11.52,11.53,11.51,11.51,9050,10429230
20250303,11:30,000001,未知,11.51,11.54,11.51,11.54,10568,12182977
20250303,13:05,000001,未知,11.53,11.55,11.52,11.53,20021,23095279
20250303,13:10,000001,未知,11.54,11.54,11.52,11.53,5921,6828020
20250303,13:15,000001,未知,11.53,11.56,11.53,11.55,16109,18602994
20250303,13:20,000001,未知,11.55,11.56,11.54,11.56,8029,9273253
20250303,13:25,000001,未知,11.56,11.56,11.54,11.55,7940,9172086
20250303,13:30,000001,未知,11.54,11.55,11.52,11.53,12355,14246576
20250303,13:35,000001,未知,11.53,11.53,11.52,11.53,6469,7454806
20250303,13:40,000001,未知,11.53,11.53,11.51,11.53,4656,5363558
20250303,13:45,000001,未知,11.52,11.53,11.52,11.53,3422,3943337
20250303,13:50,000001,未知,11.52,11.53,11.51,11.51,6197,7139106
20250303,13:55,000001,未知,11.51,11.52,11.51,11.51,8769,10096055
20250303,14:00,000001,未知,11.52,11.52,11.5,11.51,6586,7579137
20250303,14:05,000001,未知,11.5,11.51,11.5,11.5,10051,11564550
20250303,14:10,000001,未知,11.5,11.51,11.48,11.49,17480,20096330
20250303,14:15,000001,未知,11.49,11.5,11.48,11.5,8956,10288799
20250303,14:20,000001,未知,11.49,11.5,11.49,11.5,9492,10908027
20250303,14:25,000001,未知,11.49,11.51,11.49,11.49,10643,12234867
20250303,14:30,000001,未知,11.5,11.5,11.49,11.5,5988,6882207
20250303,14:35,000001,未知,11.5,11.51,11.49,11.5,19724,22673936
20250303,14:40,000001,未知,11.5,11.5,11.48,11.48,9430,10835522
20250303,14:45,000001,未知,11.49,11.51,11.48,11.5,18747,21541245
20250303,14:50,000001,未知,11.5,11.51,11.49,11.5,16780,19292156
20250303,14:55,000001,未知,11.5,11.52,11.5,11.51,14857,17098914
20250303,15:00,000001,未知,11.51,11.52,11.5,11.51,18470,21260167
20250304,09:35,000001,未知,11.47,11.48,11.45,11.47,83355,95565150
20250304,09:40,000001,未知,11.47,11.47,11.44,11.46,70210,80426140
20250304,09:45,000001,未知,11.46,11.48,11.45,11.45,31613,36231199
20250304,09:50,000001,未知,11.45,11.46,11.44,11.46,32111,36779424
20250304,09:55,000001,未知,11.46,11.5,11.45,11.48,23132,26552493
20250304,10:00,000001,未知,11.48,11.51,11.48,11.48,20812,23926058
20250304,10:05,000001,未知,11.48,11.51,11.48,11.5,25160,28928969
20250304,10:10,000001,未知,11.51,11.53,11.5,11.52,25279,29109340
20250304,10:15,000001,未知,11.52,11.53,11.51,11.52,13919,16032282
20250304,10:20,000001,未知,11.52,11.53,11.51,11.52,20076,23124675
20250304,10:25,000001,未知,11.53,11.54,11.52,11.54,17295,19945045
20250304,10:30,000001,未知,11.53,11.54,11.52,11.53,11301,13032749
20250304,10:35,000001,未知,11.53,11.55,11.52,11.53,26035,30044112
20250304,10:40,000001,未知,11.53,11.54,11.52,11.52,5382,6203734
20250304,10:45,000001,未知,11.52,11.54,11.52,11.54,7593,8755863
20250304,10:50,000001,未知,11.54,11.54,11.53,11.53,9270,10689399
20250304,10:55,000001,未知,11.53,11.54,11.52,11.52,5573,6424497
20250304,11:00,000001,未知,11.52,11.53,11.51,11.52,5802,6680946
20250304,11:05,000001,未知,11.51,11.52,11.51,11.52,9239,10634938
20250304,11:10,000001,未知,11.51,11.52,11.51,11.52,5143,5922421
20250304,11:15,000001,未知,11.51,11.53,11.51,11.52,7866,9058174
20250304,11:20,000001,未知,11.52,11.53,11.52,11.52,3993,4600507
20250304,11:25,000001,未知,11.52,11.53,11.51,11.52,6620,7625353
20250304,11:30,000001,未知,11.52,11.53,11.52,11.53,6792,7827590
20250304,13:05,000001,未知,11.53,11.53,11.5,11.51,11805,13587904
20250304,13:10,000001,未知,11.51,11.52,11.51,11.52,5278,6079195
20250304,13:15,000001,未知,11.51,11.53,11.51,11.53,6185,7126809
20250304,13:20,000001,未知,11.53,11.53,11.51,11.52,8700,10027124
20250304,13:25,000001,未知,11.51,11.52,11.51,11.51,4611,5308108
20250304,13:30,000001,未知,11.52,11.52,11.5,11.51,7418,8539215
20250304,13:35,000001,未知,11.51,11.52,11.5,11.5,7630,8781759
20250304,13:40,000001,未知,11.51,11.52,11.5,11.52,4589,5281666
20250304,13:45,000001,未知,11.51,11.52,11.51,11.51,6074,6992464
20250304,13:50,000001,未知,11.51,11.52,11.51,11.52,3025,3482594
20250304,13:55,000001,未知,11.51,11.53,11.51,11.52,12603,14516679
20250304,14:00,000001,未知,11.51,11.52,11.51,11.52,4968,5721054
20250304,14:05,000001,未知,11.51,11.52,11.51,11.52,4636,5337415
20250304,14:10,000001,未知,11.51,11.52,11.51,11.51,4949,5698850
20250304,14:15,000001,未知,11.51,11.52,11.51,11.52,7001,8062585
20250304,14:20,000001,未知,11.51,11.52,11.51,11.52,5819,6700855
20250304,14:25,000001,未知,11.51,11.52,11.51,11.51,6255,7202439
20250304,14:30,000001,未知,11.52,11.53,11.51,11.53,16530,19046570
20250304,14:35,000001,未知,11.52,11.53,11.51,11.52,4582,5279445
20250304,14:40,000001,未知,11.51,11.53,11.51,11.52,8580,9883984
20250304,14:45,000001,未知,11.52,11.52,11.51,11.51,7092,8164971
20250304,14:50,000001,未知,11.52,11.52,11.5,11.51,19534,22485268
20250304,14:55,000001,未知,11.51,11.52,11.5,11.51,17137,19723930
20250304,15:00,000001,未知,11.51,11.52,11.5,11.51,24607,28321798
20250305,09:35,000001,未知,11.52,11.53,11.48,11.49,36949,42490297
20250305,09:40,000001,未知,11.48,11.51,11.48,11.51,17906,20583544
20250305,09:45,000001,未知,11.52,11.57,11.51,11.56,69078,79798160
20250305,09:50,000001,未知,11.55,11.6,11.55,11.59,69162,80113005
20250305,09:55,000001,未知,11.58,11.6,11.58,11.6,36705,42535167
20250305,10:00,000001,未知,11.6,11.6,11.57,11.57,32257,37374916
20250305,10:05,000001,未知,11.58,11.59,11.57,11.57,22605,26178617
20250305,10:10,000001,未知,11.57,11.58,11.56,11.57,18988,21968299
20250305,10:15,000001,未知,11.57,11.58,11.56,11.57,15195,17577381
20250305,10:20,000001,未知,11.56,11.59,11.56,11.58,19598,22691079
20250305,10:25,000001,未知,11.58,11.6,11.58,11.6,31764,36835710
20250305,10:30,000001,未知,11.6,11.62,11.59,11.61,52732,61224547
20250305,10:35,000001,未知,11.62,11.62,11.6,11.61,24204,28103969
20250305,10:40,000001,未知,11.61,11.61,11.6,11.6,9412,10920334
20250305,10:45,000001,未知,11.6,11.6,11.58,11.6,7807,9051331
20250305,10:50,000001,未知,11.6,11.6,11.59,11.59,4233,4907581
20250305,10:55,000001,未知,11.59,11.6,11.58,11.58,6827,7914441
20250305,11:00,000001,未知,11.58,11.6,11.57,11.57,12876,14904598
20250305,11:05,000001,未知,11.57,11.59,11.57,11.59,9620,11134914
20250305,11:10,000001,未知,11.58,11.6,11.58,11.59,10587,12269009
20250305,11:15,000001,未知,11.59,11.63,11.58,11.63,62051,72061622
20250305,11:20,000001,未知,11.62,11.67,11.62,11.64,72802,84805533
20250305,11:25,000001,未知,11.64,11.66,11.64,11.66,26990,31445222
20250305,11:30,000001,未知,11.65,11.67,11.65,11.65,32044,37364983
20250305,13:05,000001,未知,11.66,11.66,11.63,11.64,32772,38168835
20250305,13:10,000001,未知,11.64,11.65,11.63,11.65,27302,31772825
20250305,13:15,000001,未知,11.65,11.66,11.64,11.65,15546,18108559
20250305,13:20,000001,未知,11.65,11.65,11.63,11.63,8055,9374980
20250305,13:25,000001,未知,11.63,11.64,11.62,11.64,9030,10500966
20250305,13:30,000001,未知,11.64,11.65,11.63,11.63,15856,18454436
20250305,13:35,000001,未知,11.63,11.64,11.63,11.64,11792,13717281
20250305,13:40,000001,未知,11.63,11.64,11.63,11.64,6644,7731498
20250305,13:45,000001,未知,11.63,11.65,11.63,11.63,8035,9351323
20250305,13:50,000001,未知,11.64,11.65,11.63,11.64,15148,17631969
20250305,13:55,000001,未知,11.64,11.66,11.64,11.65,21207,24705801
20250305,14:00,000001,未知,11.65,11.66,11.65,11.65,29849,34800977
20250305,14:05,000001,未知,11.66,11.67,11.65,11.65,14465,16862551
20250305,14:10,000001,未知,11.65,11.66,11.64,11.64,8831,10287957
20250305,14:15,000001,未知,11.65,11.66,11.64,11.65,5647,6577427
20250305,14:20,000001,未知,11.64,11.65,11.64,11.65,9732,11334083
20250305,14:25,000001,未知,11.66,11.66,11.64,11.65,12884,15007509
20250305,14:30,000001,未知,11.66,11.66,11.65,11.65,8691,10128159
20250305,14:35,000001,未知,11.66,11.66,11.65,11.65,13200,15383224
20250305,14:40,000001,未知,11.66,11.66,11.65,11.66,11023,12847532
20250305,14:45,000001,未知,11.65,11.67,11.65,11.66,31909,37209472
20250305,14:50,000001,未知,11.66,11.67,11.65,11.67,17675,20612608
20250305,14:55,000001,未知,11.66,11.67,11.66,11.66,19794,23085331
20250305,15:00,000001,未知,11.67,11.67,11.65,11.66,23166,27011097
20250306,09:35,000001,未知,11.69,11.69,11.62,11.63,80961,94341019
20250306,09:40,000001,未知,11.64,11.68,11.63,11.66,37087,43229151
20250306,09:45,000001,未知,11.67,11.67,11.62,11.63,29519,34373443
20250306,09:50,000001,未知,11.63,11.63,11.6,11.61,47876,55610419
20250306,09:55,000001,未知,11.61,11.63,11.6,11.62,33118,38457539
20250306,10:00,000001,未知,11.62,11.65,11.62,11.65,24888,28949092
20250306,10:05,000001,未知,11.65,11.67,11.64,11.67,31391,36583694
20250306,10:10,000001,未知,11.67,11.67,11.65,11.66,20295,23666314
20250306,10:15,000001,未知,11.66,11.66,11.64,11.65,22505,26220397
20250306,10:20,000001,未知,11.66,11.66,11.64,11.65,16528,19255455
20250306,10:25,000001,未知,11.65,11.68,11.65,11.68,27805,32428051
20250306,10:30,000001,未知,11.68,11.68,11.65,11.66,11743,13692793
20250306,10:35,000001,未知,11.65,11.66,11.63,11.65,14684,17095056
20250306,10:40,000001,未知,11.64,11.65,11.64,11.64,8983,10458367
20250306,10:45,000001,未知,11.64,11.66,11.64,11.65,7942,9250437
20250306,10:50,000001,未知,11.65,11.66,11.65,11.65,12698,14797903
20250306,10:55,000001,未知,11.65,11.66,11.65,11.65,6996,8151845
20250306,11:00,000001,未知,11.65,11.66,11.64,11.65,8659,10089304
20250306,11:05,000001,未知,11.65,11.66,11.64,11.65,13572,15812179
20250306,11:10,000001,未知,11.65,11.66,11.64,11.64,7695,8961290
20250306,11:15,000001,未知,11.65,11.66,11.64,11.64,5681,6616622
20250306,11:20,000001,未知,11.65,11.65,11.64,11.64,4883,5686725
20250306,11:25,000001,未知,11.65,11.66,11.64,11.66,7070,8236831
20250306,11:30,000001,未知,11.65,11.67,11.65,11.66,17657,20594517
20250306,13:05,000001,未知,11.67,11.67,11.63,11.64,34037,39646386
20250306,13:10,000001,未知,11.64,11.65,11.63,11.64,9513,11075778
20250306,13:15,000001,未知,11.65,11.65,11.62,11.62,28472,33131401
20250306,13:20,000001,未知,11.62,11.64,11.62,11.64,15776,18349522
20250306,13:25,000001,未知,11.63,11.64,11.62,11.64,11386,13243261
20250306,13:30,000001,未知,11.64,11.64,11.63,11.63,5652,6576905
20250306,13:35,000001,未知,11.63,11.65,11.63,11.64,12264,14271871
20250306,13:40,000001,未知,11.64,11.65,11.63,11.64,8556,9958709
20250306,13:45,000001,未知,11.65,11.65,11.64,11.65,6877,8006867
20250306,13:50,000001,未知,11.64,11.65,11.63,11.64,6503,7570144
20250306,13:55,000001,未知,11.64,11.65,11.64,11.65,7851,9142593
20250306,14:00,000001,未知,11.64,11.66,11.64,11.65,7256,8449908
20250306,14:05,000001,未知,11.65,11.66,11.64,11.66,10917,12720452
20250306,14:10,000001,未知,11.66,11.67,11.65,11.65,24026,28011133
20250306,14:15,000001,未知,11.65,11.67,11.65,11.65,24594,28670992
20250306,14:20,000001,未知,11.66,11.66,11.65,11.65,17083,19914583
20250306,14:25,000001,未知,11.65,11.66,11.65,11.66,10945,12757205
20250306,14:30,000001,未知,11.65,11.66,11.65,11.65,12275,14308212
20250306,14:35,000001,未知,11.66,11.67,11.65,11.66,27022,31498480
20250306,14:40,000001,未知,11.65,11.66,11.64,11.64,15178,17680868
20250306,14:45,000001,未知,11.65,11.65,11.63,11.64,20448,23799384
20250306,14:50,000001,未知,11.64,11.66,11.63,11.65,16125,18780214
20250306,14:55,000001,未知,11.65,11.65,11.63,11.64,18248,21243140
20250306,15:00,000001,未知,11.64,11.65,11.63,11.63,26168,30439957
20250307,09:35,000001,未知,11.63,11.67,11.62,11.66,42872,49932021
20250307,09:40,000001,未知,11.65,11.67,11.65,11.66,37977,44285281
20250307,09:45,000001,未知,11.66,11.69,11.65,11.67,45013,52525420
20250307,09:50,000001,未知,11.66,11.66,11.65,11.66,14156,16495514
20250307,09:55,000001,未知,11.66,11.67,11.65,11.65,15179,17691209
20250307,10:00,000001,未知,11.65,11.67,11.64,11.65,18561,21645921
20250307,10:05,000001,未知,11.65,11.67,11.64,11.64,11783,13729483
20250307,10:10,000001,未知,11.65,11.65,11.62,11.63,28107,32695108
20250307,10:15,000001,未知,11.63,11.64,11.62,11.63,15711,18272549
20250307,10:20,000001,未知,11.63,11.65,11.63,11.64,10988,12788125
20250307,10:25,000001,未知,11.63,11.64,11.62,11.63,16133,18767105
20250307,10:30,000001,未知,11.63,11.63,11.61,11.62,20718,24074218
20250307,10:35,000001,未知,11.62,11.62,11.6,11.61,23315,27068733
20250307,10:40,000001,未知,11.61,11.62,11.6,11.61,22275,25860169
20250307,10:45,000001,未知,11.61,11.62,11.6,11.61,10785,12521452
20250307,10:50,000001,未知,11.61,11.62,11.6,11.61,9251,10738481
20250307,10:55,000001,未知,11.6,11.61,11.6,11.61,6031,6998797
20250307,11:00,000001,未知,11.61,11.62,11.6,11.62,7433,8631726
20250307,11:05,000001,未知,11.62,11.62,11.6,11.62,9159,10632709
20250307,11:10,000001,未知,11.62,11.62,11.6,11.62,7974,9257493
20250307,11:15,000001,未知,11.61,11.62,11.61,11.61,4881,5668729
20250307,11:20,000001,未知,11.61,11.62,11.61,11.62,6939,8059423
20250307,11:25,000001,未知,11.62,11.62,11.61,11.61,5630,6539054
20250307,11:30,000001,未知,11.61,11.62,11.61,11.62,6588,7651893
20250307,13:05,000001,未知,11.62,11.64,11.6,11.64,26012,30221009
20250307,13:10,000001,未知,11.63,11.65,11.63,11.64,20650,24036503
20250307,13:15,000001,未知,11.64,11.66,11.63,11.65,27598,32152195
20250307,13:20,000001,未知,11.64,11.66,11.64,11.64,13635,15889288
20250307,13:25,000001,未知,11.65,11.67,11.65,11.65,20867,24334742
20250307,13:30,000001,未知,11.66,11.66,11.64,11.65,7812,9099528
20250307,13:35,000001,未知,11.65,11.66,11.64,11.66,13873,16168531
20250307,13:40,000001,未知,11.66,11.67,11.64,11.65,15976,18625160
20250307,13:45,000001,未知,11.65,11.66,11.64,11.66,11943,13918563
20250307,13:50,000001,未知,11.65,11.66,11.64,11.66,15311,17839332
20250307,13:55,000001,未知,11.65,11.66,11.65,11.66,8033,9361976
20250307,14:00,000001,未知,11.66,11.67,11.65,11.67,25157,29343533
20250307,14:05,000001,未知,11.67,11.68,11.66,11.67,29657,34627257
20250307,14:10,000001,未知,11.68,11.68,11.66,11.67,20237,23619914
20250307,14:15,000001,未知,11.66,11.68,11.66,11.67,25180,29386731
20250307,14:20,000001,未知,11.67,11.68,11.66,11.68,22435,26192454
20250307,14:25,000001,未知,11.67,11.68,11.67,11.68,8295,9685399
20250307,14:30,000001,未知,11.67,11.68,11.66,11.66,20401,23810522
20250307,14:35,000001,未知,11.66,11.67,11.65,11.66,25997,30316038
20250307,14:40,000001,未知,11.65,11.67,11.64,11.65,14375,16752261
20250307,14:45,000001,未知,11.66,11.66,11.64,11.65,12051,14041914
20250307,14:50,000001,未知,11.65,11.67,11.65,11.66,16008,18663182
20250307,14:55,000001,未知,11.66,11.67,11.65,11.66,14707,17148795
20250307,15:00,000001,未知,11.67,11.67,11.65,11.67,21868,25513521
20250310,09:35,000001,未知,11.66,11.66,11.62,11.65,58424,67998484
20250310,09:40,000001,未知,11.65,11.67,11.63,11.63,22784,26552782
20250310,09:45,000001,未知,11.63,11.65,11.62,11.62,20196,23493264
20250310,09:50,000001,未知,11.62,11.63,11.61,11.61,29180,33903261
20250310,09:55,000001,未知,11.62,11.62,11.59,11.59,47214,54768186
20250310,10:00,000001,未知,11.6,11.6,11.57,11.57,36202,41941105
20250310,10:05,000001,未知,11.57,11.58,11.56,11.57,28390,32855598
20250310,10:10,000001,未知,11.57,11.6,11.57,11.59,22275,25800758
20250310,10:15,000001,未知,11.59,11.6,11.58,11.58,8862,10266269
20250310,10:20,000001,未知,11.58,11.59,11.57,11.58,7477,8658754
20250310,10:25,000001,未知,11.58,11.58,11.57,11.57,10098,11687787
20250310,10:30,000001,未知,11.58,11.59,11.57,11.58,19422,22484153
20250310,10:35,000001,未知,11.59,11.6,11.58,11.6,11778,13644122
20250310,10:40,000001,未知,11.59,11.6,11.58,11.58,9118,10564048
20250310,10:45,000001,未知,11.58,11.59,11.58,11.59,9833,11388751
20250310,10:50,000001,未知,11.58,11.59,11.58,11.59,9173,10625224
20250310,10:55,000001,未知,11.58,11.59,11.57,11.58,15185,17583848
20250310,11:00,000001,未知,11.57,11.58,11.56,11.56,28155,32576341
20250310,11:05,000001,未知,11.57,11.57,11.55,11.56,34544,39926262
20250310,11:10,000001,未知,11.56,11.57,11.55,11.56,21010,24286793
20250310,11:15,000001,未知,11.56,11.57,11.55,11.55,12199,14102839
20250310,11:20,000001,未知,11.56,11.58,11.55,11.57,7234,8366266
20250310,11:25,000001,未知,11.56,11.57,11.56,11.56,5361,6198623
20250310,11:30,000001,未知,11.57,11.59,11.56,11.57,7534,8719772
20250310,13:05,000001,未知,11.57,11.58,11.56,11.57,12591,14564047
20250310,13:10,000001,未知,11.58,11.58,11.56,11.58,7240,8378468
20250310,13:15,000001,未知,11.57,11.58,11.55,11.56,10622,12282723
20250310,13:20,000001,未知,11.57,11.57,11.56,11.56,4618,5339457
20250310,13:25,000001,未知,11.56,11.57,11.56,11.57,5962,6895200
20250310,13:30,000001,未知,11.56,11.57,11.56,11.57,3273,3785087
20250310,13:35,000001,未知,11.57,11.57,11.56,11.57,11330,13102821
20250310,13:40,000001,未知,11.56,11.57,11.56,11.57,8979,10381544
20250310,13:45,000001,未知,11.56,11.59,11.56,11.58,10027,11604647
20250310,13:50,000001,未知,11.57,11.58,11.56,11.57,4309,4986174
20250310,13:55,000001,未知,11.57,11.58,11.56,11.57,3295,3812308
20250310,14:00,000001,未知,11.57,11.58,11.56,11.56,4827,5583826
20250310,14:05,000001,未知,11.56,11.58,11.56,11.57,4199,4856382
20250310,14:10,000001,未知,11.57,11.58,11.56,11.56,4768,5515821
20250310,14:15,000001,未知,11.57,11.58,11.56,11.57,4162,4816916
20250310,14:20,000001,未知,11.57,11.59,11.57,11.58,9210,10666613
20250310,14:25,000001,未知,11.59,11.59,11.58,11.59,6007,6957808
20250310,14:30,000001,未知,11.59,11.59,11.57,11.58,5267,6099745
20250310,14:35,000001,未知,11.58,11.59,11.58,11.59,9245,10711813
20250310,14:40,000001,未知,11.58,11.59,11.58,11.59,8459,9797506
20250310,14:45,000001,未知,11.59,11.59,11.57,11.59,10048,11635863
20250310,14:50,000001,未知,11.58,11.59,11.58,11.58,10068,11662104
20250310,14:55,000001,未知,11.57,11.59,11.57,11.58,10562,12234550
20250310,15:00,000001,未知,11.59,11.6,11.58,11.59,13118,15203312
20250311,09:35,000001,未知,11.54,11.56,11.52,11.55,67357,77719461
20250311,09:40,000001,未知,11.55,11.56,11.54,11.56,18868,21798077
20250311,09:45,000001,未知,11.55,11.58,11.55,11.58,15805,18285350
20250311,09:50,000001,未知,11.58,11.58,11.55,11.55,12626,14593467
20250311,09:55,000001,未知,11.56,11.56,11.55,11.56,9676,11180689
20250311,10:00,000001,未知,11.56,11.56,11.55,11.55,7645,8833677
20250311,10:05,000001,未知,11.56,11.56,11.53,11.54,23386,26986991
20250311,10:10,000001,未知,11.54,11.55,11.53,11.54,10402,12004403
20250311,10:15,000001,未知,11.55,11.58,11.54,11.56,15597,18034652
20250311,10:20,000001,未知,11.57,11.58,11.56,11.58,10341,11963452
20250311,10:25,000001,未知,11.58,11.58,11.56,11.57,6401,7403573
20250311,10:30,000001,未知,11.57,11.57,11.55,11.56,12243,14154931
20250311,10:35,000001,未知,11.56,11.58,11.56,11.57,17064,19741934
20250311,10:40,000001,未知,11.58,11.58,11.56,11.57,3245,3753380
20250311,10:45,000001,未知,11.56,11.58,11.56,11.56,19795,22913173
20250311,10:50,000001,未知,11.57,11.57,11.54,11.54,21920,25327808
20250311,10:55,000001,未知,11.54,11.55,11.54,11.54,13261,15308495
20250311,11:00,000001,未知,11.55,11.56,11.54,11.55,4995,5769788
20250311,11:05,000001,未知,11.55,11.56,11.55,11.55,3127,3613721
20250311,11:10,000001,未知,11.55,11.55,11.54,11.55,6741,7783054
20250311,11:15,000001,未知,11.55,11.55,11.54,11.55,4887,5642598
20250311,11:20,000001,未知,11.55,11.56,11.54,11.55,8774,10133920
20250311,11:25,000001,未知,11.55,11.57,11.54,11.57,12870,14875066
20250311,11:30,000001,未知,11.57,11.6,11.57,11.59,21879,25347960
20250311,13:05,000001,未知,11.59,11.59,11.55,11.55,15140,17527258
20250311,13:10,000001,未知,11.56,11.56,11.55,11.56,8282,9568452
20250311,13:15,000001,未知,11.56,11.57,11.55,11.57,4671,5399426
20250311,13:20,000001,未知,11.56,11.58,11.55,11.57,12224,14133739
20250311,13:25,000001,未知,11.56,11.58,11.56,11.56,8162,9442848
20250311,13:30,000001,未知,11.56,11.58,11.56,11.57,2658,3076449
20250311,13:35,000001,未知,11.57,11.58,11.56,11.57,6296,7284040
20250311,13:40,000001,未知,11.57,11.58,11.56,11.58,4439,5135922
20250311,13:45,000001,未知,11.57,11.58,11.56,11.57,7437,8604511
20250311,13:50,000001,未知,11.57,11.58,11.56,11.56,3262,3772817
20250311,13:55,000001,未知,11.56,11.57,11.56,11.57,4080,4718656
20250311,14:00,000001,未知,11.56,11.57,11.56,11.56,9512,10997763
20250311,14:05,000001,未知,11.57,11.58,11.56,11.56,9187,10630010
20250311,14:10,000001,未知,11.57,11.58,11.56,11.57,8241,9538604
20250311,14:15,000001,未知,11.57,11.58,11.56,11.58,5853,6772211
20250311,14:20,000001,未知,11.57,11.58,11.56,11.57,11141,12889552
20250311,14:25,000001,未知,11.56,11.58,11.56,11.56,5673,6562128
20250311,14:30,000001,未知,11.57,11.57,11.56,11.56,9496,10984218
20250311,14:35,000001,未知,11.57,11.57,11.56,11.56,7175,8297708
20250311,14:40,000001,未知,11.57,11.58,11.56,11.57,12052,13944817
20250311,14:45,000001,未知,11.57,11.59,11.56,11.59,15326,17743177
20250311,14:50,000001,未知,11.58,11.6,11.57,11.58,24117,27938729
20250311,14:55,000001,未知,11.58,11.6,11.58,11.59,30354,35185331
20250311,15:00,000001,未知,11.59,11.61,11.59,11.61,35292,40959931
20250312,09:35,000001,未知,11.6,11.6,11.56,11.58,53453,61904214
20250312,09:40,000001,未知,11.58,11.59,11.56,11.59,23920,27698497
20250312,09:45,000001,未知,11.59,11.62,11.58,11.61,24681,28621893
20250312,09:50,000001,未知,11.61,11.66,11.61,11.66,74845,87116684
20250312,09:55,000001,未知,11.67,11.7,11.66,11.7,89056,103955884
20250312,10:00,000001,未知,11.7,11.72,11.68,11.68,70004,81901949
20250312,10:05,000001,未知,11.68,11.71,11.68,11.69,38417,44927530
20250312,10:10,000001,未知,11.7,11.75,11.69,11.73,91562,107365892
20250312,10:15,000001,未知,11.73,11.76,11.73,11.75,88953,104507411
20250312,10:20,000001,未知,11.75,11.79,11.74,11.79,88137,103735940
20250312,10:25,000001,未知,11.79,11.8,11.77,11.79,66933,78893275
20250312,10:30,000001,未知,11.78,11.8,11.78,11.79,56287,66388987
20250312,10:35,000001,未知,11.79,11.8,11.77,11.77,52135,61451407
20250312,10:40,000001,未知,11.77,11.79,11.77,11.78,26392,31079195
20250312,10:45,000001,未知,11.78,11.8,11.78,11.79,32770,38639467
20250312,10:50,000001,未知,11.79,11.81,11.79,11.81,83843,98955608
20250312,10:55,000001,未知,11.81,11.83,11.79,11.82,81336,96067138
20250312,11:00,000001,未知,11.83,11.85,11.82,11.84,55969,66250497
20250312,11:05,000001,未知,11.84,11.87,11.84,11.85,57559,68220102
20250312,11:10,000001,未知,11.85,11.86,11.84,11.85,25372,30073169
20250312,11:15,000001,未知,11.85,11.86,11.83,11.84,27826,32957136
20250312,11:20,000001,未知,11.84,11.85,11.82,11.82,19570,23148097
20250312,11:25,000001,未知,11.83,11.83,11.81,11.82,21929,25914766
20250312,11:30,000001,未知,11.82,11.84,11.81,11.83,23519,27809967
20250312,13:05,000001,未知,11.83,11.84,11.81,11.81,36060,42651787
20250312,13:10,000001,未知,11.81,11.82,11.8,11.81,14808,17483780
20250312,13:15,000001,未知,11.8,11.81,11.78,11.8,28605,33735161
20250312,13:20,000001,未知,11.79,11.82,11.79,11.81,18449,21780904
20250312,13:25,000001,未知,11.81,11.82,11.8,11.8,15954,18844239
20250312,13:30,000001,未知,11.81,11.82,11.8,11.81,17592,20779188
20250312,13:35,000001,未知,11.81,11.84,11.81,11.84,22730,26877180
20250312,13:40,000001,未知,11.84,11.85,11.83,11.84,26584,31477535
20250312,13:45,000001,未知,11.84,11.85,11.83,11.83,25143,29765304
20250312,13:50,000001,未知,11.83,11.84,11.82,11.83,13766,16280464
20250312,13:55,000001,未知,11.83,11.83,11.82,11.82,15873,18769577
20250312,14:00,000001,未知,11.82,11.84,11.82,11.83,17136,20269362
20250312,14:05,000001,未知,11.84,11.85,11.84,11.85,32115,38050917
20250312,14:10,000001,未知,11.85,11.85,11.84,11.84,38454,45550762
20250312,14:15,000001,未知,11.85,11.86,11.84,11.85,27940,33099351
20250312,14:20,000001,未知,11.85,11.86,11.83,11.84,28350,33587998
20250312,14:25,000001,未知,11.85,11.85,11.82,11.82,27796,32905233
20250312,14:30,000001,未知,11.83,11.83,11.82,11.82,14149,16732143
20250312,14:35,000001,未知,11.82,11.84,11.82,11.84,16827,19907353
20250312,14:40,000001,未知,11.84,11.84,11.83,11.83,13500,15977638
20250312,14:45,000001,未知,11.84,11.85,11.83,11.85,37396,44271517
20250312,14:50,000001,未知,11.84,11.85,11.83,11.84,26185,30998012
20250312,14:55,000001,未知,11.84,11.84,11.83,11.84,30961,36644643
20250312,15:00,000001,未知,11.84,11.85,11.83,11.85,56477,66895790
20250313,09:35,000001,未知,11.81,11.83,11.81,11.83,52693,62285732
20250313,09:40,000001,未知,11.83,11.86,11.81,11.83,46182,54670059
20250313,09:45,000001,未知,11.83,11.86,11.83,11.83,44743,53015347
20250313,09:50,000001,未知,11.83,11.87,11.83,11.86,62789,74474451
20250313,09:55,000001,未知,11.85,11.88,11.85,11.87,54139,64219736
20250313,10:00,000001,未知,11.88,11.88,11.83,11.83,37839,44896657
20250313,10:05,000001,未知,11.84,11.88,11.83,11.87,38869,46077642
20250313,10:10,000001,未知,11.87,11.89,11.87,11.88,63855,75880018
20250313,10:15,000001,未知,11.88,11.88,11.86,11.86,16551,19650026
20250313,10:20,000001,未知,11.86,11.88,11.83,11.86,60645,71882668
20250313,10:25,000001,未知,11.86,11.9,11.86,11.88,51040,60669033
20250313,10:30,000001,未知,11.89,11.89,11.86,11.86,16114,19141558
20250313,10:35,000001,未知,11.86,11.88,11.86,11.86,25670,30459582
20250313,10:40,000001,未知,11.86,11.87,11.83,11.85,61184,72482078
20250313,10:45,000001,未知,11.85,11.88,11.84,11.87,31973,37936209
20250313,10:50,000001,未知,11.88,11.9,11.87,11.89,52574,62491956
20250313,10:55,000001,未知,11.89,11.9,11.88,11.9,35592,42328415
20250313,11:00,000001,未知,11.9,11.91,11.89,11.91,35731,42512296
20250313,11:05,000001,未知,11.9,11.91,11.9,11.9,33102,39415857
20250313,11:10,000001,未知,11.9,11.91,11.88,11.88,17438,20740726
20250313,11:15,000001,未知,11.88,11.89,11.86,11.87,19781,23490865
20250313,11:20,000001,未知,11.87,11.88,11.86,11.87,21147,25100922
20250313,11:25,000001,未知,11.87,11.89,11.86,11.88,14283,16961799
20250313,11:30,000001,未知,11.88,11.89,11.86,11.87,19828,23560006
20250313,13:05,000001,未知,11.86,11.87,11.85,11.85,31411,37249724
20250313,13:10,000001,未知,11.85,11.85,11.82,11.82,24508,28997536
20250313,13:15,000001,未知,11.82,11.83,11.81,11.82,24073,28450407
20250313,13:20,000001,未知,11.82,11.83,11.81,11.82,13779,16285759
20250313,13:25,000001,未知,11.82,11.82,11.81,11.82,15404,18201442
20250313,13:30,000001,未知,11.82,11.82,11.8,11.81,18000,21258250
20250313,13:35,000001,未知,11.82,11.82,11.79,11.79,30349,35807151
20250313,13:40,000001,未知,11.79,11.8,11.78,11.78,18832,22196670
20250313,13:45,000001,未知,11.79,11.81,11.78,11.81,17782,20978842
20250313,13:50,000001,未知,11.8,11.83,11.79,11.81,20274,23950527
20250313,13:55,000001,未知,11.82,11.83,11.8,11.81,8776,10367896
20250313,14:00,000001,未知,11.81,11.81,11.79,11.8,7307,8623947
20250313,14:05,000001,未知,11.8,11.8,11.79,11.79,9782,11537815
20250313,14:10,000001,未知,11.79,11.8,11.79,11.79,13096,15447203
20250313,14:15,000001,未知,11.8,11.81,11.79,11.8,15628,18439934
20250313,14:20,000001,未知,11.8,11.81,11.79,11.8,16738,19748052
20250313,14:25,000001,未知,11.8,11.81,11.79,11.8,10361,12225567
20250313,14:30,000001,未知,11.81,11.82,11.79,11.82,16362,19317096
20250313,14:35,000001,未知,11.81,11.82,11.8,11.81,11770,13898142
20250313,14:40,000001,未知,11.81,11.82,11.81,11.82,6718,7939009
20250313,14:45,000001,未知,11.82,11.82,11.81,11.82,8683,10261001
20250313,14:50,000001,未知,11.81,11.83,11.81,11.82,19384,22915462
20250313,14:55,000001,未知,11.81,11.82,11.8,11.82,14617,17262986
20250313,15:00,000001,未知,11.82,11.84,11.81,11.84,24975,29542624
20250314,09:35,000001,未知,11.82,11.89,11.82,11.87,74621,88515559
20250314,09:40,000001,未知,11.88,11.92,11.87,11.91,50438,60004722
20250314,09:45,000001,未知,11.9,11.93,11.88,11.92,52503,62547312
20250314,09:50,000001,未知,11.9,11.92,11.89,11.9,22217,26444323
20250314,09:55,000001,未知,11.9,11.91,11.89,11.91,32655,38865361
20250314,10:00,000001,未知,11.91,11.92,11.89,11.9,44490,52996389
20250314,10:05,000001,未知,11.9,11.91,11.89,11.9,40631,48329192
20250314,10:10,000001,未知,11.9,11.92,11.9,11.91,44058,52475670
20250314,10:15,000001,未知,11.92,11.94,11.91,11.94,67827,80922689
20250314,10:20,000001,未知,11.94,11.94,11.92,11.94,40180,47946874
20250314,10:25,000001,未知,11.93,11.96,11.93,11.95,91586,109444192
20250314,10:30,000001,未知,11.95,11.98,11.94,11.98,72984,87257129
20250314,10:35,000001,未知,11.98,11.99,11.97,11.97,73375,87898911
20250314,10:40,000001,未知,11.98,11.98,11.96,11.98,49300,59005495
20250314,10:45,000001,未知,11.98,11.99,11.97,11.97,72434,86797399
20250314,10:50,000001,未知,11.98,11.99,11.96,11.97,41035,49137394
20250314,10:55,000001,未知,11.98,12,11.97,11.99,65969,79063364
20250314,11:00,000001,未知,11.99,12,11.97,11.98,29497,35348936
20250314,11:05,000001,未知,11.98,11.99,11.96,11.97,36710,43959198
20250314,11:10,000001,未知,11.97,11.97,11.96,11.96,20081,24026395
20250314,11:15,000001,未知,11.96,11.99,11.96,11.99,25139,30117327
20250314,11:20,000001,未知,11.98,12,11.98,12,38457,46105780
20250314,11:25,000001,未知,11.99,12,11.97,11.97,24601,29482511
20250314,11:30,000001,未知,11.98,11.99,11.96,11.97,34810,41712428
20250314,13:05,000001,未知,11.97,12,11.97,11.99,61905,74166488
20250314,13:10,000001,未知,12,12,11.96,11.96,22496,26936610
20250314,13:15,000001,未知,11.96,11.97,11.93,11.94,37974,45362875
20250314,13:20,000001,未知,11.93,11.96,11.93,11.95,25807,30832442
20250314,13:25,000001,未知,11.96,11.96,11.94,11.94,13506,16141128
20250314,13:30,000001,未知,11.95,11.95,11.93,11.94,15719,18773027
20250314,13:35,000001,未知,11.95,11.95,11.94,11.94,14494,17310874
20250314,13:40,000001,未知,11.95,11.95,11.94,11.94,13301,15888017
20250314,13:45,000001,未知,11.94,11.95,11.93,11.93,22783,27191390
20250314,13:50,000001,未知,11.93,11.95,11.93,11.95,16165,19298461
20250314,13:55,000001,未知,11.94,11.95,11.94,11.94,19664,23494428
20250314,14:00,000001,未知,11.94,11.96,11.94,11.96,12846,15350229
20250314,14:05,000001,未知,11.96,11.96,11.94,11.95,20346,24314578
20250314,14:10,000001,未知,11.94,11.95,11.93,11.94,17016,20316534
20250314,14:15,000001,未知,11.94,11.95,11.93,11.94,18549,22143667
20250314,14:20,000001,未知,11.93,11.94,11.93,11.93,12964,15469327
20250314,14:25,000001,未知,11.93,11.95,11.93,11.94,24397,29130453
20250314,14:30,000001,未知,11.94,11.96,11.94,11.96,25470,30438790
20250314,14:35,000001,未知,11.95,11.96,11.94,11.95,18222,21780410
20250314,14:40,000001,未知,11.96,11.96,11.95,11.96,16226,19397211
20250314,14:45,000001,未知,11.95,11.96,11.95,11.96,23093,27609583
20250314,14:50,000001,未知,11.95,11.97,11.95,11.96,44660,53414124
20250314,14:55,000001,未知,11.96,11.97,11.96,11.96,33775,40407977
20250314,15:00,000001,未知,11.96,11.97,11.95,11.97,45442,54374034
20250317,09:35,000001,未知,11.63,11.65,11.56,11.56,1000678,1162139531
20250317,09:40,000001,未知,11.57,11.59,11.51,11.52,440731,509236875
20250317,09:45,000001,未知,11.52,11.53,11.48,11.53,363746,418586609
20250317,09:50,000001,未知,11.53,11.54,11.49,11.54,216758,249451527
20250317,09:55,000001,未知,11.53,11.57,11.51,11.57,151177,174402705
20250317,10:00,000001,未知,11.57,11.57,11.53,11.56,153625,177450055
20250317,10:05,000001,未知,11.56,11.58,11.55,11.57,68093,78744900
20250317,10:10,000001,未知,11.57,11.57,11.54,11.56,90222,104234766
20250317,10:15,000001,未知,11.56,11.56,11.53,11.55,84456,97495752
20250317,10:20,000001,未知,11.55,11.55,11.53,11.54,64372,74280815
20250317,10:25,000001,未知,11.54,11.56,11.53,11.56,65856,76047093
20250317,10:30,000001,未知,11.55,11.56,11.54,11.54,70703,81649689
20250317,10:35,000001,未知,11.54,11.55,11.53,11.55,59649,68836254
20250317,10:40,000001,未知,11.55,11.56,11.54,11.55,57145,65983182
20250317,10:45,000001,未知,11.55,11.55,11.53,11.54,55977,64609088
20250317,10:50,000001,未知,11.54,11.54,11.52,11.53,86653,99900503
20250317,10:55,000001,未知,11.52,11.53,11.52,11.53,46814,53964038
20250317,11:00,000001,未知,11.53,11.53,11.52,11.52,67057,77280384
20250317,11:05,000001,未知,11.53,11.53,11.52,11.53,43977,50688968
20250317,11:10,000001,未知,11.53,11.53,11.51,11.53,75072,86494604
20250317,11:15,000001,未知,11.52,11.53,11.51,11.53,52992,61055597
20250317,11:20,000001,未知,11.52,11.53,11.51,11.51,48587,55951435
20250317,11:25,000001,未知,11.52,11.52,11.51,11.52,37793,43529524
20250317,11:30,000001,未知,11.52,11.53,11.51,11.52,41688,48004403
20250317,13:05,000001,未知,11.53,11.53,11.51,11.53,73479,84675088
20250317,13:10,000001,未知,11.54,11.56,11.53,11.56,42066,48572167
20250317,13:15,000001,未知,11.56,11.56,11.53,11.54,50340,58129102
20250317,13:20,000001,未知,11.54,11.54,11.53,11.54,18771,21652241
20250317,13:25,000001,未知,11.54,11.54,11.53,11.53,22783,26277101
20250317,13:30,000001,未知,11.54,11.54,11.52,11.53,25585,29496996
20250317,13:35,000001,未知,11.53,11.53,11.52,11.52,22478,25912963
20250317,13:40,000001,未知,11.52,11.53,11.52,11.53,25999,29972074
20250317,13:45,000001,未知,11.53,11.53,11.52,11.53,26757,30845258
20250317,13:50,000001,未知,11.53,11.53,11.52,11.52,33270,38355293
20250317,13:55,000001,未知,11.52,11.53,11.52,11.52,67768,78075332
20250317,14:00,000001,未知,11.52,11.53,11.51,11.52,35070,40400805
20250317,14:05,000001,未知,11.51,11.52,11.51,11.51,27197,31318882
20250317,14:10,000001,未知,11.52,11.52,11.51,11.51,27044,31147416
20250317,14:15,000001,未知,11.52,11.52,11.5,11.52,127502,146756861
20250317,14:20,000001,未知,11.52,11.52,11.5,11.51,49900,57433653
20250317,14:25,000001,未知,11.51,11.52,11.5,11.52,24743,28482347
20250317,14:30,000001,未知,11.52,11.52,11.51,11.52,21195,24401380
20250317,14:35,000001,未知,11.51,11.52,11.5,11.51,54785,63059050
20250317,14:40,000001,未知,11.51,11.51,11.5,11.51,59553,68531893
20250317,14:45,000001,未知,11.5,11.52,11.5,11.51,59554,68534295
20250317,14:50,000001,未知,11.51,11.51,11.5,11.51,50725,58370560
20250317,14:55,000001,未知,11.5,11.51,11.5,11.51,106762,122860859
20250317,15:00,000001,未知,11.51,11.52,11.5,11.5,106465,122476209
20250318,09:35,000001,未知,11.52,11.54,11.49,11.51,189150,217728233
20250318,09:40,000001,未知,11.51,11.52,11.49,11.49,70414,81015181
20250318,09:45,000001,未知,11.49,11.52,11.49,11.52,69673,80150964
20250318,09:50,000001,未知,11.52,11.53,11.51,11.52,45682,52643708
20250318,09:55,000001,未知,11.53,11.53,11.51,11.51,42228,48649394
20250318,10:00,000001,未知,11.52,11.52,11.5,11.51,32742,37686244
20250318,10:05,000001,未知,11.5,11.52,11.5,11.51,36677,42213701
20250318,10:10,000001,未知,11.51,11.53,11.51,11.52,41477,47805825
20250318,10:15,000001,未知,11.52,11.54,11.52,11.54,74588,86010665
20250318,10:20,000001,未知,11.54,11.54,11.53,11.53,28494,32865469
20250318,10:25,000001,未知,11.53,11.53,11.52,11.52,16855,19423279
20250318,10:30,000001,未知,11.53,11.53,11.52,11.52,21048,24253995
20250318,10:35,000001,未知,11.53,11.53,11.51,11.51,22392,25794415
20250318,10:40,000001,未知,11.52,11.52,11.51,11.51,24509,28217788
20250318,10:45,000001,未知,11.51,11.52,11.5,11.52,30108,34653810
20250318,10:50,000001,未知,11.51,11.52,11.51,11.52,8385,9656319
20250318,10:55,000001,未知,11.52,11.52,11.5,11.5,25514,29372073
20250318,11:00,000001,未知,11.51,11.51,11.5,11.51,20863,24004259
20250318,11:05,000001,未知,11.51,11.51,11.5,11.51,14293,16446073
20250318,11:10,000001,未知,11.51,11.51,11.5,11.51,46721,53737027
20250318,11:15,000001,未知,11.5,11.51,11.49,11.49,53668,61714700
20250318,11:20,000001,未知,11.5,11.5,11.49,11.49,23978,27558379
20250318,11:25,000001,未知,11.5,11.5,11.48,11.48,54152,62228536
20250318,11:30,000001,未知,11.49,11.49,11.48,11.48,31683,36399298
20250318,13:05,000001,未知,11.49,11.49,11.48,11.48,48764,56018713
20250318,13:10,000001,未知,11.49,11.49,11.48,11.48,17936,20598043
20250318,13:15,000001,未知,11.49,11.49,11.48,11.48,13095,15038548
20250318,13:20,000001,未知,11.48,11.5,11.48,11.49,33453,38433794
20250318,13:25,000001,未知,11.49,11.49,11.48,11.49,9731,11177830
20250318,13:30,000001,未知,11.49,11.5,11.48,11.5,30149,34643051
20250318,13:35,000001,未知,11.49,11.5,11.49,11.49,11883,13655622
20250318,13:40,000001,未知,11.5,11.5,11.48,11.48,26407,30329369
20250318,13:45,000001,未知,11.49,11.49,11.48,11.49,27111,31140790
20250318,13:50,000001,未知,11.49,11.5,11.49,11.5,17225,19796568
20250318,13:55,000001,未知,11.49,11.5,11.49,11.49,12431,14287055
20250318,14:00,000001,未知,11.49,11.5,11.49,11.49,8994,10337661
20250318,14:05,000001,未知,11.49,11.5,11.48,11.49,37824,43463700
20250318,14:10,000001,未知,11.49,11.49,11.48,11.48,14470,16620476
20250318,14:15,000001,未知,11.48,11.49,11.48,11.49,17510,20109126
20250318,14:20,000001,未知,11.49,11.49,11.48,11.49,29325,33691716
20250318,14:25,000001,未知,11.49,11.5,11.48,11.49,13524,15543429
20250318,14:30,000001,未知,11.5,11.5,11.49,11.49,15888,18265097
20250318,14:35,000001,未知,11.49,11.5,11.49,11.5,26206,30117412
20250318,14:40,000001,未知,11.5,11.5,11.49,11.5,18047,20741985
20250318,14:45,000001,未知,11.5,11.5,11.49,11.5,19815,22773154
20250318,14:50,000001,未知,11.49,11.5,11.49,11.49,27652,31779550
20250318,14:55,000001,未知,11.49,11.5,11.48,11.49,58996,67767662
20250318,15:00,000001,未知,11.48,11.49,11.48,11.49,43560,50044507
20250319,09:35,000001,未知,11.48,11.51,11.48,11.5,67330,77392917
20250319,09:40,000001,未知,11.5,11.51,11.48,11.48,51761,59509125
20250319,09:45,000001,未知,11.49,11.5,11.48,11.49,36467,41900752
20250319,09:50,000001,未知,11.49,11.51,11.49,11.49,31574,36302626
20250319,09:55,000001,未知,11.49,11.5,11.48,11.48,39548,45436447
20250319,10:00,000001,未知,11.49,11.49,11.48,11.49,27928,32080803
20250319,10:05,000001,未知,11.49,11.49,11.48,11.48,19379,22255497
20250319,10:10,000001,未知,11.49,11.49,11.48,11.48,12790,14691059
20250319,10:15,000001,未知,11.49,11.49,11.47,11.47,65306,74962095
20250319,10:20,000001,未知,11.47,11.48,11.46,11.46,42754,49032534
20250319,10:25,000001,未知,11.46,11.47,11.46,11.46,14416,16528737
20250319,10:30,000001,未知,11.46,11.48,11.46,11.48,39560,45370876
20250319,10:35,000001,未知,11.47,11.48,11.47,11.47,17039,19553133
20250319,10:40,000001,未知,11.47,11.48,11.46,11.47,36690,42094993
20250319,10:45,000001,未知,11.47,11.48,11.46,11.47,16411,18819043
20250319,10:50,000001,未知,11.47,11.49,11.47,11.49,30304,34786603
20250319,10:55,000001,未知,11.49,11.49,11.47,11.47,11419,13108277
20250319,11:00,000001,未知,11.47,11.48,11.47,11.48,9854,11306815
20250319,11:05,000001,未知,11.48,11.48,11.47,11.47,9025,10355527
20250319,11:10,000001,未知,11.47,11.49,11.47,11.49,15780,18114479
20250319,11:15,000001,未知,11.48,11.49,11.47,11.47,20666,23720263
20250319,11:20,000001,未知,11.47,11.49,11.47,11.48,15974,18335615
20250319,11:25,000001,未知,11.48,11.49,11.47,11.48,13278,15243061
20250319,11:30,000001,未知,11.48,11.49,11.48,11.48,7900,9071211
20250319,13:05,000001,未知,11.48,11.49,11.48,11.48,21057,24175898
20250319,13:10,000001,未知,11.48,11.51,11.48,11.51,57966,66622080
20250319,13:15,000001,未知,11.51,11.52,11.5,11.52,44487,51195796
20250319,13:20,000001,未知,11.52,11.53,11.51,11.51,67943,78267827
20250319,13:25,000001,未知,11.52,11.52,11.5,11.5,33674,38769269
20250319,13:30,000001,未知,11.5,11.51,11.5,11.51,11369,13084059
20250319,13:35,000001,未知,11.51,11.52,11.49,11.5,38534,44328729
20250319,13:40,000001,未知,11.5,11.5,11.49,11.5,10618,12207895
20250319,13:45,000001,未知,11.5,11.5,11.49,11.5,8100,9312615
20250319,13:50,000001,未知,11.49,11.5,11.49,11.5,10227,11758962
20250319,13:55,000001,未知,11.49,11.5,11.49,11.5,13879,15957344
20250319,14:00,000001,未知,11.49,11.5,11.49,11.49,9330,10725610
20250319,14:05,000001,未知,11.49,11.51,11.49,11.5,24573,28260461
20250319,14:10,000001,未知,11.51,11.51,11.5,11.51,14693,16906793
20250319,14:15,000001,未知,11.51,11.51,11.5,11.51,24710,28437114
20250319,14:20,000001,未知,11.5,11.51,11.5,11.51,28260,32511855
20250319,14:25,000001,未知,11.51,11.53,11.5,11.53,49260,56748837
20250319,14:30,000001,未知,11.53,11.53,11.52,11.52,20270,23360605
20250319,14:35,000001,未知,11.52,11.53,11.52,11.52,15322,17658609
20250319,14:40,000001,未知,11.53,11.53,11.52,11.52,26225,30231863
20250319,14:45,000001,未知,11.52,11.53,11.51,11.52,63876,73582538
20250319,14:50,000001,未知,11.53,11.53,11.52,11.53,33170,38233838
20250319,14:55,000001,未知,11.52,11.53,11.51,11.52,43633,50270745
20250319,15:00,000001,未知,11.51,11.52,11.51,11.52,38126,43912224
20250320,09:35,000001,未知,11.51,11.61,11.5,11.57,208469,240767063
20250320,09:40,000001,未知,11.58,11.58,11.53,11.53,63808,73747476
20250320,09:45,000001,未知,11.54,11.54,11.52,11.53,46004,53044200
20250320,09:50,000001,未知,11.53,11.53,11.52,11.52,33653,38786866
20250320,09:55,000001,未知,11.53,11.53,11.51,11.52,31748,36581192
20250320,10:00,000001,未知,11.52,11.52,11.51,11.51,32966,37961742
20250320,10:05,000001,未知,11.51,11.52,11.5,11.51,37516,43186660
20250320,10:10,000001,未知,11.52,11.53,11.51,11.52,16152,18602440
20250320,10:15,000001,未知,11.52,11.53,11.51,11.52,19757,22750706
20250320,10:20,000001,未知,11.52,11.52,11.51,11.52,11789,13575776
20250320,10:25,000001,未知,11.52,11.53,11.51,11.53,18406,21206190
20250320,10:30,000001,未知,11.52,11.53,11.51,11.51,13282,15297543
20250320,10:35,000001,未知,11.52,11.53,11.51,11.52,18686,21523679
20250320,10:40,000001,未知,11.52,11.53,11.51,11.52,27100,31236872
20250320,10:45,000001,未知,11.53,11.53,11.52,11.52,8118,9356626
20250320,10:50,000001,未知,11.52,11.53,11.52,11.52,21032,24230717
20250320,10:55,000001,未知,11.53,11.53,11.51,11.52,12541,14445020
20250320,11:00,000001,未知,11.52,11.52,11.51,11.51,7586,8734327
20250320,11:05,000001,未知,11.52,11.52,11.51,11.52,13479,15518778
20250320,11:10,000001,未知,11.51,11.52,11.51,11.52,7911,9107731
20250320,11:15,000001,未知,11.51,11.53,11.51,11.52,20778,23938521
20250320,11:20,000001,未知,11.53,11.53,11.52,11.52,5517,6358073
20250320,11:25,000001,未知,11.52,11.53,11.51,11.53,14164,16314914
20250320,11:30,000001,未知,11.52,11.53,11.52,11.53,4243,4888835
20250320,13:05,000001,未知,11.53,11.53,11.52,11.52,14164,16320166
20250320,13:10,000001,未知,11.52,11.53,11.51,11.52,10036,11562879
20250320,13:15,000001,未知,11.52,11.53,11.52,11.52,7076,8153912
20250320,13:20,000001,未知,11.52,11.53,11.52,11.53,8617,9930815
20250320,13:25,000001,未知,11.53,11.53,11.52,11.53,8984,10355199
20250320,13:30,000001,未知,11.52,11.53,11.52,11.53,4805,5537415
20250320,13:35,000001,未知,11.52,11.53,11.51,11.52,21282,24516238
20250320,13:40,000001,未知,11.52,11.52,11.51,11.52,12134,13977775
20250320,13:45,000001,未知,11.52,11.52,11.51,11.52,5637,6492804
20250320,13:50,000001,未知,11.52,11.52,11.51,11.52,10617,12227359
20250320,13:55,000001,未知,11.52,11.52,11.51,11.52,9930,11437847
20250320,14:00,000001,未知,11.52,11.52,11.51,11.52,8710,10028596
20250320,14:05,000001,未知,11.52,11.52,11.5,11.51,43146,49661215
20250320,14:10,000001,未知,11.51,11.52,11.51,11.51,9293,10697806
20250320,14:15,000001,未知,11.52,11.52,11.5,11.51,11617,13369263
20250320,14:20,000001,未知,11.5,11.52,11.5,11.5,14982,17239504
20250320,14:25,000001,未知,11.5,11.51,11.5,11.5,22580,25970890
20250320,14:30,000001,未知,11.51,11.51,11.5,11.5,11438,13158716
20250320,14:35,000001,未知,11.51,11.51,11.5,11.5,15523,17860194
20250320,14:40,000001,未知,11.51,11.51,11.49,11.5,53063,60998445
20250320,14:45,000001,未知,11.49,11.5,11.49,11.49,16287,18724192
20250320,14:50,000001,未知,11.49,11.51,11.49,11.5,29203,33585050
20250320,14:55,000001,未知,11.5,11.51,11.49,11.5,20850,23984644
20250320,15:00,000001,未知,11.51,11.51,11.49,11.49,36478,41924504
20250321,09:35,000001,未知,11.49,11.51,11.48,11.51,55462,63743200
20250321,09:40,000001,未知,11.5,11.51,11.49,11.5,46301,53251246
20250321,09:45,000001,未知,11.5,11.51,11.49,11.5,17039,19598130
20250321,09:50,000001,未知,11.5,11.5,11.48,11.49,45176,51926344
20250321,09:55,000001,未知,11.48,11.49,11.48,11.49,25768,29596549
20250321,10:00,000001,未知,11.48,11.5,11.48,11.5,8588,9868802
20250321,10:05,000001,未知,11.5,11.5,11.49,11.5,16349,18790533
20250321,10:10,000001,未知,11.49,11.5,11.49,11.49,29702,34144315
20250321,10:15,000001,未知,11.5,11.5,11.48,11.49,22291,25608571
20250321,10:20,000001,未知,11.49,11.5,11.48,11.5,17730,20369622
20250321,10:25,000001,未知,11.5,11.5,11.48,11.5,13361,15358497
20250321,10:30,000001,未知,11.5,11.51,11.49,11.5,28131,32373582
20250321,10:35,000001,未知,11.51,11.51,11.49,11.5,42152,48479481
20250321,10:40,000001,未知,11.5,11.5,11.49,11.49,17814,20472381
20250321,10:45,000001,未知,11.49,11.5,11.49,11.49,22763,26157302
20250321,10:50,000001,未知,11.49,11.5,11.49,11.49,7864,9037822
20250321,10:55,000001,未知,11.5,11.5,11.48,11.48,30129,34609336
20250321,11:00,000001,未知,11.48,11.49,11.47,11.47,67758,77761693
20250321,11:05,000001,未知,11.47,11.47,11.44,11.44,118342,135587365
20250321,11:10,000001,未知,11.44,11.46,11.44,11.46,33930,38854306
20250321,11:15,000001,未知,11.46,11.46,11.45,11.45,12472,14285602
20250321,11:20,000001,未知,11.45,11.46,11.45,11.45,19136,21914984
20250321,11:25,000001,未知,11.46,11.46,11.44,11.45,19232,22024220
20250321,11:30,000001,未知,11.45,11.46,11.44,11.45,23375,26761839
20250321,13:05,000001,未知,11.45,11.45,11.43,11.45,40266,46073873
20250321,13:10,000001,未知,11.44,11.45,11.42,11.44,40690,46518315
20250321,13:15,000001,未知,11.44,11.44,11.42,11.43,17254,19720341
20250321,13:20,000001,未知,11.43,11.44,11.42,11.44,18156,20751815
20250321,13:25,000001,未知,11.43,11.44,11.43,11.43,9709,11103587
20250321,13:30,000001,未知,11.43,11.44,11.42,11.43,22874,26145223
20250321,13:35,000001,未知,11.42,11.44,11.42,11.44,22116,25279366
20250321,13:40,000001,未知,11.43,11.44,11.42,11.43,15532,17755774
20250321,13:45,000001,未知,11.42,11.43,11.41,11.42,41685,47604686
20250321,13:50,000001,未知,11.41,11.42,11.41,11.41,38172,43561790
20250321,13:55,000001,未知,11.42,11.42,11.4,11.41,62327,71105651
20250321,14:00,000001,未知,11.41,11.42,11.4,11.4,19425,22162273
20250321,14:05,000001,未知,11.41,11.41,11.39,11.4,35920,40952899
20250321,14:10,000001,未知,11.4,11.42,11.39,11.4,24767,28250451
20250321,14:15,000001,未知,11.4,11.41,11.39,11.4,22659,25825244
20250321,14:20,000001,未知,11.4,11.41,11.39,11.4,21939,25010042
20250321,14:25,000001,未知,11.39,11.42,11.39,11.41,14085,16071192
20250321,14:30,000001,未知,11.41,11.42,11.41,11.42,8540,9749090
20250321,14:35,000001,未知,11.41,11.43,11.41,11.42,17157,19591398
20250321,14:40,000001,未知,11.42,11.43,11.41,11.42,14809,16910623
20250321,14:45,000001,未知,11.41,11.42,11.41,11.42,15630,17843016
20250321,14:50,000001,未知,11.42,11.43,11.42,11.42,32828,37500002
20250321,14:55,000001,未知,11.42,11.43,11.42,11.42,31288,35736735
20250321,15:00,000001,未知,11.42,11.43,11.42,11.42,47696,54474262
20250324,09:35,000001,未知,11.41,11.44,11.41,11.43,52920,60431987
20250324,09:40,000001,未知,11.44,11.44,11.4,11.41,37070,42329409
20250324,09:45,000001,未知,11.41,11.43,11.4,11.41,48147,54935334
20250324,09:50,000001,未知,11.4,11.41,11.4,11.41,21500,24522401
20250324,09:55,000001,未知,11.41,11.42,11.4,11.4,16487,18808390
20250324,10:00,000001,未知,11.41,11.41,11.39,11.41,45045,51351802
20250324,10:05,000001,未知,11.41,11.41,11.39,11.4,19243,21942069
20250324,10:10,000001,未知,11.4,11.42,11.4,11.42,16857,19233768
20250324,10:15,000001,未知,11.42,11.43,11.41,11.42,31058,35459804
20250324,10:20,000001,未知,11.42,11.43,11.41,11.41,16607,18963573
20250324,10:25,000001,未知,11.41,11.42,11.41,11.42,10460,11939797
20250324,10:30,000001,未知,11.42,11.42,11.4,11.4,26994,30797634
20250324,10:35,000001,未知,11.41,11.42,11.4,11.4,10854,12381520
20250324,10:40,000001,未知,11.4,11.41,11.39,11.4,56603,64519813
20250324,10:45,000001,未知,11.4,11.4,11.39,11.39,18144,20680225
20250324,10:50,000001,未知,11.4,11.4,11.38,11.39,35547,40491309
20250324,10:55,000001,未知,11.38,11.39,11.38,11.39,17989,20475694
20250324,11:00,000001,未知,11.39,11.39,11.38,11.38,19770,22502166
20250324,11:05,000001,未知,11.38,11.39,11.38,11.38,9752,11101785
20250324,11:10,000001,未知,11.38,11.39,11.38,11.39,23959,27273794
20250324,11:15,000001,未知,11.38,11.39,11.37,11.38,21163,24081309
20250324,11:20,000001,未知,11.38,11.39,11.37,11.38,20714,23577140
20250324,11:25,000001,未知,11.39,11.39,11.38,11.38,13091,14902895
20250324,11:30,000001,未知,11.38,11.39,11.36,11.37,36719,41755956
20250324,13:05,000001,未知,11.37,11.39,11.37,11.38,38461,43755835
20250324,13:10,000001,未知,11.37,11.38,11.36,11.37,25996,29548115
20250324,13:15,000001,未知,11.37,11.37,11.36,11.36,19904,22618866
20250324,13:20,000001,未知,11.37,11.37,11.36,11.37,16352,18582545
20250324,13:25,000001,未知,11.36,11.37,11.36,11.36,11212,12739957
20250324,13:30,000001,未知,11.36,11.37,11.35,11.36,26882,30538080
20250324,13:35,000001,未知,11.35,11.36,11.35,11.35,23671,26872829
20250324,13:40,000001,未知,11.36,11.37,11.35,11.36,28642,32532465
20250324,13:45,000001,未知,11.36,11.36,11.35,11.36,14527,16493791
20250324,13:50,000001,未知,11.35,11.36,11.34,11.35,27963,31730333
20250324,13:55,000001,未知,11.34,11.36,11.34,11.35,24893,28245957
20250324,14:00,000001,未知,11.35,11.36,11.35,11.36,9637,10942327
20250324,14:05,000001,未知,11.35,11.37,11.35,11.36,33226,37736122
20250324,14:10,000001,未知,11.36,11.36,11.35,11.35,16122,18301700
20250324,14:15,000001,未知,11.35,11.35,11.34,11.35,16971,19249790
20250324,14:20,000001,未知,11.34,11.36,11.34,11.34,26143,29658488
20250324,14:25,000001,未知,11.35,11.36,11.34,11.36,21763,24708550
20250324,14:30,000001,未知,11.36,11.38,11.35,11.38,36884,41908396
20250324,14:35,000001,未知,11.37,11.38,11.37,11.37,13378,15214439
20250324,14:40,000001,未知,11.38,11.39,11.37,11.38,22570,25679983
20250324,14:45,000001,未知,11.37,11.38,11.37,11.38,20128,22893473
20250324,14:50,000001,未知,11.38,11.39,11.37,11.39,18582,21141047
20250324,14:55,000001,未知,11.38,11.39,11.38,11.39,24154,27503456
20250324,15:00,000001,未知,11.38,11.39,11.38,11.38,19823,22560943
20250325,09:35,000001,未知,11.38,11.41,11.36,11.41,78929,89884506
20250325,09:40,000001,未知,11.41,11.41,11.38,11.4,34789,39641026
20250325,09:45,000001,未知,11.4,11.41,11.39,11.4,30008,34207369
20250325,09:50,000001,未知,11.4,11.41,11.39,11.4,16959,19333729
20250325,09:55,000001,未知,11.4,11.4,11.39,11.4,15678,17868540
20250325,10:00,000001,未知,11.4,11.4,11.39,11.39,14989,17083839
20250325,10:05,000001,未知,11.4,11.4,11.39,11.39,18413,20982454
20250325,10:10,000001,未知,11.39,11.41,11.39,11.41,31160,35518950
20250325,10:15,000001,未知,11.4,11.42,11.4,11.41,30809,35173754
20250325,10:20,000001,未知,11.42,11.42,11.4,11.4,12143,13855619
20250325,10:25,000001,未知,11.41,11.41,11.4,11.4,6556,7476690
20250325,10:30,000001,未知,11.4,11.41,11.39,11.39,21872,24934307
20250325,10:35,000001,未知,11.4,11.41,11.39,11.4,6467,7369441
20250325,10:40,000001,未知,11.4,11.41,11.39,11.39,6631,7559157
20250325,10:45,000001,未知,11.4,11.4,11.39,11.4,7389,8419306
20250325,10:50,000001,未知,11.4,11.4,11.39,11.39,4289,4887062
20250325,10:55,000001,未知,11.4,11.4,11.39,11.39,5684,6476011
20250325,11:00,000001,未知,11.39,11.4,11.39,11.39,8896,10133716
20250325,11:05,000001,未知,11.39,11.4,11.38,11.39,19828,22592308
20250325,11:10,000001,未知,11.4,11.41,11.39,11.4,15151,17272243
20250325,11:15,000001,未知,11.4,11.42,11.4,11.41,20354,23223230
20250325,11:20,000001,未知,11.41,11.42,11.4,11.4,13080,14925612
20250325,11:25,000001,未知,11.4,11.42,11.4,11.41,12535,14304528
20250325,11:30,000001,未知,11.41,11.42,11.4,11.42,12689,14483031
20250325,13:05,000001,未知,11.42,11.43,11.41,11.41,34755,39690852
20250325,13:10,000001,未知,11.42,11.42,11.41,11.41,5298,6048363
20250325,13:15,000001,未知,11.42,11.42,11.41,11.42,6134,7004073
20250325,13:20,000001,未知,11.42,11.42,11.41,11.42,5926,6766757
20250325,13:25,000001,未知,11.41,11.43,11.41,11.42,10952,12507168
20250325,13:30,000001,未知,11.41,11.43,11.41,11.43,6105,6974746
20250325,13:35,000001,未知,11.43,11.43,11.42,11.43,3691,4217061
20250325,13:40,000001,未知,11.42,11.43,11.42,11.42,13526,15449381
20250325,13:45,000001,未知,11.42,11.42,11.41,11.41,15980,18241448
20250325,13:50,000001,未知,11.41,11.43,11.41,11.43,15589,17805022
20250325,13:55,000001,未知,11.43,11.43,11.42,11.43,6521,7450493
20250325,14:00,000001,未知,11.43,11.43,11.42,11.42,10174,11624924
20250325,14:05,000001,未知,11.43,11.43,11.42,11.42,17374,19845392
20250325,14:10,000001,未知,11.42,11.43,11.41,11.42,13070,14928857
20250325,14:15,000001,未知,11.43,11.43,11.42,11.43,5440,6215105
20250325,14:20,000001,未知,11.43,11.43,11.42,11.43,12505,14289930
20250325,14:25,000001,未知,11.43,11.43,11.42,11.43,9103,10400046
20250325,14:30,000001,未知,11.43,11.43,11.42,11.43,13272,15163696
20250325,14:35,000001,未知,11.42,11.43,11.42,11.43,9472,10818776
20250325,14:40,000001,未知,11.43,11.43,11.41,11.41,8783,10031445
20250325,14:45,000001,未知,11.42,11.42,11.41,11.42,13776,15725845
20250325,14:50,000001,未知,11.41,11.42,11.41,11.42,16531,18868488
20250325,14:55,000001,未知,11.42,11.43,11.41,11.42,19171,21890742
20250325,15:00,000001,未知,11.42,11.43,11.41,11.43,17163,19610284
20250326,09:35,000001,未知,11.42,11.43,11.38,11.4,74952,85405258
20250326,09:40,000001,未知,11.4,11.41,11.38,11.39,26763,30492260
20250326,09:45,000001,未知,11.39,11.4,11.38,11.39,41878,47675727
20250326,09:50,000001,未知,11.38,11.4,11.37,11.39,28734,32709066
20250326,09:55,000001,未知,11.39,11.41,11.39,11.4,14190,16170022
20250326,10:00,000001,未知,11.4,11.42,11.4,11.41,25404,28970630
20250326,10:05,000001,未知,11.41,11.41,11.39,11.39,19447,22165991
20250326,10:10,000001,未知,11.39,11.39,11.38,11.38,20808,23687428
20250326,10:15,000001,未知,11.38,11.39,11.37,11.37,37866,43071934
20250326,10:20,000001,未知,11.38,11.39,11.37,11.37,22762,25900076
20250326,10:25,000001,未知,11.38,11.39,11.38,11.38,9458,10765018
20250326,10:30,000001,未知,11.39,11.39,11.38,11.38,8016,9123951
20250326,10:35,000001,未知,11.38,11.39,11.38,11.39,7319,8331472
20250326,10:40,000001,未知,11.39,11.39,11.38,11.39,9021,10269678
20250326,10:45,000001,未知,11.39,11.39,11.38,11.39,18048,20547337
20250326,10:50,000001,未知,11.39,11.4,11.38,11.4,8864,10094475
20250326,10:55,000001,未知,11.4,11.4,11.38,11.39,7046,8024049
20250326,11:00,000001,未知,11.38,11.39,11.38,11.38,10046,11435014
20250326,11:05,000001,未知,11.39,11.4,11.38,11.4,5754,6554734
20250326,11:10,000001,未知,11.4,11.4,11.39,11.4,7520,8566541
20250326,11:15,000001,未知,11.39,11.4,11.38,11.38,10327,11756919
20250326,11:20,000001,未知,11.38,11.39,11.37,11.38,21617,24603994
20250326,11:25,000001,未知,11.38,11.39,11.37,11.38,7845,8927367
20250326,11:30,000001,未知,11.39,11.39,11.38,11.38,2674,3043645
20250326,13:05,000001,未知,11.38,11.39,11.37,11.38,30411,34602535
20250326,13:10,000001,未知,11.39,11.39,11.38,11.39,5219,5942518
20250326,13:15,000001,未知,11.39,11.39,11.38,11.38,12805,14576227
20250326,13:20,000001,未知,11.38,11.39,11.37,11.38,17093,19451234
20250326,13:25,000001,未知,11.38,11.38,11.37,11.37,9906,11266304
20250326,13:30,000001,未知,11.37,11.39,11.37,11.39,11599,13201633
20250326,13:35,000001,未知,11.38,11.39,11.38,11.39,16952,19302976
20250326,13:40,000001,未知,11.39,11.39,11.38,11.39,7551,8596061
20250326,13:45,000001,未知,11.38,11.39,11.38,11.39,8958,10197664
20250326,13:50,000001,未知,11.38,11.39,11.38,11.38,6338,7214708
20250326,13:55,000001,未知,11.38,11.39,11.37,11.39,20599,23438432
20250326,14:00,000001,未知,11.39,11.39,11.38,11.39,4426,5038309
20250326,14:05,000001,未知,11.39,11.39,11.38,11.39,6266,7135883
20250326,14:10,000001,未知,11.39,11.39,11.38,11.39,9387,10690743
20250326,14:15,000001,未知,11.39,11.39,11.38,11.38,4225,4810725
20250326,14:20,000001,未知,11.38,11.39,11.38,11.39,6467,7364403
20250326,14:25,000001,未知,11.39,11.39,11.38,11.39,5219,5942835
20250326,14:30,000001,未知,11.39,11.4,11.38,11.38,11393,12972098
20250326,14:35,000001,未知,11.38,11.39,11.38,11.39,18562,21126044
20250326,14:40,000001,未知,11.39,11.39,11.38,11.38,7467,8502231
20250326,14:45,000001,未知,11.38,11.39,11.38,11.38,8564,9749977
20250326,14:50,000001,未知,11.38,11.39,11.38,11.39,17760,20216685
20250326,14:55,000001,未知,11.39,11.39,11.38,11.38,20985,23883300
20250326,15:00,000001,未知,11.39,11.39,11.38,11.38,26352,29992482
20250327,09:35,000001,未知,11.37,11.39,11.36,11.37,60467,68760097
20250327,09:40,000001,未知,11.36,11.38,11.35,11.36,35502,40339170
20250327,09:45,000001,未知,11.37,11.37,11.35,11.37,24558,27892098
20250327,09:50,000001,未知,11.36,11.38,11.36,11.37,19678,22371241
20250327,09:55,000001,未知,11.37,11.39,11.37,11.39,22962,26137850
20250327,10:00,000001,未知,11.39,11.4,11.38,11.39,13524,15405052
20250327,10:05,000001,未知,11.4,11.4,11.38,11.39,14670,16707862
20250327,10:10,000001,未知,11.39,11.39,11.38,11.39,4870,5543200
20250327,10:15,000001,未知,11.39,11.39,11.36,11.37,34934,39725861
20250327,10:20,000001,未知,11.37,11.38,11.36,11.37,8188,9312023
20250327,10:25,000001,未知,11.38,11.38,11.37,11.37,9427,10721354
20250327,10:30,000001,未知,11.37,11.38,11.37,11.38,5080,5777915
20250327,10:35,000001,未知,11.37,11.39,11.37,11.39,10844,12341983
20250327,10:40,000001,未知,11.38,11.4,11.38,11.4,25579,29139230
20250327,10:45,000001,未知,11.39,11.4,11.38,11.4,13150,14980688
20250327,10:50,000001,未知,11.4,11.41,11.39,11.4,31310,35699278
20250327,10:55,000001,未知,11.4,11.41,11.4,11.41,11572,13196872
20250327,11:00,000001,未知,11.41,11.41,11.39,11.4,8218,9367568
20250327,11:05,000001,未知,11.4,11.4,11.39,11.39,19526,22243198
20250327,11:10,000001,未知,11.38,11.4,11.38,11.39,8345,9502198
20250327,11:15,000001,未知,11.39,11.4,11.38,11.39,3052,3476173
20250327,11:20,000001,未知,11.4,11.4,11.39,11.4,4525,5155653
20250327,11:25,000001,未知,11.39,11.4,11.39,11.39,2238,2550137
20250327,11:30,000001,未知,11.39,11.4,11.38,11.39,4838,5509102
20250327,13:05,000001,未知,11.39,11.39,11.38,11.39,6425,7316768
20250327,13:10,000001,未知,11.38,11.39,11.38,11.39,2906,3308156
20250327,13:15,000001,未知,11.39,11.39,11.38,11.38,4236,4822412
20250327,13:20,000001,未知,11.38,11.39,11.38,11.39,2554,2907821
20250327,13:25,000001,未知,11.39,11.39,11.38,11.39,5259,5988348
20250327,13:30,000001,未知,11.39,11.39,11.38,11.39,2952,3360372
20250327,13:35,000001,未知,11.38,11.39,11.38,11.38,2092,2381704
20250327,13:40,000001,未知,11.38,11.39,11.38,11.38,3654,4159478
20250327,13:45,000001,未知,11.38,11.39,11.38,11.38,3013,3429925
20250327,13:50,000001,未知,11.39,11.39,11.38,11.39,4192,4773913
20250327,13:55,000001,未知,11.39,11.39,11.38,11.39,7391,8414272
20250327,14:00,000001,未知,11.38,11.39,11.38,11.39,12139,13824228
20250327,14:05,000001,未知,11.39,11.39,11.38,11.38,5058,5759695
20250327,14:10,000001,未知,11.39,11.4,11.38,11.4,4515,5141920
20250327,14:15,000001,未知,11.4,11.4,11.39,11.4,10433,11884127
20250327,14:20,000001,未知,11.39,11.4,11.39,11.39,3351,3818632
20250327,14:25,000001,未知,11.4,11.4,11.39,11.4,3253,3706465
20250327,14:30,000001,未知,11.39,11.4,11.39,11.4,5683,6473622
20250327,14:35,000001,未知,11.4,11.4,11.38,11.39,9840,11207338
20250327,14:40,000001,未知,11.39,11.4,11.38,11.39,5906,6726424
20250327,14:45,000001,未知,11.39,11.39,11.38,11.39,4027,4586005
20250327,14:50,000001,未知,11.39,11.39,11.38,11.39,6778,7718381
20250327,14:55,000001,未知,11.38,11.39,11.38,11.39,13174,14997824
20250327,15:00,000001,未知,11.38,11.4,11.38,11.39,27461,31278507
20250328,09:35,000001,未知,11.39,11.39,11.35,11.38,62436,71007770
20250328,09:40,000001,未知,11.37,11.39,11.36,11.37,37249,42357577
20250328,09:45,000001,未知,11.37,11.38,11.36,11.37,12663,14398080
20250328,09:50,000001,未知,11.37,11.38,11.36,11.36,18433,20955715
20250328,09:55,000001,未知,11.37,11.37,11.36,11.36,10425,11848736
20250328,10:00,000001,未知,11.36,11.37,11.35,11.35,33545,38119407
20250328,10:05,000001,未知,11.36,11.36,11.35,11.35,13703,15561747
20250328,10:10,000001,未知,11.35,11.36,11.35,11.36,10896,12370460
20250328,10:15,000001,未知,11.36,11.36,11.35,11.35,9924,11267906
20250328,10:20,000001,未知,11.35,11.36,11.35,11.36,16660,18919638
20250328,10:25,000001,未知,11.37,11.37,11.35,11.36,12633,14352676
20250328,10:30,000001,未知,11.36,11.37,11.35,11.36,11606,13184612
20250328,10:35,000001,未知,11.36,11.37,11.35,11.36,5344,6071121
20250328,10:40,000001,未知,11.35,11.36,11.35,11.35,3458,3927014
20250328,10:45,000001,未知,11.36,11.36,11.35,11.35,6049,6867559
20250328,10:50,000001,未知,11.36,11.36,11.35,11.35,19064,21642805
20250328,10:55,000001,未知,11.36,11.36,11.35,11.36,19624,22277611
20250328,11:00,000001,未知,11.36,11.36,11.35,11.35,2769,3143593
20250328,11:05,000001,未知,11.36,11.36,11.34,11.35,39281,44561114
20250328,11:10,000001,未知,11.35,11.36,11.35,11.35,6812,7732090
20250328,11:15,000001,未知,11.35,11.36,11.35,11.36,4157,4719179
20250328,11:20,000001,未知,11.35,11.36,11.35,11.35,13655,15507117
20250328,11:25,000001,未知,11.35,11.36,11.34,11.35,29667,33668711
20250328,11:30,000001,未知,11.35,11.36,11.35,11.36,9431,10705719
20250328,13:05,000001,未知,11.36,11.36,11.34,11.34,14019,15904755
20250328,13:10,000001,未知,11.35,11.35,11.34,11.35,8685,9852137
20250328,13:15,000001,未知,11.35,11.36,11.34,11.35,12190,13837121
20250328,13:20,000001,未知,11.35,11.36,11.34,11.35,6433,7300981
20250328,13:25,000001,未知,11.34,11.35,11.34,11.34,7566,8583438
20250328,13:30,000001,未知,11.34,11.35,11.34,11.35,7687,8720235
20250328,13:35,000001,未知,11.35,11.35,11.34,11.35,8178,9276475
20250328,13:40,000001,未知,11.35,11.35,11.34,11.35,4127,4681937
20250328,13:45,000001,未知,11.35,11.36,11.34,11.36,35076,39828986
20250328,13:50,000001,未知,11.36,11.37,11.35,11.35,6595,7489736
20250328,13:55,000001,未知,11.35,11.37,11.35,11.35,8075,9172382
20250328,14:00,000001,未知,11.35,11.36,11.35,11.36,4214,4785725
20250328,14:05,000001,未知,11.36,11.37,11.35,11.36,10183,11568472
20250328,14:10,000001,未知,11.36,11.36,11.35,11.36,4202,4771430
20250328,14:15,000001,未知,11.36,11.36,11.35,11.35,7650,8684759
20250328,14:20,000001,未知,11.36,11.36,11.35,11.36,4938,5605585
20250328,14:25,000001,未知,11.36,11.36,11.35,11.35,4564,5182811
20250328,14:30,000001,未知,11.35,11.36,11.35,11.36,3410,3871472
20250328,14:35,000001,未知,11.36,11.36,11.34,11.34,16474,18702098
20250328,14:40,000001,未知,11.34,11.36,11.34,11.35,8135,9232314
20250328,14:45,000001,未知,11.35,11.36,11.34,11.35,9589,10882267
20250328,14:50,000001,未知,11.36,11.36,11.34,11.34,9281,10529672
20250328,14:55,000001,未知,11.34,11.35,11.34,11.35,13071,14828271
20250328,15:00,000001,未知,11.35,11.36,11.34,11.35,21120,23969978
20250331,09:35,000001,未知,11.36,11.37,11.3,11.33,106235,120410175
20250331,09:40,000001,未知,11.34,11.36,11.32,11.32,30179,34211139
20250331,09:45,000001,未知,11.32,11.33,11.31,11.32,17634,19962547
20250331,09:50,000001,未知,11.32,11.34,11.31,11.34,23927,27096688
20250331,09:55,000001,未知,11.33,11.34,11.32,11.34,16406,18592071
20250331,10:00,000001,未知,11.34,11.37,11.33,11.36,38267,43436069
20250331,10:05,000001,未知,11.37,11.38,11.36,11.38,47364,53854279
20250331,10:10,000001,未知,11.37,11.38,11.35,11.37,23418,26613594
20250331,10:15,000001,未知,11.37,11.38,11.36,11.38,19675,22368825
20250331,10:20,000001,未知,11.38,11.38,11.36,11.36,20019,22756759
20250331,10:25,000001,未知,11.37,11.37,11.35,11.36,21974,24970891
20250331,10:30,000001,未知,11.36,11.36,11.35,11.35,8716,9896965
20250331,10:35,000001,未知,11.36,11.37,11.35,11.35,18202,20672468
20250331,10:40,000001,未知,11.36,11.37,11.35,11.36,11570,13143768
20250331,10:45,000001,未知,11.36,11.37,11.34,11.34,27618,31336170
20250331,10:50,000001,未知,11.34,11.35,11.34,11.34,6730,7634808
20250331,10:55,000001,未知,11.34,11.35,11.33,11.33,21984,24927532
20250331,11:00,000001,未知,11.33,11.34,11.33,11.34,10288,11659883
20250331,11:05,000001,未知,11.34,11.34,11.32,11.32,28290,32028338
20250331,11:10,000001,未知,11.32,11.33,11.31,11.32,18790,21264262
20250331,11:15,000001,未知,11.32,11.32,11.29,11.3,87483,98829385
20250331,11:20,000001,未知,11.29,11.32,11.29,11.32,39953,45142613
20250331,11:25,000001,未知,11.31,11.33,11.29,11.3,25336,28625025
20250331,11:30,000001,未知,11.3,11.3,11.28,11.29,25658,28959878
20250331,13:05,000001,未知,11.29,11.29,11.28,11.28,33218,37488509
20250331,13:10,000001,未知,11.29,11.3,11.28,11.28,24386,27523548
20250331,13:15,000001,未知,11.29,11.3,11.28,11.3,27603,31163797
20250331,13:20,000001,未知,11.29,11.3,11.29,11.3,8200,9263763
20250331,13:25,000001,未知,11.29,11.3,11.28,11.29,18398,20773723
20250331,13:30,000001,未知,11.29,11.29,11.28,11.29,6767,7637027
20250331,13:35,000001,未知,11.28,11.29,11.27,11.28,28392,32027718
20250331,13:40,000001,未知,11.28,11.29,11.27,11.28,8127,9167154
20250331,13:45,000001,未知,11.28,11.29,11.27,11.28,11081,12501951
20250331,13:50,000001,未知,11.28,11.28,11.27,11.28,8802,9924102
20250331,13:55,000001,未知,11.27,11.28,11.27,11.27,16322,18401739
20250331,14:00,000001,未知,11.27,11.28,11.27,11.27,13212,14893960
20250331,14:05,000001,未知,11.27,11.28,11.26,11.27,27449,30934411
20250331,14:10,000001,未知,11.27,11.28,11.26,11.27,16062,18100081
20250331,14:15,000001,未知,11.28,11.28,11.27,11.27,8817,9942674
20250331,14:20,000001,未知,11.27,11.29,11.27,11.29,17873,20160987
20250331,14:25,000001,未知,11.29,11.29,11.27,11.29,9837,11098032
20250331,14:30,000001,未知,11.29,11.29,11.27,11.28,9440,10650914
20250331,14:35,000001,未知,11.27,11.29,11.26,11.28,32314,36430991
20250331,14:40,000001,未知,11.28,11.28,11.27,11.27,8765,9883174
20250331,14:45,000001,未知,11.28,11.28,11.26,11.27,21945,24728515
20250331,14:50,000001,未知,11.27,11.27,11.26,11.26,18620,20978200
20250331,14:55,000001,未知,11.26,11.28,11.26,11.28,22405,25245760
20250331,15:00,000001,未知,11.28,11.28,11.26,11.26,22375,25212032
20250401,09:35,000001,未知,11.27,11.28,11.23,11.25,78582,88470579
20250401,09:40,000001,未知,11.25,11.28,11.25,11.27,29007,32665806
20250401,09:45,000001,未知,11.27,11.29,11.27,11.27,24321,27441434
20250401,09:50,000001,未知,11.28,11.3,11.27,11.29,21134,23856779
20250401,09:55,000001,未知,11.28,11.29,11.26,11.26,21290,24007915
20250401,10:00,000001,未知,11.26,11.27,11.26,11.27,12831,14458764
20250401,10:05,000001,未知,11.26,11.27,11.26,11.27,12454,14031831
20250401,10:10,000001,未知,11.26,11.28,11.26,11.28,15667,17658255
20250401,10:15,000001,未知,11.28,11.28,11.27,11.28,10659,12020995
20250401,10:20,000001,未知,11.28,11.29,11.28,11.29,10942,12347050
20250401,10:25,000001,未知,11.28,11.29,11.27,11.27,17257,19471251
20250401,10:30,000001,未知,11.28,11.28,11.27,11.27,7379,8321336
20250401,10:35,000001,未知,11.27,11.28,11.26,11.26,22183,25002749
20250401,10:40,000001,未知,11.27,11.27,11.26,11.26,18498,20832606
20250401,10:45,000001,未知,11.26,11.27,11.26,11.26,6731,7581588
20250401,10:50,000001,未知,11.26,11.28,11.26,11.27,33472,37723018
20250401,10:55,000001,未知,11.28,11.28,11.27,11.27,6130,6912150
20250401,11:00,000001,未知,11.27,11.28,11.26,11.26,9450,10648990
20250401,11:05,000001,未知,11.27,11.27,11.26,11.26,5769,6498969
20250401,11:10,000001,未知,11.26,11.27,11.26,11.27,4767,5369394
20250401,11:15,000001,未知,11.26,11.27,11.26,11.27,5197,5854345
20250401,11:20,000001,未知,11.27,11.27,11.26,11.26,11289,12714135
20250401,11:25,000001,未知,11.27,11.27,11.25,11.26,17728,19961330
20250401,11:30,000001,未知,11.25,11.26,11.25,11.26,9504,10696473
20250401,13:05,000001,未知,11.26,11.26,11.25,11.26,28434,31999252
20250401,13:10,000001,未知,11.26,11.26,11.24,11.24,15005,16883296
20250401,13:15,000001,未知,11.25,11.25,11.24,11.25,8700,9782433
20250401,13:20,000001,未知,11.24,11.25,11.24,11.25,9467,10646125
20250401,13:25,000001,未知,11.25,11.25,11.24,11.24,8045,9046060
20250401,13:30,000001,未知,11.24,11.25,11.24,11.24,9780,10996410
20250401,13:35,000001,未知,11.25,11.25,11.24,11.25,8487,9542437
20250401,13:40,000001,未知,11.24,11.25,11.23,11.25,25629,28808579
20250401,13:45,000001,未知,11.25,11.25,11.24,11.24,6042,6793954
20250401,13:50,000001,未知,11.24,11.25,11.23,11.24,15492,17413532
20250401,13:55,000001,未知,11.23,11.25,11.23,11.25,12907,14506664
20250401,14:00,000001,未知,11.25,11.26,11.24,11.25,13819,15542880
20250401,14:05,000001,未知,11.25,11.26,11.25,11.26,7404,8331380
20250401,14:10,000001,未知,11.26,11.26,11.25,11.25,4931,5549960
20250401,14:15,000001,未知,11.26,11.26,11.25,11.25,6694,7532767
20250401,14:20,000001,未知,11.25,11.26,11.25,11.26,4789,5388985
20250401,14:25,000001,未知,11.26,11.26,11.25,11.25,6595,7422130
20250401,14:30,000001,未知,11.26,11.26,11.25,11.25,10951,12326269
20250401,14:35,000001,未知,11.26,11.27,11.25,11.26,12960,14590912
20250401,14:40,000001,未知,11.26,11.27,11.25,11.26,6867,7735207
20250401,14:45,000001,未知,11.27,11.27,11.26,11.26,11654,13128502
20250401,14:50,000001,未知,11.27,11.27,11.26,11.26,7970,8976494
20250401,14:55,000001,未知,11.26,11.27,11.26,11.27,9340,10521229
20250401,15:00,000001,未知,11.26,11.27,11.26,11.27,17267,19452125
20250402,09:35,000001,未知,11.25,11.29,11.25,11.27,41685,46992780
20250402,09:40,000001,未知,11.28,11.3,11.27,11.29,36946,41713972
20250402,09:45,000001,未知,11.29,11.3,11.27,11.28,32435,36594488
20250402,09:50,000001,未知,11.29,11.32,11.28,11.31,51626,58338039
20250402,09:55,000001,未知,11.32,11.33,11.31,11.31,28041,31741605
20250402,10:00,000001,未知,11.31,11.34,11.31,11.34,28224,31969333
20250402,10:05,000001,未知,11.34,11.35,11.33,11.33,49346,55953960
20250402,10:10,000001,未知,11.33,11.33,11.32,11.33,9126,10336548
20250402,10:15,000001,未知,11.33,11.34,11.32,11.34,15032,17043441
20250402,10:20,000001,未知,11.34,11.35,11.33,11.34,14937,16942201
20250402,10:25,000001,未知,11.34,11.35,11.34,11.35,10655,12088856
20250402,10:30,000001,未知,11.35,11.35,11.33,11.34,14247,16159473
20250402,10:35,000001,未知,11.33,11.35,11.33,11.35,21512,24411888
20250402,10:40,000001,未知,11.35,11.35,11.34,11.34,13374,15169957
20250402,10:45,000001,未知,11.35,11.35,11.33,11.34,7180,8143794
20250402,10:50,000001,未知,11.34,11.35,11.34,11.35,5030,5706081
20250402,10:55,000001,未知,11.35,11.35,11.34,11.35,8749,9925079
20250402,11:00,000001,未知,11.34,11.35,11.34,11.35,5283,5993385
20250402,11:05,000001,未知,11.35,11.35,11.34,11.34,5307,6021998
20250402,11:10,000001,未知,11.34,11.37,11.34,11.37,46637,52978861
20250402,11:15,000001,未知,11.37,11.37,11.36,11.37,10518,11953910
20250402,11:20,000001,未知,11.37,11.38,11.36,11.37,28137,31991921
20250402,11:25,000001,未知,11.38,11.4,11.37,11.4,58341,66447363
20250402,11:30,000001,未知,11.4,11.4,11.38,11.38,38532,43905346
20250402,13:05,000001,未知,11.39,11.39,11.38,11.39,31083,35402351
20250402,13:10,000001,未知,11.38,11.39,11.37,11.37,15748,17932492
20250402,13:15,000001,未知,11.37,11.38,11.37,11.38,6053,6886805
20250402,13:20,000001,未知,11.38,11.39,11.37,11.39,19567,22275302
20250402,13:25,000001,未知,11.39,11.4,11.38,11.39,37767,43017406
20250402,13:30,000001,未知,11.39,11.4,11.38,11.4,13014,14826968
20250402,13:35,000001,未知,11.39,11.41,11.38,11.39,43495,49603761
20250402,13:40,000001,未知,11.39,11.4,11.38,11.38,12217,13907695
20250402,13:45,000001,未知,11.38,11.39,11.37,11.37,14762,16798210
20250402,13:50,000001,未知,11.37,11.38,11.37,11.38,6018,6846724
20250402,13:55,000001,未知,11.37,11.39,11.37,11.38,5837,6643689
20250402,14:00,000001,未知,11.38,11.39,11.37,11.38,7928,9021181
20250402,14:05,000001,未知,11.37,11.38,11.37,11.38,4697,5342437
20250402,14:10,000001,未知,11.38,11.38,11.37,11.37,3545,4031945
20250402,14:15,000001,未知,11.37,11.38,11.37,11.38,7401,8419279
20250402,14:20,000001,未知,11.37,11.38,11.37,11.38,4837,5501345
20250402,14:25,000001,未知,11.37,11.38,11.36,11.36,12409,14109749
20250402,14:30,000001,未知,11.36,11.37,11.36,11.37,6893,7833854
20250402,14:35,000001,未知,11.37,11.38,11.36,11.37,11060,12574598
20250402,14:40,000001,未知,11.36,11.37,11.36,11.37,5454,6198027
20250402,14:45,000001,未知,11.36,11.37,11.36,11.37,7831,8899925
20250402,14:50,000001,未知,11.36,11.38,11.36,11.37,43392,49363775
20250402,14:55,000001,未知,11.36,11.38,11.36,11.36,14877,16911308
20250402,15:00,000001,未知,11.36,11.38,11.36,11.37,15857,18030292
20250403,09:35,000001,未知,11.31,11.36,11.31,11.33,87398,98958844
20250403,09:40,000001,未知,11.33,11.36,11.32,11.33,23051,26146381
20250403,09:45,000001,未知,11.33,11.35,11.32,11.35,19929,22585990
20250403,09:50,000001,未知,11.35,11.36,11.34,11.35,18408,20893378
20250403,09:55,000001,未知,11.35,11.36,11.34,11.35,17278,19611981
20250403,10:00,000001,未知,11.35,11.36,11.34,11.35,15934,18088447
20250403,10:05,000001,未知,11.36,11.37,11.35,11.35,12299,13973287
20250403,10:10,000001,未知,11.36,11.36,11.34,11.36,11668,13243932
20250403,10:15,000001,未知,11.35,11.36,11.34,11.34,15359,17425202
20250403,10:20,000001,未知,11.35,11.37,11.34,11.36,16342,18555127
20250403,10:25,000001,未知,11.36,11.37,11.36,11.37,7417,8431194
20250403,10:30,000001,未知,11.36,11.38,11.36,11.38,16400,18647449
20250403,10:35,000001,未知,11.38,11.39,11.37,11.38,41777,47570758
20250403,10:40,000001,未知,11.37,11.38,11.36,11.37,8433,9589904
20250403,10:45,000001,未知,11.36,11.37,11.36,11.36,6984,7935701
20250403,10:50,000001,未知,11.36,11.37,11.36,11.36,4595,5222079
20250403,10:55,000001,未知,11.36,11.37,11.35,11.35,6541,7427742
20250403,11:00,000001,未知,11.35,11.37,11.35,11.36,6296,7153134
20250403,11:05,000001,未知,11.37,11.37,11.36,11.37,3261,3705311
20250403,11:10,000001,未知,11.36,11.37,11.35,11.36,6131,6962978
20250403,11:15,000001,未知,11.35,11.36,11.35,11.35,6103,6929889
20250403,11:20,000001,未知,11.35,11.36,11.35,11.36,6834,7757883
20250403,11:25,000001,未知,11.35,11.36,11.34,11.34,13675,15514776
20250403,11:30,000001,未知,11.34,11.35,11.32,11.34,23162,26250049
20250403,13:05,000001,未知,11.34,11.35,11.33,11.34,15547,17629247
20250403,13:10,000001,未知,11.34,11.35,11.33,11.33,9360,10610379
20250403,13:15,000001,未知,11.33,11.34,11.32,11.32,11459,12981324
20250403,13:20,000001,未知,11.32,11.33,11.32,11.32,3515,3980870
20250403,13:25,000001,未知,11.33,11.34,11.32,11.32,14691,16643093
20250403,13:30,000001,未知,11.33,11.33,11.31,11.31,27890,31549709
20250403,13:35,000001,未知,11.32,11.33,11.31,11.33,6038,6835911
20250403,13:40,000001,未知,11.33,11.33,11.32,11.33,6491,7350439
20250403,13:45,000001,未知,11.33,11.34,11.32,11.32,14038,15902993
20250403,13:50,000001,未知,11.33,11.33,11.32,11.33,7350,8325244
20250403,13:55,000001,未知,11.32,11.35,11.32,11.34,15777,17877191
20250403,14:00,000001,未知,11.34,11.35,11.33,11.34,3238,3673385
20250403,14:05,000001,未知,11.34,11.35,11.33,11.34,12164,13794938
20250403,14:10,000001,未知,11.34,11.35,11.34,11.35,4254,4827135
20250403,14:15,000001,未知,11.35,11.35,11.34,11.35,4410,5003739
20250403,14:20,000001,未知,11.34,11.35,11.34,11.34,4366,4952885
20250403,14:25,000001,未知,11.35,11.35,11.34,11.35,3920,4446530
20250403,14:30,000001,未知,11.34,11.35,11.34,11.35,4566,5179863
20250403,14:35,000001,未知,11.35,11.36,11.34,11.35,14967,16984782
20250403,14:40,000001,未知,11.34,11.35,11.34,11.35,4179,4741412
20250403,14:45,000001,未知,11.35,11.35,11.34,11.35,9168,10402536
20250403,14:50,000001,未知,11.34,11.35,11.33,11.34,24722,28038677
20250403,14:55,000001,未知,11.35,11.35,11.34,11.35,11327,12852523
20250403,15:00,000001,未知,11.35,11.35,11.34,11.34,15202,17242942
20250407,09:35,000001,未知,11,11.05,10.96,11.04,376056,413776584
20250407,09:40,000001,未知,11.02,11.02,10.9,10.9,184034,201848280
20250407,09:45,000001,未知,10.89,10.91,10.84,10.88,156186,169984155
20250407,09:50,000001,未知,10.88,10.88,10.79,10.79,146569,158681834
20250407,09:55,000001,未知,10.79,10.83,10.73,10.83,128354,138204936
20250407,10:00,000001,未知,10.84,10.91,10.82,10.9,62911,68444475
20250407,10:05,000001,未知,10.9,10.93,10.88,10.88,57306,62465545
20250407,10:10,000001,未知,10.89,10.89,10.87,10.87,27940,30402012
20250407,10:15,000001,未知,10.88,10.88,10.84,10.84,32041,34797833
20250407,10:20,000001,未知,10.85,10.89,10.84,10.88,21987,23885255
20250407,10:25,000001,未知,10.88,10.93,10.88,10.91,30808,33598463
20250407,10:30,000001,未知,10.91,10.91,10.87,10.87,22323,24321323
20250407,10:35,000001,未知,10.88,10.89,10.85,10.87,27541,29918050
20250407,10:40,000001,未知,10.87,10.89,10.83,10.89,27374,29720287
20250407,10:45,000001,未知,10.89,10.92,10.89,10.91,28759,31362679
20250407,10:50,000001,未知,10.91,10.94,10.9,10.93,33313,36355678
20250407,10:55,000001,未知,10.93,10.93,10.9,10.91,18949,20688906
20250407,11:00,000001,未知,10.91,10.91,10.88,10.88,10198,11106863
20250407,11:05,000001,未知,10.89,10.89,10.87,10.88,13063,14215222
20250407,11:10,000001,未知,10.88,10.88,10.85,10.85,19160,20816534
20250407,11:15,000001,未知,10.85,10.86,10.84,10.84,24096,26141216
20250407,11:20,000001,未知,10.84,10.86,10.83,10.84,19298,20919983
20250407,11:25,000001,未知,10.84,10.84,10.8,10.82,33612,36360252
20250407,11:30,000001,未知,10.83,10.83,10.8,10.82,25398,27466136
20250407,13:05,000001,未知,10.81,10.81,10.78,10.79,47271,51038447
20250407,13:10,000001,未知,10.79,10.79,10.76,10.77,28479,30680795
20250407,13:15,000001,未知,10.77,10.78,10.75,10.76,34389,37020228
20250407,13:20,000001,未知,10.76,10.81,10.76,10.81,31487,33944608
20250407,13:25,000001,未知,10.81,10.84,10.81,10.82,25752,27882962
20250407,13:30,000001,未知,10.82,10.84,10.8,10.81,20991,22711234
20250407,13:35,000001,未知,10.8,10.82,10.78,10.79,24951,26945198
20250407,13:40,000001,未知,10.78,10.8,10.77,10.79,22962,24771124
20250407,13:45,000001,未知,10.78,10.8,10.73,10.74,57093,61384432
20250407,13:50,000001,未知,10.73,10.75,10.72,10.73,49593,53232851
20250407,13:55,000001,未知,10.73,10.75,10.71,10.74,47125,50547130
20250407,14:00,000001,未知,10.74,10.74,10.71,10.72,26128,28031357
20250407,14:05,000001,未知,10.72,10.72,10.64,10.64,68481,73170920
20250407,14:10,000001,未知,10.65,10.65,10.6,10.6,61149,64956406
20250407,14:15,000001,未知,10.6,10.6,10.55,10.56,55844,59005605
20250407,14:20,000001,未知,10.55,10.56,10.48,10.5,83974,88366393
20250407,14:25,000001,未知,10.5,10.55,10.48,10.55,55013,57839679
20250407,14:30,000001,未知,10.55,10.6,10.55,10.57,31757,33591021
20250407,14:35,000001,未知,10.56,10.59,10.52,10.59,35754,37742751
20250407,14:40,000001,未知,10.59,10.62,10.57,10.57,28269,29973122
20250407,14:45,000001,未知,10.58,10.59,10.55,10.56,33500,35399588
20250407,14:50,000001,未知,10.56,10.57,10.55,10.55,30891,32616051
20250407,14:55,000001,未知,10.56,10.71,10.55,10.7,68067,72268249
20250407,15:00,000001,未知,10.7,10.75,10.7,10.7,49364,52896037
20250408,09:35,000001,未知,10.68,10.73,10.68,10.73,135884,145484505
20250408,09:40,000001,未知,10.74,10.78,10.71,10.75,95911,103131734
20250408,09:45,000001,未知,10.74,10.76,10.71,10.72,56477,60641238
20250408,09:50,000001,未知,10.71,10.75,10.68,10.73,69525,74513969
20250408,09:55,000001,未知,10.72,10.74,10.69,10.73,67208,72026531
20250408,10:00,000001,未知,10.73,10.81,10.73,10.8,85764,92436601
20250408,10:05,000001,未知,10.8,10.82,10.78,10.81,46989,50767791
20250408,10:10,000001,未知,10.8,10.85,10.8,10.8,66122,71564720
20250408,10:15,000001,未知,10.8,10.84,10.8,10.81,29510,31934035
20250408,10:20,000001,未知,10.81,10.83,10.79,10.82,29393,31767154
20250408,10:25,000001,未知,10.81,10.82,10.79,10.79,19181,20723567
20250408,10:30,000001,未知,10.8,10.81,10.77,10.77,25519,27540714
20250408,10:35,000001,未知,10.77,10.8,10.76,10.8,24711,26633525
20250408,10:40,000001,未知,10.8,10.82,10.79,10.81,16278,17586616
20250408,10:45,000001,未知,10.8,10.8,10.76,10.77,16231,17503893
20250408,10:50,000001,未知,10.76,10.79,10.75,10.77,23558,25369776
20250408,10:55,000001,未知,10.76,10.78,10.75,10.76,13763,14813681
20250408,11:00,000001,未知,10.76,10.77,10.74,10.77,16411,17643334
20250408,11:05,000001,未知,10.77,10.77,10.75,10.76,13936,15001627
20250408,11:10,000001,未知,10.77,10.77,10.75,10.76,9411,10128504
20250408,11:15,000001,未知,10.77,10.79,10.75,10.79,7479,8056715
20250408,11:20,000001,未知,10.79,10.82,10.78,10.82,21094,22796676
20250408,11:25,000001,未知,10.82,10.83,10.8,10.83,26729,28917153
20250408,11:30,000001,未知,10.83,10.85,10.82,10.83,30414,32963278
20250408,13:05,000001,未知,10.84,10.84,10.76,10.76,29777,32148478
20250408,13:10,000001,未知,10.77,10.78,10.76,10.77,24102,25953572
20250408,13:15,000001,未知,10.77,10.78,10.75,10.76,13406,14434353
20250408,13:20,000001,未知,10.76,10.77,10.75,10.76,14285,15377633
20250408,13:25,000001,未知,10.77,10.78,10.75,10.76,14511,15624504
20250408,13:30,000001,未知,10.76,10.77,10.75,10.76,17064,18363042
20250408,13:35,000001,未知,10.76,10.79,10.75,10.79,23458,25270727
20250408,13:40,000001,未知,10.79,10.79,10.77,10.79,12635,13629265
20250408,13:45,000001,未知,10.79,10.79,10.76,10.77,12986,13998088
20250408,13:50,000001,未知,10.76,10.78,10.75,10.77,26634,28663862
20250408,13:55,000001,未知,10.76,10.77,10.73,10.73,29292,31479771
20250408,14:00,000001,未知,10.74,10.77,10.73,10.76,26635,28633071
20250408,14:05,000001,未知,10.77,10.78,10.75,10.77,26619,28667788
20250408,14:10,000001,未知,10.77,10.77,10.74,10.74,15071,16204922
20250408,14:15,000001,未知,10.75,10.76,10.74,10.76,13014,13988834
20250408,14:20,000001,未知,10.76,10.76,10.74,10.75,10411,11189804
20250408,14:25,000001,未知,10.75,10.77,10.74,10.77,16457,17696380
20250408,14:30,000001,未知,10.76,10.78,10.75,10.77,18245,19645463
20250408,14:35,000001,未知,10.78,10.79,10.77,10.78,21632,23320490
20250408,14:40,000001,未知,10.78,10.8,10.77,10.79,25363,27361672
20250408,14:45,000001,未知,10.79,10.83,10.79,10.82,35101,37951553
20250408,14:50,000001,未知,10.81,10.83,10.8,10.83,29149,31541563
20250408,14:55,000001,未知,10.83,10.84,10.81,10.84,37476,40581428
20250408,15:00,000001,未知,10.83,10.84,10.82,10.82,23167,25076205
20250409,09:35,000001,未知,10.73,10.78,10.72,10.76,131337,141164324
20250409,09:40,000001,未知,10.76,10.78,10.72,10.75,70419,75683036
20250409,09:45,000001,未知,10.74,10.77,10.72,10.74,51547,55374972
20250409,09:50,000001,未知,10.74,10.75,10.7,10.71,57659,61828858
20250409,09:55,000001,未知,10.72,10.73,10.68,10.7,59244,63405987
20250409,10:00,000001,未知,10.69,10.69,10.66,10.69,43332,46266632
20250409,10:05,000001,未知,10.68,10.74,10.68,10.7,40606,43525102
20250409,10:10,000001,未知,10.7,10.74,10.69,10.73,24035,25754366
20250409,10:15,000001,未知,10.74,10.76,10.72,10.76,25780,27703670
20250409,10:20,000001,未知,10.76,10.79,10.75,10.78,29963,32274923
20250409,10:25,000001,未知,10.77,10.8,10.76,10.79,35559,38329246
20250409,10:30,000001,未知,10.8,10.8,10.78,10.78,20778,22425284
20250409,10:35,000001,未知,10.78,10.78,10.76,10.78,16409,17674267
20250409,10:40,000001,未知,10.78,10.79,10.75,10.75,11586,12480562
20250409,10:45,000001,未知,10.75,10.77,10.75,10.77,14477,15583995
20250409,10:50,000001,未知,10.77,10.77,10.75,10.76,6580,7081045
20250409,10:55,000001,未知,10.75,10.78,10.75,10.78,13052,14053568
20250409,11:00,000001,未知,10.78,10.79,10.76,10.79,11127,11993528
20250409,11:05,000001,未知,10.79,10.79,10.76,10.77,12950,13960654
20250409,11:10,000001,未知,10.77,10.77,10.74,10.75,11814,12698802
20250409,11:15,000001,未知,10.75,10.77,10.75,10.75,8842,9510066
20250409,11:20,000001,未知,10.76,10.77,10.75,10.76,5007,5388281
20250409,11:25,000001,未知,10.77,10.8,10.75,10.8,16170,17430679
20250409,11:30,000001,未知,10.8,10.83,10.79,10.81,28527,30845890
20250409,13:05,000001,未知,10.82,10.82,10.76,10.78,21238,22898870
20250409,13:10,000001,未知,10.77,10.79,10.75,10.76,13496,14528810
20250409,13:15,000001,未知,10.76,10.77,10.76,10.76,4423,4762602
20250409,13:20,000001,未知,10.77,10.79,10.76,10.79,9706,10461417
20250409,13:25,000001,未知,10.79,10.79,10.77,10.77,7176,7736596
20250409,13:30,000001,未知,10.78,10.79,10.77,10.78,6427,6925705
20250409,13:35,000001,未知,10.78,10.79,10.77,10.78,8270,8912795
20250409,13:40,000001,未知,10.79,10.79,10.78,10.79,9272,10001689
20250409,13:45,000001,未知,10.79,10.82,10.78,10.81,19672,21242550
20250409,13:50,000001,未知,10.81,10.81,10.79,10.81,29846,32237933
20250409,13:55,000001,未知,10.81,10.82,10.8,10.8,12013,12982245
20250409,14:00,000001,未知,10.8,10.82,10.79,10.8,11557,12489320
20250409,14:05,000001,未知,10.79,10.8,10.78,10.78,10648,11491683
20250409,14:10,000001,未知,10.79,10.8,10.78,10.8,6676,7202953
20250409,14:15,000001,未知,10.8,10.81,10.79,10.8,10732,11589106
20250409,14:20,000001,未知,10.8,10.81,10.79,10.8,12058,13026941
20250409,14:25,000001,未知,10.81,10.81,10.8,10.8,12842,13875726
20250409,14:30,000001,未知,10.81,10.81,10.8,10.81,5848,6319885
20250409,14:35,000001,未知,10.81,10.82,10.8,10.82,13750,14864242
20250409,14:40,000001,未知,10.82,10.82,10.79,10.79,23067,24925040
20250409,14:45,000001,未知,10.8,10.8,10.79,10.8,13303,14363845
20250409,14:50,000001,未知,10.8,10.81,10.79,10.8,18988,20507317
20250409,14:55,000001,未知,10.8,10.81,10.79,10.79,17164,18532698
20250409,15:00,000001,未知,10.79,10.8,10.78,10.8,19422,20966586
20250410,09:35,000001,未知,10.86,10.89,10.82,10.83,124086,134657153
20250410,09:40,000001,未知,10.83,10.87,10.82,10.86,59292,64300707
20250410,09:45,000001,未知,10.87,10.87,10.84,10.85,36327,39437474
20250410,09:50,000001,未知,10.85,10.87,10.85,10.87,24546,26648707
20250410,09:55,000001,未知,10.87,10.89,10.86,10.89,33220,36131435
20250410,10:00,000001,未知,10.88,10.91,10.88,10.91,43518,47416616
20250410,10:05,000001,未知,10.9,10.92,10.9,10.9,40996,44726264
20250410,10:10,000001,未知,10.9,10.92,10.89,10.91,33182,36175350
20250410,10:15,000001,未知,10.92,10.92,10.9,10.91,17068,18622469
20250410,10:20,000001,未知,10.91,10.91,10.89,10.9,25667,27973396
20250410,10:25,000001,未知,10.9,10.91,10.89,10.9,16801,18314871
20250410,10:30,000001,未知,10.89,10.91,10.89,10.91,18055,19688216
20250410,10:35,000001,未知,10.9,10.92,10.89,10.9,22466,24499816
20250410,10:40,000001,未知,10.9,10.93,10.89,10.92,30910,33748933
20250410,10:45,000001,未知,10.92,10.93,10.91,10.92,11861,12951116
20250410,10:50,000001,未知,10.92,10.92,10.9,10.9,13117,14302075
20250410,10:55,000001,未知,10.91,10.91,10.89,10.89,13116,14292292
20250410,11:00,000001,未知,10.9,10.9,10.89,10.89,9023,9829290
20250410,11:05,000001,未知,10.9,10.9,10.88,10.89,11119,12106556
20250410,11:10,000001,未知,10.89,10.91,10.89,10.91,8997,9804650
20250410,11:15,000001,未知,10.91,10.91,10.88,10.89,8432,9187612
20250410,11:20,000001,未知,10.89,10.9,10.88,10.9,8522,9283540
20250410,11:25,000001,未知,10.9,10.9,10.88,10.89,10960,11939810
20250410,11:30,000001,未知,10.89,10.89,10.88,10.89,6170,6717183
20250410,13:05,000001,未知,10.88,10.89,10.87,10.87,14100,15340211
20250410,13:10,000001,未知,10.88,10.89,10.87,10.89,10388,11306226
20250410,13:15,000001,未知,10.89,10.9,10.88,10.9,9746,10614986
20250410,13:20,000001,未知,10.9,10.9,10.88,10.9,7642,8324723
20250410,13:25,000001,未知,10.9,10.9,10.89,10.89,3997,4354070
20250410,13:30,000001,未知,10.9,10.9,10.89,10.9,6303,6868692
20250410,13:35,000001,未知,10.89,10.9,10.89,10.89,3879,4226604
20250410,13:40,000001,未知,10.9,10.91,10.89,10.91,9755,10636788
20250410,13:45,000001,未知,10.91,10.92,10.9,10.91,15697,17132182
20250410,13:50,000001,未知,10.92,10.92,10.9,10.91,6347,6924220
20250410,13:55,000001,未知,10.9,10.91,10.9,10.9,4978,5428132
20250410,14:00,000001,未知,10.91,10.91,10.89,10.9,5634,6142112
20250410,14:05,000001,未知,10.9,10.91,10.89,10.91,8272,9018351
20250410,14:10,000001,未知,10.91,10.92,10.9,10.92,12500,13638420
20250410,14:15,000001,未知,10.92,10.92,10.9,10.92,7582,8273608
20250410,14:20,000001,未知,10.91,10.92,10.9,10.91,9592,10469229
20250410,14:25,000001,未知,10.91,10.92,10.9,10.9,12173,13284367
20250410,14:30,000001,未知,10.91,10.91,10.9,10.91,4967,5417852
20250410,14:35,000001,未知,10.91,10.92,10.9,10.91,13745,14997889
20250410,14:40,000001,未知,10.91,10.91,10.9,10.9,7444,8119068
20250410,14:45,000001,未知,10.91,10.91,10.9,10.91,9943,10844390
20250410,14:50,000001,未知,10.9,10.91,10.89,10.9,15970,17402913
20250410,14:55,000001,未知,10.9,10.91,10.89,10.9,20161,21971782
20250410,15:00,000001,未知,10.89,10.91,10.89,10.9,18282,19926138
20250411,09:35,000001,未知,10.87,10.89,10.85,10.87,61060,66337859
20250411,09:40,000001,未知,10.87,10.88,10.85,10.85,45378,49270567
20250411,09:45,000001,未知,10.85,10.86,10.83,10.84,28610,31009361
20250411,09:50,000001,未知,10.84,10.85,10.83,10.84,11820,12814746
20250411,09:55,000001,未知,10.85,10.86,10.83,10.85,12565,13622932
20250411,10:00,000001,未知,10.85,10.86,10.84,10.84,7729,8384585
20250411,10:05,000001,未知,10.84,10.85,10.83,10.85,12924,14011746
20250411,10:10,000001,未知,10.84,10.84,10.83,10.84,13051,14139900
20250411,10:15,000001,未知,10.84,10.84,10.83,10.84,10633,11523570
20250411,10:20,000001,未知,10.84,10.85,10.83,10.85,13782,14936184
20250411,10:25,000001,未知,10.84,10.86,10.84,10.85,7998,8683116
20250411,10:30,000001,未知,10.85,10.86,10.84,10.84,5179,5621733
20250411,10:35,000001,未知,10.85,10.85,10.84,10.85,2822,3060765
20250411,10:40,000001,未知,10.85,10.85,10.84,10.84,12660,13728716
20250411,10:45,000001,未知,10.84,10.85,10.84,10.85,2836,3074472
20250411,10:50,000001,未知,10.84,10.85,10.84,10.85,1864,2021660
20250411,10:55,000001,未知,10.84,10.85,10.84,10.84,2466,2674214
20250411,11:00,000001,未知,10.85,10.85,10.84,10.85,3867,4194527
20250411,11:05,000001,未知,10.85,10.85,10.84,10.85,3987,4324016
20250411,11:10,000001,未知,10.85,10.85,10.84,10.85,4509,4888406
20250411,11:15,000001,未知,10.84,10.85,10.83,10.85,5128,5559414
20250411,11:20,000001,未知,10.85,10.85,10.84,10.85,3698,4010766
20250411,11:25,000001,未知,10.85,10.86,10.84,10.86,5900,6400935
20250411,11:30,000001,未知,10.86,10.86,10.85,10.85,11844,12851625
20250411,13:05,000001,未知,10.85,10.86,10.83,10.86,34217,37092731
20250411,13:10,000001,未知,10.85,10.87,10.85,10.86,10285,11170032
20250411,13:15,000001,未知,10.86,10.86,10.85,10.85,5248,5698279
20250411,13:20,000001,未知,10.86,10.86,10.85,10.86,7475,8116119
20250411,13:25,000001,未知,10.86,10.87,10.85,10.86,6104,6627960
20250411,13:30,000001,未知,10.86,10.88,10.86,10.88,17526,19056747
20250411,13:35,000001,未知,10.88,10.88,10.87,10.88,3847,4184418
20250411,13:40,000001,未知,10.88,10.89,10.87,10.89,15780,17172271
20250411,13:45,000001,未知,10.89,10.9,10.88,10.88,21031,22901234
20250411,13:50,000001,未知,10.88,10.9,10.88,10.88,16316,17772074
20250411,13:55,000001,未知,10.88,10.89,10.87,10.88,10864,11825050
20250411,14:00,000001,未知,10.88,10.89,10.87,10.88,4493,4888488
20250411,14:05,000001,未知,10.88,10.89,10.88,10.89,10514,11445355
20250411,14:10,000001,未知,10.89,10.9,10.88,10.9,9576,10429915
20250411,14:15,000001,未知,10.89,10.9,10.89,10.89,9414,10253560
20250411,14:20,000001,未知,10.89,10.9,10.88,10.9,8336,9078651
20250411,14:25,000001,未知,10.89,10.9,10.89,10.89,6727,7327824
20250411,14:30,000001,未知,10.9,10.9,10.88,10.89,10566,11503814
20250411,14:35,000001,未知,10.89,10.89,10.88,10.88,10934,11903937
20250411,14:40,000001,未知,10.88,10.89,10.88,10.88,7451,8109472
20250411,14:45,000001,未知,10.88,10.89,10.87,10.87,11220,12205507
20250411,14:50,000001,未知,10.88,10.89,10.87,10.89,13937,15167545
20250411,14:55,000001,未知,10.89,10.89,10.88,10.88,13131,14291375
20250411,15:00,000001,未知,10.89,10.9,10.88,10.89,26577,28939268
20250414,09:35,000001,未知,10.95,11.04,10.95,10.99,171852,188970208
20250414,09:40,000001,未知,10.99,11.02,10.99,11.01,44097,48554059
20250414,09:45,000001,未知,11.02,11.02,10.99,11.01,31853,35038176
20250414,09:50,000001,未知,11.01,11.04,11.01,11.01,48795,53808866
20250414,09:55,000001,未知,11.01,11.02,10.99,11.01,23563,25922522
20250414,10:00,000001,未知,11.01,11.03,11,11.01,13164,14498860
20250414,10:05,000001,未知,11.01,11.02,11,11.01,21273,23414626
20250414,10:10,000001,未知,11.01,11.01,10.99,11,18075,19878171
20250414,10:15,000001,未知,11,11,10.99,10.99,7787,8562664
20250414,10:20,000001,未知,11,11,10.96,10.97,31446,34522578
20250414,10:25,000001,未知,10.97,10.98,10.96,10.98,9259,10156506
20250414,10:30,000001,未知,10.98,10.98,10.96,10.96,15046,16501960
20250414,10:35,000001,未知,10.97,10.97,10.94,10.94,24778,27132083
20250414,10:40,000001,未知,10.94,10.97,10.94,10.96,14331,15702500
20250414,10:45,000001,未知,10.96,10.97,10.95,10.95,6726,7371721
20250414,10:50,000001,未知,10.96,10.96,10.95,10.95,5711,6255578
20250414,10:55,000001,未知,10.96,10.96,10.95,10.96,10717,11738352
20250414,11:00,000001,未知,10.95,10.96,10.95,10.96,3276,3587906
20250414,11:05,000001,未知,10.96,10.96,10.95,10.95,3765,4124277
20250414,11:10,000001,未知,10.95,10.96,10.94,10.95,25859,28308938
20250414,11:15,000001,未知,10.95,10.95,10.93,10.93,9617,10517562
20250414,11:20,000001,未知,10.93,10.95,10.93,10.95,7488,8191035
20250414,11:25,000001,未知,10.95,10.95,10.94,10.94,8200,8974813
20250414,11:30,000001,未知,10.94,10.95,10.94,10.94,4060,4443429
20250414,13:05,000001,未知,10.94,10.95,10.92,10.94,35487,38810078
20250414,13:10,000001,未知,10.94,10.94,10.93,10.93,7172,7840571
20250414,13:15,000001,未知,10.94,10.94,10.93,10.93,6564,7178748
20250414,13:20,000001,未知,10.94,10.95,10.93,10.94,6548,7165625
20250414,13:25,000001,未知,10.95,10.95,10.94,10.94,6705,7336005
20250414,13:30,000001,未知,10.94,10.95,10.93,10.93,6239,6824396
20250414,13:35,000001,未知,10.93,10.94,10.93,10.93,4653,5088692
20250414,13:40,000001,未知,10.93,10.95,10.93,10.94,3902,4269700
20250414,13:45,000001,未知,10.94,10.95,10.94,10.94,4020,4398787
20250414,13:50,000001,未知,10.95,10.95,10.94,10.94,5681,6217003
20250414,13:55,000001,未知,10.95,10.95,10.94,10.95,3177,3476897
20250414,14:00,000001,未知,10.95,10.95,10.93,10.93,10522,11509177
20250414,14:05,000001,未知,10.94,10.94,10.93,10.93,4096,4478740
20250414,14:10,000001,未知,10.93,10.94,10.93,10.93,5240,5728597
20250414,14:15,000001,未知,10.93,10.94,10.93,10.93,4970,5434319
20250414,14:20,000001,未知,10.93,10.94,10.93,10.93,4626,5058521
20250414,14:25,000001,未知,10.93,10.94,10.93,10.93,5197,5681685
20250414,14:30,000001,未知,10.93,10.94,10.93,10.93,3851,4210647
20250414,14:35,000001,未知,10.94,10.95,10.93,10.94,9387,10266781
20250414,14:40,000001,未知,10.94,10.95,10.93,10.93,8767,9592605
20250414,14:45,000001,未知,10.94,10.95,10.93,10.94,12811,14011882
20250414,14:50,000001,未知,10.94,10.95,10.93,10.95,11274,12334052
20250414,14:55,000001,未知,10.94,10.95,10.93,10.94,21670,23711809
20250414,15:00,000001,未知,10.95,10.95,10.93,10.93,32696,35750456
20250415,09:35,000001,未知,10.92,10.93,10.9,10.92,23016,25131172
20250415,09:40,000001,未知,10.91,10.94,10.9,10.93,23606,25764791
20250415,09:45,000001,未知,10.93,10.96,10.93,10.95,19208,21013991
20250415,09:50,000001,未知,10.95,10.95,10.93,10.93,37842,41407257
20250415,09:55,000001,未知,10.94,10.94,10.92,10.92,18123,19802758
20250415,10:00,000001,未知,10.92,10.93,10.9,10.91,25482,27815762
20250415,10:05,000001,未知,10.91,10.94,10.91,10.93,23960,26175720
20250415,10:10,000001,未知,10.92,10.93,10.91,10.92,12663,13825999
20250415,10:15,000001,未知,10.91,10.92,10.91,10.91,22170,24189917
20250415,10:20,000001,未知,10.91,10.91,10.9,10.91,12761,13919041
20250415,10:25,000001,未知,10.91,10.92,10.9,10.91,17291,18858994
20250415,10:30,000001,未知,10.91,10.92,10.91,10.91,5237,5715634
20250415,10:35,000001,未知,10.91,10.92,10.91,10.91,10391,11337324
20250415,10:40,000001,未知,10.91,10.92,10.9,10.9,9615,10488496
20250415,10:45,000001,未知,10.91,10.91,10.9,10.9,7800,8507098
20250415,10:50,000001,未知,10.9,10.91,10.9,10.91,9920,10820294
20250415,10:55,000001,未知,10.91,10.92,10.91,10.92,26709,29158175
20250415,11:00,000001,未知,10.92,10.92,10.91,10.92,12121,13225190
20250415,11:05,000001,未知,10.91,10.93,10.91,10.93,8729,9532351
20250415,11:10,000001,未知,10.93,10.93,10.92,10.92,3928,4290911
20250415,11:15,000001,未知,10.93,10.93,10.92,10.93,8707,9511600
20250415,11:20,000001,未知,10.93,10.93,10.91,10.92,17814,19463756
20250415,11:25,000001,未知,10.93,10.95,10.92,10.94,19478,21305331
20250415,11:30,000001,未知,10.95,10.96,10.93,10.96,33129,36284639
20250415,13:05,000001,未知,10.96,10.97,10.94,10.94,33982,37239674
20250415,13:10,000001,未知,10.94,10.95,10.93,10.94,11905,13024839
20250415,13:15,000001,未知,10.95,10.95,10.94,10.95,5984,6549384
20250415,13:20,000001,未知,10.94,10.95,10.93,10.94,14269,15607261
20250415,13:25,000001,未知,10.94,10.94,10.93,10.93,4781,5227674
20250415,13:30,000001,未知,10.94,10.95,10.93,10.94,12387,13549045
20250415,13:35,000001,未知,10.94,10.95,10.93,10.94,9084,9936681
20250415,13:40,000001,未知,10.93,10.95,10.93,10.93,8781,9603647
20250415,13:45,000001,未知,10.94,10.94,10.93,10.93,5562,6080368
20250415,13:50,000001,未知,10.94,10.94,10.93,10.94,6504,7111798
20250415,13:55,000001,未知,10.94,10.94,10.93,10.94,8940,9777361
20250415,14:00,000001,未知,10.94,10.94,10.93,10.94,11085,12120546
20250415,14:05,000001,未知,10.94,10.95,10.93,10.94,9408,10290910
20250415,14:10,000001,未知,10.94,10.94,10.93,10.93,4166,4555697
20250415,14:15,000001,未知,10.93,10.94,10.93,10.94,4612,5042813
20250415,14:20,000001,未知,10.94,10.94,10.93,10.94,9064,9911447
20250415,14:25,000001,未知,10.94,10.94,10.93,10.94,6874,7517536
20250415,14:30,000001,未知,10.94,10.94,10.93,10.93,12382,13543106
20250415,14:35,000001,未知,10.94,10.94,10.93,10.94,7991,8740386
20250415,14:40,000001,未知,10.94,10.94,10.93,10.94,20416,22332067
20250415,14:45,000001,未知,10.94,10.95,10.93,10.95,16668,18238845
20250415,14:50,000001,未知,10.95,10.96,10.94,10.95,28851,31599324
20250415,14:55,000001,未知,10.96,10.97,10.95,10.97,30926,33896632
20250415,15:00,000001,未知,10.96,10.97,10.95,10.95,28432,31149683
20250416,09:35,000001,未知,10.93,10.94,10.91,10.93,54382,59422539
20250416,09:40,000001,未知,10.94,10.96,10.93,10.95,35597,38962286
20250416,09:45,000001,未知,10.96,10.96,10.94,10.96,16612,18200732
20250416,09:50,000001,未知,10.95,10.96,10.93,10.93,14095,15429117
20250416,09:55,000001,未知,10.93,10.94,10.93,10.93,5305,5800346
20250416,10:00,000001,未知,10.94,10.94,10.93,10.94,18888,20656012
20250416,10:05,000001,未知,10.95,10.95,10.92,10.94,11362,12423551
20250416,10:10,000001,未知,10.93,10.94,10.92,10.93,22000,24043581
20250416,10:15,000001,未知,10.93,10.93,10.92,10.93,3462,3781818
20250416,10:20,000001,未知,10.92,10.93,10.92,10.93,5702,6229461
20250416,10:25,000001,未知,10.92,10.93,10.91,10.92,25713,28076314
20250416,10:30,000001,未知,10.93,10.93,10.91,10.92,7707,8415950
20250416,10:35,000001,未知,10.92,10.93,10.91,10.93,7844,8566551
20250416,10:40,000001,未知,10.92,10.93,10.92,10.92,4003,4372788
20250416,10:45,000001,未知,10.93,10.93,10.92,10.93,3920,4282030
20250416,10:50,000001,未知,10.92,10.93,10.92,10.92,4254,4646721
20250416,10:55,000001,未知,10.92,10.93,10.92,10.93,4504,4920904
20250416,11:00,000001,未知,10.93,10.97,10.93,10.97,59142,64784922
20250416,11:05,000001,未知,10.96,10.97,10.95,10.96,12797,14026273
20250416,11:10,000001,未知,10.96,10.97,10.95,10.97,33459,36682847
20250416,11:15,000001,未知,10.97,10.99,10.97,10.97,25635,28139452
20250416,11:20,000001,未知,10.97,10.98,10.95,10.96,11806,12945556
20250416,11:25,000001,未知,10.96,10.99,10.95,10.97,35999,39506528
20250416,11:30,000001,未知,10.97,10.98,10.95,10.96,10235,11220010
20250416,13:05,000001,未知,10.96,10.96,10.93,10.93,25394,27791698
20250416,13:10,000001,未知,10.94,10.95,10.93,10.93,7035,7697063
20250416,13:15,000001,未知,10.94,10.95,10.93,10.94,6818,7458391
20250416,13:20,000001,未知,10.95,10.95,10.94,10.94,4685,5127132
20250416,13:25,000001,未知,10.94,10.95,10.94,10.94,3276,3584492
20250416,13:30,000001,未知,10.94,10.95,10.93,10.94,11236,12287717
20250416,13:35,000001,未知,10.93,10.95,10.93,10.95,7863,8599076
20250416,13:40,000001,未知,10.95,10.95,10.94,10.94,11163,12220239
20250416,13:45,000001,未知,10.95,10.95,10.94,10.94,12007,13137191
20250416,13:50,000001,未知,10.94,10.95,10.94,10.94,5527,6047783
20250416,13:55,000001,未知,10.95,10.95,10.94,10.94,4813,5266719
20250416,14:00,000001,未知,10.94,10.95,10.94,10.95,5258,5753739
20250416,14:05,000001,未知,10.94,10.95,10.94,10.94,3836,4197996
20250416,14:10,000001,未知,10.94,10.95,10.94,10.95,8011,8768982
20250416,14:15,000001,未知,10.95,10.95,10.94,10.95,6723,7358327
20250416,14:20,000001,未知,10.95,10.95,10.94,10.94,6825,7468487
20250416,14:25,000001,未知,10.94,10.95,10.94,10.95,5120,5604353
20250416,14:30,000001,未知,10.94,10.95,10.94,10.95,12088,13233338
20250416,14:35,000001,未知,10.94,10.96,10.94,10.96,15242,16687438
20250416,14:40,000001,未知,10.96,10.97,10.95,10.97,42016,46049013
20250416,14:45,000001,未知,10.96,10.97,10.95,10.96,22425,24578406
20250416,14:50,000001,未知,10.96,10.98,10.96,10.97,42420,46532608
20250416,14:55,000001,未知,10.98,11,10.97,10.99,97524,107174824
20250416,15:00,000001,未知,11,11.01,10.99,11,41094,45199947
20250417,09:35,000001,未知,10.95,10.97,10.94,10.96,58275,63797928
20250417,09:40,000001,未知,10.97,10.97,10.95,10.96,16343,17915734
20250417,09:45,000001,未知,10.96,10.97,10.95,10.97,12593,13806573
20250417,09:50,000001,未知,10.97,10.98,10.95,10.95,43929,48148122
20250417,09:55,000001,未知,10.95,10.97,10.95,10.97,35746,39149014
20250417,10:00,000001,未知,10.96,10.98,10.95,10.98,21370,23437963
20250417,10:05,000001,未知,10.98,11,10.97,10.99,57852,63587871
20250417,10:10,000001,未知,10.99,11,10.97,10.99,13065,14351366
20250417,10:15,000001,未知,10.98,11.01,10.98,11.01,40580,44658300
20250417,10:20,000001,未知,11.01,11.02,11,11.01,20980,23105873
20250417,10:25,000001,未知,11.01,11.02,11,11.01,17913,19722209
20250417,10:30,000001,未知,11,11.02,11,11.01,13423,14780118
20250417,10:35,000001,未知,11.01,11.02,11,11.01,14457,15919530
20250417,10:40,000001,未知,11.01,11.03,11,11.03,20548,22641786
20250417,10:45,000001,未知,11.03,11.03,11.01,11.01,9839,10838067
20250417,10:50,000001,未知,11.02,11.03,11.01,11.02,13938,15361379
20250417,10:55,000001,未知,11.02,11.04,11.02,11.04,27194,29994985
20250417,11:00,000001,未知,11.04,11.05,11.03,11.04,17617,19451549
20250417,11:05,000001,未知,11.03,11.04,11.03,11.03,6167,6805964
20250417,11:10,000001,未知,11.04,11.04,11.03,11.04,4707,5193529
20250417,11:15,000001,未知,11.03,11.05,11.03,11.05,10983,12124789
20250417,11:20,000001,未知,11.05,11.05,11.03,11.04,8914,9840648
20250417,11:25,000001,未知,11.03,11.04,11.03,11.04,6276,6923255
20250417,11:30,000001,未知,11.04,11.05,11.03,11.04,12471,13769115
20250417,13:05,000001,未知,11.05,11.05,11.01,11.02,19522,21529850
20250417,13:10,000001,未知,11.02,11.03,11.02,11.02,4111,4530444
20250417,13:15,000001,未知,11.02,11.04,11.02,11.03,12862,14189545
20250417,13:20,000001,未知,11.03,11.04,11.02,11.03,5507,6074372
20250417,13:25,000001,未知,11.03,11.04,11.03,11.03,3884,4284583
20250417,13:30,000001,未知,11.03,11.05,11.03,11.04,18219,20111216
20250417,13:35,000001,未知,11.04,11.06,11.04,11.06,26446,29214686
20250417,13:40,000001,未知,11.05,11.06,11.05,11.06,8757,9679386
20250417,13:45,000001,未知,11.05,11.06,11.04,11.05,4599,5081520
20250417,13:50,000001,未知,11.05,11.06,11.04,11.06,12852,14206139
20250417,13:55,000001,未知,11.05,11.07,11.05,11.07,21315,23574373
20250417,14:00,000001,未知,11.07,11.07,11.05,11.06,5201,5752140
20250417,14:05,000001,未知,11.05,11.06,11.04,11.04,12190,13475565
20250417,14:10,000001,未知,11.04,11.05,11.04,11.05,17394,19217656
20250417,14:15,000001,未知,11.04,11.07,11.04,11.07,26265,29051439
20250417,14:20,000001,未知,11.07,11.08,11.06,11.07,20449,22649891
20250417,14:25,000001,未知,11.07,11.07,11.06,11.06,6503,7196239
20250417,14:30,000001,未知,11.07,11.07,11.06,11.07,7927,8773550
20250417,14:35,000001,未知,11.07,11.07,11.06,11.07,10360,11462001
20250417,14:40,000001,未知,11.06,11.07,11.05,11.05,9689,10715766
20250417,14:45,000001,未知,11.05,11.06,11.05,11.06,6388,7063038
20250417,14:50,000001,未知,11.06,11.07,11.05,11.07,17080,18892649
20250417,14:55,000001,未知,11.06,11.07,11.06,11.07,18344,20303582
20250417,15:00,000001,未知,11.07,11.07,11.05,11.06,22875,25303495
20250418,09:35,000001,未知,11.04,11.09,11.03,11.08,49749,55026251
20250418,09:40,000001,未知,11.08,11.12,11.08,11.11,45022,49988367
20250418,09:45,000001,未知,11.1,11.1,11.08,11.08,13594,15074206
20250418,09:50,000001,未知,11.08,11.1,11.08,11.1,9696,10753122
20250418,09:55,000001,未知,11.1,11.12,11.09,11.12,24587,27318031
20250418,10:00,000001,未知,11.12,11.13,11.11,11.13,23193,25799222
20250418,10:05,000001,未知,11.13,11.15,11.13,11.14,33389,37188575
20250418,10:10,000001,未知,11.14,11.14,11.12,11.14,16772,18673758
20250418,10:15,000001,未知,11.14,11.15,11.13,11.15,21119,23530042
20250418,10:20,000001,未知,11.14,11.14,11.13,11.13,9953,11082321
20250418,10:25,000001,未知,11.13,11.14,11.12,11.13,7314,8142101
20250418,10:30,000001,未知,11.13,11.14,11.13,11.13,9912,11034123
20250418,10:35,000001,未知,11.13,11.14,11.13,11.14,9786,10898338
20250418,10:40,000001,未知,11.14,11.15,11.13,11.15,22254,24792619
20250418,10:45,000001,未知,11.14,11.15,11.13,11.13,9273,10328907
20250418,10:50,000001,未知,11.14,11.15,11.14,11.15,4962,5528303
20250418,10:55,000001,未知,11.15,11.16,11.14,11.15,19212,21418762
20250418,11:00,000001,未知,11.16,11.16,11.15,11.16,16860,18810559
20250418,11:05,000001,未知,11.15,11.18,11.15,11.18,31016,34632362
20250418,11:10,000001,未知,11.18,11.18,11.15,11.15,8038,8969200
20250418,11:15,000001,未知,11.15,11.16,11.15,11.15,6231,6951394
20250418,11:20,000001,未知,11.15,11.16,11.13,11.14,10535,11740094
20250418,11:25,000001,未知,11.13,11.14,11.13,11.13,4345,4838673
20250418,11:30,000001,未知,11.13,11.15,11.13,11.15,5225,5822124
20250418,13:05,000001,未知,11.15,11.17,11.15,11.16,24289,27101128
20250418,13:10,000001,未知,11.16,11.16,11.14,11.15,7745,8633346
20250418,13:15,000001,未知,11.15,11.15,11.14,11.14,5269,5871185
20250418,13:20,000001,未知,11.14,11.16,11.14,11.16,9502,10592168
20250418,13:25,000001,未知,11.15,11.16,11.15,11.15,6130,6838115
20250418,13:30,000001,未知,11.16,11.16,11.15,11.15,4721,5265679
20250418,13:35,000001,未知,11.14,11.16,11.14,11.15,4964,5535238
20250418,13:40,000001,未知,11.16,11.16,11.15,11.15,2038,2273249
20250418,13:45,000001,未知,11.16,11.16,11.15,11.16,16732,18667408
20250418,13:50,000001,未知,11.15,11.16,11.15,11.16,2611,2912902
20250418,13:55,000001,未知,11.16,11.17,11.15,11.16,18153,20262128
20250418,14:00,000001,未知,11.16,11.16,11.15,11.16,7454,8314872
20250418,14:05,000001,未知,11.16,11.16,11.14,11.15,6612,7371142
20250418,14:10,000001,未知,11.15,11.16,11.14,11.16,7279,8115300
20250418,14:15,000001,未知,11.16,11.16,11.14,11.15,6550,7303937
20250418,14:20,000001,未知,11.15,11.16,11.14,11.16,8038,8960616
20250418,14:25,000001,未知,11.16,11.16,11.14,11.15,5154,5745718
20250418,14:30,000001,未知,11.15,11.16,11.14,11.15,6492,7239294
20250418,14:35,000001,未知,11.15,11.16,11.14,11.15,6911,7704108
20250418,14:40,000001,未知,11.15,11.15,11.14,11.14,11184,12466945
20250418,14:45,000001,未知,11.15,11.17,11.14,11.16,27547,30734556
20250418,14:50,000001,未知,11.17,11.18,11.15,11.17,36341,40582948
20250418,14:55,000001,未知,11.17,11.18,11.16,11.17,52746,58944889
20250418,15:00,000001,未知,11.17,11.19,11.16,11.18,30599,34203240
20250421,09:35,000001,未知,11,11.08,10.98,11.08,239545,263804770
20250421,09:40,000001,未知,11.08,11.1,11.07,11.09,57588,63844373
20250421,09:45,000001,未知,11.08,11.13,11.08,11.11,47168,52401736
20250421,09:50,000001,未知,11.11,11.12,11.1,11.1,31219,34674567
20250421,09:55,000001,未知,11.11,11.12,11.09,11.1,33990,37742064
20250421,10:00,000001,未知,11.11,11.11,11.1,11.1,15318,17010277
20250421,10:05,000001,未知,11.1,11.11,11.09,11.1,26522,29446153
20250421,10:10,000001,未知,11.11,11.12,11.1,11.12,28917,32137663
20250421,10:15,000001,未知,11.12,11.13,11.09,11.09,38133,42358183
20250421,10:20,000001,未知,11.09,11.09,11.08,11.08,35737,39618779
20250421,10:25,000001,未知,11.08,11.09,11.05,11.07,31781,35175715
20250421,10:30,000001,未知,11.06,11.06,11.04,11.05,33497,37007863
20250421,10:35,000001,未知,11.04,11.05,11.03,11.04,29994,33110541
20250421,10:40,000001,未知,11.04,11.05,11.04,11.05,15059,16632160
20250421,10:45,000001,未知,11.05,11.05,11.03,11.03,25919,28601700
20250421,10:50,000001,未知,11.03,11.04,11.02,11.03,19294,21279271
20250421,10:55,000001,未知,11.03,11.04,11.02,11.03,15949,17591002
20250421,11:00,000001,未知,11.03,11.03,11.01,11.02,25957,28596506
20250421,11:05,000001,未知,11.02,11.02,11.01,11.02,23148,25496033
20250421,11:10,000001,未知,11.02,11.03,11.02,11.02,7812,8610576
20250421,11:15,000001,未知,11.03,11.03,11.02,11.02,6352,7004021
20250421,11:20,000001,未知,11.02,11.04,11.02,11.02,10792,11902367
20250421,11:25,000001,未知,11.02,11.03,11.02,11.02,6615,7293062
20250421,11:30,000001,未知,11.02,11.03,11.02,11.02,8171,9007782
20250421,13:05,000001,未知,11.02,11.03,11.02,11.02,20082,22131972
20250421,13:10,000001,未知,11.03,11.03,11.02,11.03,5637,6214316
20250421,13:15,000001,未知,11.03,11.04,11.02,11.03,11222,12377209
20250421,13:20,000001,未知,11.03,11.04,11.03,11.03,5717,6309302
20250421,13:25,000001,未知,11.04,11.05,11.03,11.03,7798,8606965
20250421,13:30,000001,未知,11.04,11.04,11.03,11.04,5067,5591755
20250421,13:35,000001,未知,11.04,11.04,11.03,11.04,6549,7226159
20250421,13:40,000001,未知,11.03,11.04,11.02,11.04,12479,13768123
20250421,13:45,000001,未知,11.03,11.04,11.02,11.03,12298,13563383
20250421,13:50,000001,未知,11.03,11.04,11.02,11.03,6821,7522197
20250421,13:55,000001,未知,11.04,11.04,11.03,11.03,7391,8155337
20250421,14:00,000001,未知,11.03,11.04,11.03,11.03,10249,11308198
20250421,14:05,000001,未知,11.03,11.04,11.02,11.03,15758,17376535
20250421,14:10,000001,未知,11.03,11.03,11.02,11.03,10165,11206933
20250421,14:15,000001,未知,11.03,11.03,11.02,11.03,6691,7377294
20250421,14:20,000001,未知,11.02,11.03,11.02,11.03,5184,5716576
20250421,14:25,000001,未知,11.03,11.03,11.02,11.03,7449,8214315
20250421,14:30,000001,未知,11.02,11.04,11.02,11.03,9431,10402452
20250421,14:35,000001,未知,11.04,11.04,11.02,11.02,17503,19305239
20250421,14:40,000001,未知,11.03,11.04,11.02,11.03,8324,9179200
20250421,14:45,000001,未知,11.03,11.03,11.02,11.02,10538,11619016
20250421,14:50,000001,未知,11.03,11.03,11.02,11.03,20242,22314349
20250421,14:55,000001,未知,11.03,11.03,11.01,11.02,50528,55677378
20250421,15:00,000001,未知,11.02,11.02,11.01,11.02,26584,29287971
20250422,09:35,000001,未知,11.02,11.05,11.02,11.03,49205,54283183
20250422,09:40,000001,未知,11.03,11.05,11.03,11.04,36219,39983388
20250422,09:45,000001,未知,11.04,11.06,11.03,11.04,38301,42301595
20250422,09:50,000001,未知,11.03,11.05,11.03,11.04,20449,22567883
20250422,09:55,000001,未知,11.04,11.05,11.04,11.04,15218,16809488
20250422,10:00,000001,未知,11.05,11.06,11.04,11.05,18612,20573866
20250422,10:05,000001,未知,11.05,11.05,11.02,11.02,30764,33946667
20250422,10:10,000001,未知,11.03,11.04,11.02,11.03,15348,16929300
20250422,10:15,000001,未知,11.03,11.03,11.01,11.03,32863,36213781
20250422,10:20,000001,未知,11.02,11.03,11.01,11.01,24402,26885696
20250422,10:25,000001,未知,11.01,11.02,11,11,25955,28568747
20250422,10:30,000001,未知,11.01,11.01,10.99,10.99,33575,36927159
20250422,10:35,000001,未知,10.99,11,10.99,10.99,22825,25094116
20250422,10:40,000001,未知,10.99,11,10.98,10.99,29653,32583199
20250422,10:45,000001,未知,10.98,11,10.98,11,25814,28370568
20250422,10:50,000001,未知,10.99,10.99,10.98,10.98,12045,13231749
20250422,10:55,000001,未知,10.98,10.99,10.98,10.98,18120,19911139
20250422,11:00,000001,未知,10.99,11,10.98,11,22757,25007243
20250422,11:05,000001,未知,11,11,10.99,10.99,12288,13514784
20250422,11:10,000001,未知,11,11.01,11,11.01,17500,19252763
20250422,11:15,000001,未知,11.01,11.02,11,11.01,16364,18014965
20250422,11:20,000001,未知,11.01,11.02,11.01,11.01,6668,7344354
20250422,11:25,000001,未知,11.01,11.02,11,11.02,8768,9652325
20250422,11:30,000001,未知,11,11.02,11,11.01,16532,18200149
20250422,13:05,000001,未知,11.01,11.01,11,11,23368,25716610
20250422,13:10,000001,未知,11.01,11.02,11,11.02,9178,10104322
20250422,13:15,000001,未知,11.02,11.02,11.01,11.02,8914,9819115
20250422,13:20,000001,未知,11.02,11.02,11.01,11.01,7603,8372967
20250422,13:25,000001,未知,11.01,11.02,11.01,11.02,7122,7845924
20250422,13:30,000001,未知,11.02,11.03,11.01,11.02,18450,20332740
20250422,13:35,000001,未知,11.02,11.02,11.01,11.02,6440,7094031
20250422,13:40,000001,未知,11.01,11.03,11.01,11.02,7070,7789493
20250422,13:45,000001,未知,11.02,11.03,11.01,11.01,8311,9158320
20250422,13:50,000001,未知,11.01,11.03,11.01,11.02,5389,5941187
20250422,13:55,000001,未知,11.02,11.03,11.02,11.03,18701,20624617
20250422,14:00,000001,未知,11.03,11.03,11.02,11.02,14619,16123784
20250422,14:05,000001,未知,11.03,11.04,11.02,11.04,22951,25328434
20250422,14:10,000001,未知,11.03,11.04,11.03,11.03,3335,3680637
20250422,14:15,000001,未知,11.03,11.05,11.03,11.04,14823,16364470
20250422,14:20,000001,未知,11.04,11.05,11.04,11.05,8459,9340643
20250422,14:25,000001,未知,11.05,11.05,11.03,11.04,11814,13043758
20250422,14:30,000001,未知,11.04,11.05,11.04,11.05,15068,16647830
20250422,14:35,000001,未知,11.05,11.06,11.04,11.04,20303,22433073
20250422,14:40,000001,未知,11.05,11.05,11.04,11.05,3588,3963051
20250422,14:45,000001,未知,11.04,11.05,11.04,11.05,5077,5607474
20250422,14:50,000001,未知,11.04,11.05,11.04,11.04,9825,10852167
20250422,14:55,000001,未知,11.04,11.05,11.04,11.04,16688,18436954
20250422,15:00,000001,未知,11.05,11.05,11.04,11.04,13788,15226074
20250423,09:35,000001,未知,11.04,11.04,11.01,11.02,94868,104625670
20250423,09:40,000001,未知,11.03,11.05,11.02,11.03,43347,47832136
20250423,09:45,000001,未知,11.02,11.04,11.01,11.03,22586,24895659
20250423,09:50,000001,未知,11.03,11.03,11.02,11.02,7942,8755820
20250423,09:55,000001,未知,11.03,11.04,11.01,11.01,16958,18695495
20250423,10:00,000001,未知,11.02,11.02,11,11.01,24818,27331149
20250423,10:05,000001,未知,11.01,11.01,10.98,10.99,69013,75869406
20250423,10:10,000001,未知,10.99,11,10.98,11,11789,12960135
20250423,10:15,000001,未知,10.99,11.01,10.99,11,16432,18076143
20250423,10:20,000001,未知,11.01,11.02,11,11.02,11943,13149189
20250423,10:25,000001,未知,11.02,11.02,11.01,11.01,12355,13604704
20250423,10:30,000001,未知,11.01,11.02,11.01,11.02,5110,5627313
20250423,10:35,000001,未知,11.01,11.02,11,11,12622,13895322
20250423,10:40,000001,未知,11,11.03,11,11.02,24836,27375443
20250423,10:45,000001,未知,11.02,11.03,11.01,11.01,4092,4508643
20250423,10:50,000001,未知,11.01,11.02,11.01,11.01,2583,2845290
20250423,10:55,000001,未知,11.01,11.03,11.01,11.02,4526,4988322
20250423,11:00,000001,未知,11.03,11.03,11.01,11.02,3652,4023854
20250423,11:05,000001,未知,11.02,11.03,11.01,11.02,2235,2463688
20250423,11:10,000001,未知,11.03,11.03,11.01,11.02,5398,5951198
20250423,11:15,000001,未知,11.02,11.02,11,11.02,11439,12587207
20250423,11:20,000001,未知,11.01,11.02,11,11.02,5024,5529261
20250423,11:25,000001,未知,11.01,11.02,11.01,11.01,3384,3726682
20250423,11:30,000001,未知,11.02,11.02,11.01,11.02,3192,3515795
20250423,13:05,000001,未知,11.01,11.02,11,11,11479,12643965
20250423,13:10,000001,未知,11.01,11.01,11,11,7542,8301316
20250423,13:15,000001,未知,11.01,11.01,11,11.01,5602,6166144
20250423,13:20,000001,未知,11,11.02,11,11.01,5241,5771654
20250423,13:25,000001,未知,11.01,11.02,11.01,11.02,2955,3254504
20250423,13:30,000001,未知,11.01,11.02,11.01,11.02,2960,3259737
20250423,13:35,000001,未知,11.01,11.02,11.01,11.02,4018,4425166
20250423,13:40,000001,未知,11.02,11.03,11.01,11.03,9660,10649363
20250423,13:45,000001,未知,11.02,11.03,11.02,11.03,3783,4170353
20250423,13:50,000001,未知,11.03,11.03,11.02,11.02,5665,6246914
20250423,13:55,000001,未知,11.03,11.03,11.01,11.01,4833,5325052
20250423,14:00,000001,未知,11.02,11.02,11.01,11.02,3424,3771090
20250423,14:05,000001,未知,11.02,11.02,11.01,11.01,4974,5477760
20250423,14:10,000001,未知,11.01,11.02,11,11,15414,16971442
20250423,14:15,000001,未知,11.01,11.02,11,11.01,5623,6190490
20250423,14:20,000001,未知,11.01,11.02,11,11.01,4586,5049075
20250423,14:25,000001,未知,11.02,11.02,11.01,11.02,2726,3002198
20250423,14:30,000001,未知,11.02,11.02,11.01,11.01,6703,7381502
20250423,14:35,000001,未知,11.02,11.02,11.01,11.01,9048,9963934
20250423,14:40,000001,未知,11.02,11.02,11,11.01,5203,5726433
20250423,14:45,000001,未知,11.01,11.01,11,11.01,8168,8990993
20250423,14:50,000001,未知,11.01,11.01,11,11.01,5318,5852815
20250423,14:55,000001,未知,11.01,11.01,11,11,15489,17044839
20250423,15:00,000001,未知,11,11.01,11,11.01,15825,17415539
20250424,09:35,000001,未知,11,11.03,11,11.01,27255,30014628
20250424,09:40,000001,未知,11.02,11.03,11.01,11.03,20735,22864031
20250424,09:45,000001,未知,11.03,11.03,11.02,11.02,22055,24308637
20250424,09:50,000001,未知,11.02,11.03,11.01,11.03,18323,20200238
20250424,09:55,000001,未知,11.03,11.03,11.02,11.03,8545,9420552
20250424,10:00,000001,未知,11.03,11.04,11.02,11.04,46061,50834683
20250424,10:05,000001,未知,11.04,11.04,11.03,11.03,5823,6427028
20250424,10:10,000001,未知,11.03,11.04,11.03,11.03,5444,6008742
20250424,10:15,000001,未知,11.04,11.06,11.04,11.05,62106,68622901
20250424,10:20,000001,未知,11.05,11.06,11.04,11.06,12075,13345749
20250424,10:25,000001,未知,11.05,11.06,11.05,11.06,9875,10919601
20250424,10:30,000001,未知,11.06,11.06,11.04,11.04,23845,26351338
20250424,10:35,000001,未知,11.04,11.05,11.03,11.04,13508,14917295
20250424,10:40,000001,未知,11.04,11.04,11.03,11.04,7009,7736645
20250424,10:45,000001,未知,11.04,11.04,11.03,11.04,13028,14378655
20250424,10:50,000001,未知,11.04,11.04,11.03,11.04,12818,14148958
20250424,10:55,000001,未知,11.04,11.04,11.03,11.03,7024,7751818
20250424,11:00,000001,未知,11.03,11.04,11.02,11.03,23394,25800426
20250424,11:05,000001,未知,11.02,11.03,11.02,11.03,17953,19789131
20250424,11:10,000001,未知,11.02,11.03,11.01,11.02,16650,18348935
20250424,11:15,000001,未知,11.02,11.02,11.01,11.01,9357,10306185
20250424,11:20,000001,未知,11.01,11.02,11.01,11.01,6046,6658270
20250424,11:25,000001,未知,11.01,11.02,11.01,11.02,5286,5822820
20250424,11:30,000001,未知,11.02,11.02,11,11.01,28193,31048993
20250424,13:05,000001,未知,11.01,11.04,11.01,11.04,38052,41976869
20250424,13:10,000001,未知,11.04,11.05,11.04,11.04,17524,19355710
20250424,13:15,000001,未知,11.04,11.06,11.04,11.05,38707,42778011
20250424,13:20,000001,未知,11.04,11.05,11.04,11.05,7042,7780609
20250424,13:25,000001,未知,11.05,11.05,11.04,11.05,3544,3914383
20250424,13:30,000001,未知,11.05,11.05,11.04,11.04,9291,10260183
20250424,13:35,000001,未知,11.04,11.04,11.03,11.03,12815,14136403
20250424,13:40,000001,未知,11.03,11.04,11.03,11.04,5013,5531909
20250424,13:45,000001,未知,11.04,11.04,11.03,11.04,3455,3813509
20250424,13:50,000001,未知,11.04,11.04,11.03,11.04,3275,3614427
20250424,13:55,000001,未知,11.03,11.04,11.03,11.03,5673,6261027
20250424,14:00,000001,未知,11.03,11.04,11.03,11.03,6151,6788920
20250424,14:05,000001,未知,11.03,11.04,11.03,11.03,7442,8212972
20250424,14:10,000001,未知,11.03,11.04,11.02,11.03,7492,8266146
20250424,14:15,000001,未知,11.03,11.03,11.02,11.02,3816,4208793
20250424,14:20,000001,未知,11.02,11.04,11.02,11.02,12231,13489487
20250424,14:25,000001,未知,11.03,11.04,11.02,11.02,8848,9756016
20250424,14:30,000001,未知,11.02,11.03,11.02,11.03,7080,7806813
20250424,14:35,000001,未知,11.03,11.03,11.02,11.02,7209,7950575
20250424,14:40,000001,未知,11.02,11.03,11.02,11.02,3571,3937582
20250424,14:45,000001,未知,11.02,11.03,11.02,11.03,13214,14566738
20250424,14:50,000001,未知,11.03,11.03,11.01,11.01,10830,11935644
20250424,14:55,000001,未知,11.01,11.03,11.01,11.03,13821,15230845
20250424,15:00,000001,未知,11.02,11.03,11.02,11.03,20752,22884161
20250425,09:35,000001,未知,11.04,11.05,11.01,11.01,53629,59167305
20250425,09:40,000001,未知,11.02,11.04,11.01,11.02,20850,22986811
20250425,09:45,000001,未知,11.03,11.04,11.02,11.02,12923,14249947
20250425,09:50,000001,未知,11.02,11.03,11.02,11.03,16440,18124400
20250425,09:55,000001,未知,11.03,11.04,11.02,11.04,18040,19892738
20250425,10:00,000001,未知,11.03,11.04,11.01,11.02,20010,22053963
20250425,10:05,000001,未知,11.01,11.02,11.01,11.01,10734,11824002
20250425,10:10,000001,未知,11.01,11.02,11,11.01,29817,32829926
20250425,10:15,000001,未知,11,11.02,11,11.01,18847,20748632
20250425,10:20,000001,未知,11.01,11.03,11.01,11.02,14525,16004869
20250425,10:25,000001,未知,11.02,11.03,11.01,11.02,13722,15117899
20250425,10:30,000001,未知,11.01,11.03,11.01,11.03,6118,6743021
20250425,10:35,000001,未知,11.03,11.03,11.02,11.03,6464,7127434
20250425,10:40,000001,未知,11.02,11.03,11.02,11.03,7454,8218245
20250425,10:45,000001,未知,11.03,11.03,11.01,11.01,21629,23825203
20250425,10:50,000001,未知,11.01,11.02,11,11.01,26741,29423829
20250425,10:55,000001,未知,11,11.02,11,11.01,12083,13300019
20250425,11:00,000001,未知,11.01,11.01,11,11.01,9277,10211481
20250425,11:05,000001,未知,11.01,11.01,10.99,11,46980,51676784
20250425,11:10,000001,未知,10.99,11.01,10.99,11,18651,20517150
20250425,11:15,000001,未知,11,11.01,11,11.01,8135,8954029
20250425,11:20,000001,未知,11,11.01,10.99,11,20729,22804251
20250425,11:25,000001,未知,11.01,11.02,11,11.02,8321,9158343
20250425,11:30,000001,未知,11.02,11.02,11.01,11.01,3994,4399507
20250425,13:05,000001,未知,11.01,11.02,11.01,11.02,7500,8261176
20250425,13:10,000001,未知,11.02,11.03,11.01,11.03,14639,16129976
20250425,13:15,000001,未知,11.02,11.03,11.02,11.02,9372,10329678
20250425,13:20,000001,未知,11.03,11.03,11.01,11.02,6941,7650513
20250425,13:25,000001,未知,11.02,11.03,11.02,11.02,4405,4855268
20250425,13:30,000001,未知,11.02,11.03,11.02,11.02,8378,9233968
20250425,13:35,000001,未知,11.02,11.03,11.01,11.01,10725,11819592
20250425,13:40,000001,未知,11.01,11.02,11.01,11.02,6203,6833256
20250425,13:45,000001,未知,11.01,11.03,11.01,11.01,5995,6605448
20250425,13:50,000001,未知,11.02,11.03,11.01,11.03,3326,3665471
20250425,13:55,000001,未知,11.02,11.03,11.02,11.02,2458,2709111
20250425,14:00,000001,未知,11.02,11.03,11.01,11.01,12769,14070004
20250425,14:05,000001,未知,11.01,11.02,11.01,11.02,3154,3473228
20250425,14:10,000001,未知,11.01,11.02,11.01,11.01,10554,11623866
20250425,14:15,000001,未知,11.01,11.02,11.01,11.01,13772,15170607
20250425,14:20,000001,未知,11.01,11.02,11.01,11.01,4688,5162304
20250425,14:25,000001,未知,11.01,11.02,11.01,11.01,5035,5546591
20250425,14:30,000001,未知,11.02,11.02,11.01,11.01,6647,7322259
20250425,14:35,000001,未知,11.01,11.02,11.01,11.02,5897,6496898
20250425,14:40,000001,未知,11.01,11.02,11.01,11.02,5293,5829654
20250425,14:45,000001,未知,11.01,11.02,11.01,11.01,12516,13784002
20250425,14:50,000001,未知,11.01,11.03,11.01,11.02,14439,15908415
20250425,14:55,000001,未知,11.01,11.03,11.01,11.01,11009,12127577
20250425,15:00,000001,未知,11.01,11.02,11.01,11.01,25719,28320823
20250428,09:35,000001,未知,11,11.01,10.98,10.99,62687,68938898
20250428,09:40,000001,未知,11,11.01,10.98,10.98,30656,33715693
20250428,09:45,000001,未知,10.98,10.99,10.96,10.98,45991,50496484
20250428,09:50,000001,未知,10.97,11,10.97,10.98,29571,32492851
20250428,09:55,000001,未知,10.98,10.99,10.97,10.98,15130,16614670
20250428,10:00,000001,未知,10.98,10.99,10.97,10.99,17047,18713956
20250428,10:05,000001,未知,10.98,10.99,10.97,10.98,15983,17547246
20250428,10:10,000001,未知,10.98,11,10.98,10.99,23478,25798316
20250428,10:15,000001,未知,10.99,11.02,10.99,11.02,25785,28386629
20250428,10:20,000001,未知,11.01,11.03,11.01,11.02,31207,34383585
20250428,10:25,000001,未知,11.02,11.03,11,11.01,15948,17563268
20250428,10:30,000001,未知,11.02,11.02,11.01,11.02,16415,18076808
20250428,10:35,000001,未知,11.01,11.02,11,11.01,5887,6480964
20250428,10:40,000001,未知,11.01,11.02,11.01,11.01,6946,7651766
20250428,10:45,000001,未知,11.01,11.02,11.01,11.02,11442,12606436
20250428,10:50,000001,未知,11.01,11.02,11,11.01,20380,22443767
20250428,10:55,000001,未知,11.02,11.02,11,11,6675,7348084
20250428,11:00,000001,未知,11.01,11.01,11,11.01,2242,2467490
20250428,11:05,000001,未知,11,11.01,11,11,5795,6379312
20250428,11:10,000001,未知,11,11.01,11,11,4489,4939022
20250428,11:15,000001,未知,11.01,11.01,10.99,11,9518,10469667
20250428,11:20,000001,未知,11,11.01,11,11.01,11429,12581966
20250428,11:25,000001,未知,11.01,11.02,11,11.02,5390,5935715
20250428,11:30,000001,未知,11.02,11.02,11.01,11.02,5480,6037165
20250428,13:05,000001,未知,11.02,11.03,11.01,11.02,33416,36831128
20250428,13:10,000001,未知,11.02,11.04,11.02,11.03,25719,28371747
20250428,13:15,000001,未知,11.03,11.04,11.02,11.02,8463,9333795
20250428,13:20,000001,未知,11.03,11.03,11.02,11.02,3891,4290432
20250428,13:25,000001,未知,11.03,11.03,11.02,11.03,4753,5239428
20250428,13:30,000001,未知,11.02,11.03,11.02,11.03,3343,3684824
20250428,13:35,000001,未知,11.03,11.03,11.02,11.03,4411,4863352
20250428,13:40,000001,未知,11.02,11.03,11.02,11.02,3007,3314720
20250428,13:45,000001,未知,11.02,11.03,11.02,11.02,3737,4119496
20250428,13:50,000001,未知,11.03,11.03,11.02,11.02,3692,4069972
20250428,13:55,000001,未知,11.02,11.03,11.02,11.02,5378,5927796
20250428,14:00,000001,未知,11.03,11.03,11.02,11.03,5503,6067482
20250428,14:05,000001,未知,11.02,11.03,11.02,11.02,8829,9730702
20250428,14:10,000001,未知,11.02,11.03,11.01,11.02,4915,5416624
20250428,14:15,000001,未知,11.01,11.02,11.01,11.02,3841,4231309
20250428,14:20,000001,未知,11.02,11.02,11.01,11.01,4334,4773861
20250428,14:25,000001,未知,11.02,11.02,11.01,11.01,5491,6047658
20250428,14:30,000001,未知,11.02,11.02,11.01,11.01,3894,4289050
20250428,14:35,000001,未知,11.01,11.02,11.01,11.02,6034,6644695
20250428,14:40,000001,未知,11.02,11.02,11.01,11.02,5213,5742033
20250428,14:45,000001,未知,11.02,11.02,11.01,11.02,12387,13644226
20250428,14:50,000001,未知,11.02,11.02,11.01,11.02,16997,18717280
20250428,14:55,000001,未知,11.01,11.02,11,11.01,25634,28227874
20250428,15:00,000001,未知,11.02,11.02,11,11,13565,14926620
20250429,09:35,000001,未知,11,11.01,10.98,10.99,33582,36926983
20250429,09:40,000001,未知,10.98,11,10.97,10.99,36030,39567408
20250429,09:45,000001,未知,10.98,11,10.98,10.98,16949,18623170
20250429,09:50,000001,未知,10.99,10.99,10.97,10.98,30397,33378623
20250429,09:55,000001,未知,10.99,11.01,10.98,10.99,24796,27270154
20250429,10:00,000001,未知,10.99,11.01,10.99,11.01,13555,14902520
20250429,10:05,000001,未知,11,11.02,11,11.01,27252,30008672
20250429,10:10,000001,未知,11.01,11.02,11,11.01,15225,16767446
20250429,10:15,000001,未知,11.01,11.02,11,11,8572,9434778
20250429,10:20,000001,未知,11.01,11.01,10.99,10.99,20719,22784441
20250429,10:25,000001,未知,11,11,10.98,10.99,12606,13856837
20250429,10:30,000001,未知,10.98,11,10.98,10.99,4449,4890077
20250429,10:35,000001,未知,10.99,11,10.98,10.98,10627,11673104
20250429,10:40,000001,未知,10.98,11,10.98,10.99,5167,5677233
20250429,10:45,000001,未知,10.99,10.99,10.98,10.99,5554,6102233
20250429,10:50,000001,未知,10.99,11,10.98,10.99,7048,7741691
20250429,10:55,000001,未知,10.99,10.99,10.98,10.98,3719,4086031
20250429,11:00,000001,未知,10.98,11,10.98,10.98,8017,8805547
20250429,11:05,000001,未知,10.99,10.99,10.98,10.98,7616,8362993
20250429,11:10,000001,未知,10.98,10.99,10.98,10.98,5660,6216613
20250429,11:15,000001,未知,10.99,10.99,10.98,10.99,5873,6449832
20250429,11:20,000001,未知,10.98,11,10.98,10.99,7251,7966052
20250429,11:25,000001,未知,11,11,10.98,10.98,4260,4679454
20250429,11:30,000001,未知,10.98,10.99,10.98,10.98,8235,9042859
20250429,13:05,000001,未知,10.99,10.99,10.97,10.97,28858,31678525
20250429,13:10,000001,未知,10.98,10.98,10.97,10.98,8271,9075079
20250429,13:15,000001,未知,10.97,10.99,10.97,10.98,18145,19918208
20250429,13:20,000001,未知,10.98,10.98,10.97,10.98,6264,6873617
20250429,13:25,000001,未知,10.98,10.98,10.97,10.97,22328,24496117
20250429,13:30,000001,未知,10.97,10.98,10.97,10.97,13368,14665075
20250429,13:35,000001,未知,10.97,10.98,10.96,10.96,27746,30420123
20250429,13:40,000001,未知,10.96,10.97,10.95,10.96,24164,26481516
20250429,13:45,000001,未知,10.95,10.97,10.95,10.97,5934,6506223
20250429,13:50,000001,未知,10.97,10.98,10.96,10.97,7218,7916080
20250429,13:55,000001,未知,10.97,10.98,10.96,10.97,4495,4931277
20250429,14:00,000001,未知,10.97,10.98,10.96,10.96,8914,9780108
20250429,14:05,000001,未知,10.97,10.98,10.96,10.98,6358,6976571
20250429,14:10,000001,未知,10.97,10.99,10.97,10.98,9630,10572003
20250429,14:15,000001,未知,10.97,10.98,10.97,10.98,4236,4649604
20250429,14:20,000001,未知,10.98,10.98,10.97,10.97,3634,3988493
20250429,14:25,000001,未知,10.97,10.98,10.97,10.98,4505,4943438
20250429,14:30,000001,未知,10.97,10.98,10.96,10.97,11764,12901256
20250429,14:35,000001,未知,10.97,10.98,10.96,10.97,10854,11905663
20250429,14:40,000001,未知,10.97,10.98,10.97,10.97,7332,8046099
20250429,14:45,000001,未知,10.98,10.98,10.97,10.97,15311,16800395
20250429,14:50,000001,未知,10.98,10.98,10.97,10.98,14018,15382796
20250429,14:55,000001,未知,10.97,10.98,10.96,10.97,27579,30260924
20250429,15:00,000001,未知,10.98,10.98,10.97,10.98,34960,38380591
20250430,09:35,000001,未知,10.96,10.96,10.94,10.95,67969,74419350
20250430,09:40,000001,未知,10.95,10.95,10.92,10.92,80221,87656598
20250430,09:45,000001,未知,10.92,10.95,10.91,10.95,55522,60630714
20250430,09:50,000001,未知,10.95,10.95,10.93,10.94,29833,32645066
20250430,09:55,000001,未知,10.93,10.94,10.93,10.93,10797,11803672
20250430,10:00,000001,未知,10.94,10.94,10.92,10.93,20777,22704786
20250430,10:05,000001,未知,10.93,10.93,10.91,10.93,26402,28834124
20250430,10:10,000001,未知,10.93,10.94,10.92,10.93,20055,21918721
20250430,10:15,000001,未知,10.94,10.94,10.92,10.94,9305,10170795
20250430,10:20,000001,未知,10.94,10.94,10.93,10.93,15550,16999854
20250430,10:25,000001,未知,10.94,10.95,10.93,10.94,25312,27674825
20250430,10:30,000001,未知,10.95,10.95,10.93,10.93,5310,5807944
20250430,10:35,000001,未知,10.94,10.95,10.93,10.93,9765,10678186
20250430,10:40,000001,未知,10.94,10.95,10.94,10.95,5234,5727512
20250430,10:45,000001,未知,10.95,10.95,10.93,10.93,10637,11633295
20250430,10:50,000001,未知,10.94,10.94,10.91,10.92,46553,50848798
20250430,10:55,000001,未知,10.92,10.93,10.91,10.93,15387,16802156
20250430,11:00,000001,未知,10.93,10.93,10.92,10.93,6376,6964649
20250430,11:05,000001,未知,10.93,10.93,10.91,10.91,24279,26498359
20250430,11:10,000001,未知,10.92,10.92,10.91,10.92,10755,11737526
20250430,11:15,000001,未知,10.92,10.92,10.91,10.92,13749,15008696
20250430,11:20,000001,未知,10.93,10.93,10.91,10.92,15268,16670279
20250430,11:25,000001,未知,10.92,10.92,10.91,10.91,7422,8100918
20250430,11:30,000001,未知,10.92,10.92,10.91,10.92,4620,5042168
20250430,13:05,000001,未知,10.92,10.93,10.91,10.92,20002,21842873
20250430,13:10,000001,未知,10.92,10.92,10.91,10.92,10285,11225085
20250430,13:15,000001,未知,10.92,10.93,10.91,10.92,8291,9054561
20250430,13:20,000001,未知,10.93,10.93,10.91,10.91,17248,18834552
20250430,13:25,000001,未知,10.91,10.92,10.9,10.91,24648,26891203
20250430,13:30,000001,未知,10.92,10.92,10.9,10.9,8551,9330547
20250430,13:35,000001,未知,10.91,10.91,10.9,10.9,6181,6738999
20250430,13:40,000001,未知,10.91,10.91,10.9,10.91,9420,10271751
20250430,13:45,000001,未知,10.91,10.91,10.9,10.9,6986,7617856
20250430,13:50,000001,未知,10.91,10.91,10.9,10.91,4800,5235703
20250430,13:55,000001,未知,10.91,10.91,10.9,10.91,7460,8137255
20250430,14:00,000001,未知,10.91,10.91,10.9,10.9,5621,6129991
20250430,14:05,000001,未知,10.91,10.92,10.9,10.91,12097,13197229
20250430,14:10,000001,未知,10.91,10.92,10.9,10.91,7645,8340450
20250430,14:15,000001,未知,10.92,10.92,10.91,10.92,3899,4255573
20250430,14:20,000001,未知,10.92,10.92,10.91,10.92,8885,9696769
20250430,14:25,000001,未知,10.91,10.92,10.91,10.91,10131,11054586
20250430,14:30,000001,未知,10.91,10.92,10.9,10.91,15962,17412567
20250430,14:35,000001,未知,10.91,10.92,10.9,10.91,16408,17899690
20250430,14:40,000001,未知,10.91,10.92,10.9,10.91,7520,8204206
20250430,14:45,000001,未知,10.91,10.91,10.9,10.9,46038,50186754
20250430,14:50,000001,未知,10.9,10.91,10.89,10.9,34287,37372744
20250430,14:55,000001,未知,10.9,10.91,10.89,10.9,20597,22450743
20250430,15:00,000001,未知,10.9,10.91,10.89,10.91,19775,21568958
20250506,09:35,000001,未知,10.92,10.96,10.89,10.94,104901,114604135
20250506,09:40,000001,未知,10.93,10.94,10.92,10.92,11874,12980909
20250506,09:45,000001,未知,10.93,10.94,10.91,10.92,17789,19436476
20250506,09:50,000001,未知,10.92,10.93,10.9,10.91,17826,19454630
20250506,09:55,000001,未知,10.91,10.92,10.9,10.91,24949,27222115
20250506,10:00,000001,未知,10.92,10.94,10.92,10.94,16789,18351345
20250506,10:05,000001,未知,10.93,10.94,10.92,10.94,18231,19937414
20250506,10:10,000001,未知,10.94,10.94,10.92,10.92,7055,7713045
20250506,10:15,000001,未知,10.93,10.94,10.92,10.93,7177,7845586
20250506,10:20,000001,未知,10.94,10.94,10.93,10.93,9913,10842249
20250506,10:25,000001,未知,10.93,10.94,10.93,10.93,8524,9322904
20250506,10:30,000001,未知,10.94,10.99,10.93,10.98,93088,102085413
20250506,10:35,000001,未知,10.99,11,10.96,10.97,50138,55100568
20250506,10:40,000001,未知,10.96,10.97,10.95,10.96,14309,15684656
20250506,10:45,000001,未知,10.96,10.96,10.94,10.94,16249,17781789
20250506,10:50,000001,未知,10.95,10.95,10.94,10.95,5127,5612712
20250506,10:55,000001,未知,10.95,10.95,10.94,10.95,7005,7667955
20250506,11:00,000001,未知,10.94,10.95,10.93,10.93,20609,22539181
20250506,11:05,000001,未知,10.94,10.94,10.93,10.94,13407,14654704
20250506,11:10,000001,未知,10.93,10.94,10.93,10.93,9281,10145482
20250506,11:15,000001,未知,10.93,10.94,10.93,10.93,10788,11793524
20250506,11:20,000001,未知,10.93,10.94,10.93,10.93,7776,8500664
20250506,11:25,000001,未知,10.93,10.95,10.93,10.95,9898,10828916
20250506,11:30,000001,未知,10.94,10.95,10.94,10.94,7741,8470659
20250506,13:05,000001,未知,10.94,10.95,10.93,10.94,21095,23075323
20250506,13:10,000001,未知,10.94,10.95,10.93,10.95,15877,17372164
20250506,13:15,000001,未知,10.94,10.95,10.93,10.95,13436,14697585
20250506,13:20,000001,未知,10.95,10.95,10.94,10.94,9236,10106705
20250506,13:25,000001,未知,10.94,10.96,10.94,10.95,19912,21795839
20250506,13:30,000001,未知,10.95,10.96,10.94,10.94,10863,11889095
20250506,13:35,000001,未知,10.94,10.95,10.94,10.95,10599,11596819
20250506,13:40,000001,未知,10.95,10.95,10.94,10.94,11927,13051786
20250506,13:45,000001,未知,10.95,10.95,10.94,10.94,8657,9472724
20250506,13:50,000001,未知,10.95,10.95,10.93,10.94,14353,15698477
20250506,13:55,000001,未知,10.93,10.95,10.93,10.94,10472,11453364
20250506,14:00,000001,未知,10.95,10.95,10.93,10.94,11443,12517402
20250506,14:05,000001,未知,10.94,10.95,10.94,10.94,11831,12946946
20250506,14:10,000001,未知,10.94,10.95,10.94,10.95,13370,14629339
20250506,14:15,000001,未知,10.95,10.95,10.93,10.94,13541,14812608
20250506,14:20,000001,未知,10.94,10.94,10.93,10.93,13639,14913720
20250506,14:25,000001,未知,10.94,10.95,10.93,10.94,11231,12285892
20250506,14:30,000001,未知,10.94,10.95,10.93,10.93,13022,14243401
20250506,14:35,000001,未知,10.93,10.94,10.93,10.94,13871,15164639
20250506,14:40,000001,未知,10.94,10.95,10.93,10.94,14424,15774561
20250506,14:45,000001,未知,10.94,10.95,10.93,10.94,12871,14082547
20250506,14:50,000001,未知,10.94,10.95,10.94,10.95,12359,13524504
20250506,14:55,000001,未知,10.95,10.96,10.94,10.96,28296,30988817
20250506,15:00,000001,未知,10.95,10.97,10.95,10.96,27902,30580814
20250507,09:35,000001,未知,11.01,11.04,10.99,11,116998,128846886
20250507,09:40,000001,未知,11,11.01,10.98,10.99,40218,44230312
20250507,09:45,000001,未知,10.99,11,10.98,10.99,37840,41590910
20250507,09:50,000001,未知,10.98,11,10.98,10.99,27824,30583179
20250507,09:55,000001,未知,10.99,11,10.98,10.98,17135,18831068
20250507,10:00,000001,未知,10.98,10.99,10.97,10.99,30463,33435638
20250507,10:05,000001,未知,10.98,10.99,10.98,10.98,16782,18428270
20250507,10:10,000001,未知,10.98,11,10.98,10.99,23321,25638272
20250507,10:15,000001,未知,10.99,11.01,10.99,10.99,50507,55562365
20250507,10:20,000001,未知,11,11,10.99,11,25216,27724958
20250507,10:25,000001,未知,10.99,11,10.99,11,18015,19814762
20250507,10:30,000001,未知,11,11.02,10.99,11.01,47283,52036550
20250507,10:35,000001,未知,11.01,11.03,11,11.02,34431,37926629
20250507,10:40,000001,未知,11.02,11.04,11.02,11.03,38346,42292404
20250507,10:45,000001,未知,11.03,11.03,11.02,11.02,14199,15654335
20250507,10:50,000001,未知,11.02,11.02,11,11.02,26407,29079881
20250507,10:55,000001,未知,11.02,11.02,11,11.01,12187,13418398
20250507,11:00,000001,未知,11,11.02,11,11.01,14917,16421761
20250507,11:05,000001,未知,11.01,11.01,11,11,6839,7524908
20250507,11:10,000001,未知,11,11.01,10.99,10.99,18370,20211801
20250507,11:15,000001,未知,11,11.01,10.99,11,15680,17249298
20250507,11:20,000001,未知,11.01,11.01,11,11,6860,7548582
20250507,11:25,000001,未知,11,11.01,11,11,11129,12247093
20250507,11:30,000001,未知,11.01,11.02,11,11.01,17813,19613349
20250507,13:05,000001,未知,11.02,11.02,11,11,27983,30805058
20250507,13:10,000001,未知,11,11.01,11,11.01,4369,4807941
20250507,13:15,000001,未知,11,11.03,11,11.01,27660,30470425
20250507,13:20,000001,未知,11.02,11.03,11.01,11.02,38994,42996416
20250507,13:25,000001,未知,11.02,11.03,11.02,11.03,11178,12320814
20250507,13:30,000001,未知,11.02,11.03,11.02,11.03,9500,10470153
20250507,13:35,000001,未知,11.02,11.03,11.01,11.02,14882,16400962
20250507,13:40,000001,未知,11.02,11.04,11.02,11.03,30898,34079154
20250507,13:45,000001,未知,11.03,11.03,11.02,11.02,20094,22154446
20250507,13:50,000001,未知,11.03,11.04,11.02,11.02,7462,8230691
20250507,13:55,000001,未知,11.03,11.03,11.02,11.03,11372,12541673
20250507,14:00,000001,未知,11.03,11.03,11.02,11.02,7579,8357123
20250507,14:05,000001,未知,11.02,11.03,11.02,11.03,9326,10281569
20250507,14:10,000001,未知,11.03,11.03,11.02,11.03,8326,9180098
20250507,14:15,000001,未知,11.02,11.03,11.01,11.01,32056,35329677
20250507,14:20,000001,未知,11.01,11.02,11.01,11.01,14712,16203914
20250507,14:25,000001,未知,11.01,11.02,11.01,11.02,21191,23334567
20250507,14:30,000001,未知,11.01,11.02,11.01,11.01,5417,5965329
20250507,14:35,000001,未知,11.02,11.02,11,11.01,30260,33316826
20250507,14:40,000001,未知,11.01,11.02,11.01,11.02,11523,12687978
20250507,14:45,000001,未知,11.01,11.03,11.01,11.02,24622,27133576
20250507,14:50,000001,未知,11.01,11.03,11.01,11.02,13010,14341239
20250507,14:55,000001,未知,11.02,11.04,11.02,11.04,39706,43795403
20250507,15:00,000001,未知,11.04,11.04,11.02,11.03,35370,39016961
20250508,09:35,000001,未知,11,11.03,10.99,11.03,48526,53404401
20250508,09:40,000001,未知,11.02,11.06,11.02,11.05,61060,67432583
20250508,09:45,000001,未知,11.06,11.07,11.03,11.04,67876,75050763
20250508,09:50,000001,未知,11.04,11.05,11.02,11.04,39381,43456447
20250508,09:55,000001,未知,11.04,11.04,11.03,11.04,13345,14728083
20250508,10:00,000001,未知,11.03,11.05,11.03,11.05,29089,32115384
20250508,10:05,000001,未知,11.05,11.05,11.04,11.05,11502,12706372
20250508,10:10,000001,未知,11.05,11.05,11.03,11.04,14765,16303484
20250508,10:15,000001,未知,11.04,11.04,11.02,11.02,28937,31918970
20250508,10:20,000001,未知,11.03,11.03,11.02,11.03,14694,16202767
20250508,10:25,000001,未知,11.03,11.04,11.02,11.04,18614,20528341
20250508,10:30,000001,未知,11.03,11.04,11.03,11.04,11311,12479838
20250508,10:35,000001,未知,11.03,11.04,11.03,11.04,9086,10028869
20250508,10:40,000001,未知,11.04,11.04,11.03,11.04,8272,9130164
20250508,10:45,000001,未知,11.04,11.05,11.03,11.04,19710,21773774
20250508,10:50,000001,未知,11.05,11.05,11.04,11.05,6944,7670669
20250508,10:55,000001,未知,11.05,11.05,11.03,11.04,20457,22586854
20250508,11:00,000001,未知,11.04,11.05,11.03,11.04,17096,18873747
20250508,11:05,000001,未知,11.05,11.06,11.04,11.05,28475,31461617
20250508,11:10,000001,未知,11.05,11.06,11.04,11.05,14033,15503440
20250508,11:15,000001,未知,11.05,11.06,11.04,11.05,20378,22525032
20250508,11:20,000001,未知,11.06,11.07,11.05,11.06,59497,65854036
20250508,11:25,000001,未知,11.07,11.08,11.07,11.07,41094,45496928
20250508,11:30,000001,未知,11.07,11.08,11.06,11.07,15101,16716569
20250508,13:05,000001,未知,11.07,11.07,11.05,11.07,29989,33177393
20250508,13:10,000001,未知,11.06,11.07,11.06,11.06,16307,18038199
20250508,13:15,000001,未知,11.06,11.07,11.05,11.06,10753,11894286
20250508,13:20,000001,未知,11.06,11.06,11.05,11.05,10340,11430662
20250508,13:25,000001,未知,11.05,11.07,11.05,11.07,12582,13916090
20250508,13:30,000001,未知,11.06,11.07,11.05,11.06,15844,17526619
20250508,13:35,000001,未知,11.06,11.06,11.05,11.05,15881,17559680
20250508,13:40,000001,未知,11.06,11.06,11.05,11.06,5511,6092026
20250508,13:45,000001,未知,11.06,11.06,11.05,11.06,11542,12758033
20250508,13:50,000001,未知,11.06,11.06,11.05,11.06,11173,12353438
20250508,13:55,000001,未知,11.06,11.06,11.05,11.06,9514,10515335
20250508,14:00,000001,未知,11.05,11.06,11.05,11.06,44387,49070061
20250508,14:05,000001,未知,11.06,11.07,11.06,11.07,13134,14530993
20250508,14:10,000001,未知,11.06,11.07,11.06,11.07,15461,17108795
20250508,14:15,000001,未知,11.07,11.07,11.06,11.07,9583,10606092
20250508,14:20,000001,未知,11.07,11.07,11.06,11.07,15231,16857650
20250508,14:25,000001,未知,11.07,11.08,11.07,11.07,24748,27399357
20250508,14:30,000001,未知,11.07,11.08,11.07,11.08,15178,16806052
20250508,14:35,000001,未知,11.08,11.08,11.07,11.07,9173,10161485
20250508,14:40,000001,未知,11.07,11.08,11.07,11.07,19128,21187173
20250508,14:45,000001,未知,11.07,11.08,11.06,11.07,44193,48921888
20250508,14:50,000001,未知,11.06,11.08,11.06,11.08,27620,30593172
20250508,14:55,000001,未知,11.08,11.08,11.07,11.08,17194,19043226
20250508,15:00,000001,未知,11.08,11.08,11.07,11.08,32905,36449056
20250509,09:35,000001,未知,11.07,11.12,11.07,11.09,69181,76751894
20250509,09:40,000001,未知,11.1,11.12,11.09,11.1,44274,49152451
20250509,09:45,000001,未知,11.1,11.11,11.09,11.1,32025,35545134
20250509,09:50,000001,未知,11.1,11.13,11.09,11.12,49926,55476846
20250509,09:55,000001,未知,11.13,11.14,11.12,11.12,47537,52901038
20250509,10:00,000001,未知,11.12,11.15,11.12,11.14,46303,51569718
20250509,10:05,000001,未知,11.15,11.15,11.12,11.13,40003,44543045
20250509,10:10,000001,未知,11.13,11.14,11.12,11.13,18181,20243086
20250509,10:15,000001,未知,11.13,11.14,11.13,11.13,17355,19322238
20250509,10:20,000001,未知,11.13,11.14,11.12,11.14,17267,19217945
20250509,10:25,000001,未知,11.13,11.15,11.13,11.14,20748,23107874
20250509,10:30,000001,未知,11.14,11.15,11.14,11.15,25624,28563080
20250509,10:35,000001,未知,11.15,11.17,11.14,11.15,70395,78527574
20250509,10:40,000001,未知,11.14,11.15,11.13,11.13,17587,19588501
20250509,10:45,000001,未知,11.13,11.14,11.13,11.14,11666,12992189
20250509,10:50,000001,未知,11.14,11.15,11.13,11.14,15290,17029050
20250509,10:55,000001,未知,11.14,11.15,11.13,11.15,17532,19537844
20250509,11:00,000001,未知,11.15,11.15,11.14,11.15,11309,12602778
20250509,11:05,000001,未知,11.14,11.15,11.14,11.14,17044,18999769
20250509,11:10,000001,未知,11.14,11.16,11.14,11.15,21954,24477483
20250509,11:15,000001,未知,11.15,11.16,11.15,11.16,10984,12252591
20250509,11:20,000001,未知,11.15,11.16,11.15,11.16,7748,8644372
20250509,11:25,000001,未知,11.16,11.17,11.15,11.17,36558,40809878
20250509,11:30,000001,未知,11.16,11.17,11.16,11.16,18777,20959796
20250509,13:05,000001,未知,11.17,11.17,11.15,11.16,23275,25976498
20250509,13:10,000001,未知,11.16,11.17,11.16,11.16,13703,15293580
20250509,13:15,000001,未知,11.16,11.17,11.15,11.15,9311,10389630
20250509,13:20,000001,未知,11.16,11.16,11.14,11.14,18532,20663007
20250509,13:25,000001,未知,11.15,11.15,11.14,11.15,5035,5612141
20250509,13:30,000001,未知,11.15,11.15,11.14,11.15,15008,16732939
20250509,13:35,000001,未知,11.14,11.16,11.14,11.15,13367,14900088
20250509,13:40,000001,未知,11.16,11.16,11.15,11.15,6562,7317463
20250509,13:45,000001,未知,11.16,11.16,11.15,11.16,7981,8902441
20250509,13:50,000001,未知,11.16,11.16,11.15,11.15,5342,5958714
20250509,13:55,000001,未知,11.15,11.16,11.15,11.16,10739,11982873
20250509,14:00,000001,未知,11.16,11.16,11.15,11.15,15786,17603928
20250509,14:05,000001,未知,11.16,11.16,11.15,11.15,11933,13308156
20250509,14:10,000001,未知,11.15,11.16,11.14,11.15,9192,10248513
20250509,14:15,000001,未知,11.15,11.16,11.14,11.16,12223,13627204
20250509,14:20,000001,未知,11.16,11.16,11.15,11.15,6740,7516733
20250509,14:25,000001,未知,11.16,11.16,11.14,11.14,12771,14241531
20250509,14:30,000001,未知,11.14,11.15,11.14,11.14,4906,5468212
20250509,14:35,000001,未知,11.15,11.15,11.14,11.15,14649,16329890
20250509,14:40,000001,未知,11.15,11.16,11.14,11.15,16719,18642613
20250509,14:45,000001,未知,11.15,11.16,11.15,11.16,13280,14815946
20250509,14:50,000001,未知,11.16,11.16,11.14,11.14,22924,25567442
20250509,14:55,000001,未知,11.15,11.15,11.14,11.14,27737,30921085
20250509,15:00,000001,未知,11.15,11.15,11.14,11.15,16914,18854314
20250512,09:35,000001,未知,11.16,11.18,11.13,11.17,89935,100324467
20250512,09:40,000001,未知,11.17,11.19,11.16,11.19,40438,45195798
20250512,09:45,000001,未知,11.19,11.19,11.18,11.19,26361,29483941
20250512,09:50,000001,未知,11.19,11.19,11.15,11.18,44696,49959265
20250512,09:55,000001,未知,11.19,11.19,11.17,11.18,13292,14857259
20250512,10:00,000001,未知,11.18,11.19,11.17,11.19,20223,22614130
20250512,10:05,000001,未知,11.19,11.2,11.18,11.18,37276,41709520
20250512,10:10,000001,未知,11.2,11.2,11.19,11.2,22787,25512840
20250512,10:15,000001,未知,11.2,11.21,11.19,11.21,45923,51426210
20250512,10:20,000001,未知,11.21,11.22,11.2,11.21,43533,48808534
20250512,10:25,000001,未知,11.22,11.22,11.17,11.18,48403,54167069
20250512,10:30,000001,未知,11.19,11.19,11.17,11.19,20121,22498628
20250512,10:35,000001,未知,11.19,11.19,11.17,11.18,10509,11752228
20250512,10:40,000001,未知,11.18,11.18,11.16,11.16,15400,17203147
20250512,10:45,000001,未知,11.17,11.17,11.15,11.16,24388,27206146
20250512,10:50,000001,未知,11.16,11.17,11.15,11.16,10603,11830985
20250512,10:55,000001,未知,11.16,11.16,11.14,11.14,23451,26150475
20250512,11:00,000001,未知,11.15,11.16,11.14,11.14,15164,16904092
20250512,11:05,000001,未知,11.15,11.15,11.14,11.15,8921,9943396
20250512,11:10,000001,未知,11.15,11.15,11.14,11.15,11477,12794123
20250512,11:15,000001,未知,11.14,11.15,11.14,11.14,14986,16697303
20250512,11:20,000001,未知,11.14,11.15,11.13,11.15,8560,9537716
20250512,11:25,000001,未知,11.14,11.15,11.13,11.15,12374,13784081
20250512,11:30,000001,未知,11.15,11.15,11.14,11.14,13020,14511051
20250512,13:05,000001,未知,11.14,11.16,11.14,11.15,17452,19456485
20250512,13:10,000001,未知,11.15,11.16,11.14,11.15,7613,8488695
20250512,13:15,000001,未知,11.15,11.16,11.14,11.15,8569,9550037
20250512,13:20,000001,未知,11.15,11.16,11.14,11.16,5382,6002781
20250512,13:25,000001,未知,11.15,11.17,11.15,11.16,8952,9993398
20250512,13:30,000001,未知,11.17,11.17,11.15,11.17,12530,13986600
20250512,13:35,000001,未知,11.17,11.18,11.16,11.17,16576,18526691
20250512,13:40,000001,未知,11.17,11.18,11.17,11.18,4334,4844059
20250512,13:45,000001,未知,11.18,11.18,11.16,11.17,9546,10662755
20250512,13:50,000001,未知,11.16,11.18,11.16,11.17,6294,7028809
20250512,13:55,000001,未知,11.17,11.17,11.16,11.16,5931,6622022
20250512,14:00,000001,未知,11.16,11.17,11.16,11.17,8762,9783670
20250512,14:05,000001,未知,11.17,11.18,11.16,11.16,9701,10834988
20250512,14:10,000001,未知,11.17,11.18,11.15,11.17,13877,15495423
20250512,14:15,000001,未知,11.17,11.18,11.16,11.18,5716,6386060
20250512,14:20,000001,未知,11.18,11.18,11.16,11.18,11305,12627692
20250512,14:25,000001,未知,11.18,11.18,11.16,11.16,14039,15685800
20250512,14:30,000001,未知,11.16,11.18,11.16,11.18,5493,6138268
20250512,14:35,000001,未知,11.18,11.18,11.16,11.17,11519,12864145
20250512,14:40,000001,未知,11.16,11.17,11.16,11.16,8703,9716057
20250512,14:45,000001,未知,11.16,11.18,11.15,11.15,27464,30663259
20250512,14:50,000001,未知,11.16,11.17,11.15,11.16,16825,18773995
20250512,14:55,000001,未知,11.15,11.17,11.15,11.17,17460,19491053
20250512,15:00,000001,未知,11.16,11.17,11.16,11.16,19721,22013366
20250513,09:35,000001,未知,11.19,11.2,11.15,11.18,85294,95317878
20250513,09:40,000001,未知,11.19,11.19,11.17,11.17,26129,29218812
20250513,09:45,000001,未知,11.17,11.18,11.16,11.17,26321,29402642
20250513,09:50,000001,未知,11.17,11.21,11.17,11.2,37352,41812822
20250513,09:55,000001,未知,11.21,11.23,11.2,11.22,47146,52862077
20250513,10:00,000001,未知,11.22,11.23,11.22,11.22,17899,20086830
20250513,10:05,000001,未知,11.23,11.24,11.22,11.23,53096,59626969
20250513,10:10,000001,未知,11.23,11.24,11.22,11.22,24061,27030527
20250513,10:15,000001,未知,11.22,11.23,11.22,11.22,17733,19900722
20250513,10:20,000001,未知,11.22,11.24,11.22,11.23,23199,26047293
20250513,10:25,000001,未知,11.23,11.26,11.23,11.26,70613,79415330
20250513,10:30,000001,未知,11.26,11.29,11.25,11.28,87262,98368063
20250513,10:35,000001,未知,11.29,11.29,11.26,11.27,44222,49889557
20250513,10:40,000001,未知,11.28,11.28,11.26,11.26,22603,25470383
20250513,10:45,000001,未知,11.26,11.28,11.26,11.28,20562,23168995
20250513,10:50,000001,未知,11.28,11.3,11.27,11.3,43349,48932135
20250513,10:55,000001,未知,11.29,11.3,11.28,11.29,31146,35158784
20250513,11:00,000001,未知,11.28,11.29,11.27,11.29,9127,10293115
20250513,11:05,000001,未知,11.28,11.3,11.28,11.28,21927,24750120
20250513,11:10,000001,未知,11.29,11.3,11.28,11.3,26825,30299474
20250513,11:15,000001,未知,11.29,11.3,11.29,11.29,11465,12946608
20250513,11:20,000001,未知,11.3,11.31,11.29,11.3,46111,52103556
20250513,11:25,000001,未知,11.3,11.31,11.29,11.29,20646,23335631
20250513,11:30,000001,未知,11.29,11.3,11.28,11.29,14376,16230278
20250513,13:05,000001,未知,11.28,11.31,11.27,11.29,56860,64240337
20250513,13:10,000001,未知,11.3,11.3,11.28,11.29,8350,9427853
20250513,13:15,000001,未知,11.29,11.3,11.28,11.29,9622,10867100
20250513,13:20,000001,未知,11.3,11.33,11.29,11.33,61628,69720918
20250513,13:25,000001,未知,11.32,11.33,11.31,11.32,15543,17591374
20250513,13:30,000001,未知,11.32,11.32,11.3,11.3,12719,14384889
20250513,13:35,000001,未知,11.31,11.32,11.3,11.31,11248,12720275
20250513,13:40,000001,未知,11.31,11.31,11.29,11.3,10647,12029612
20250513,13:45,000001,未知,11.3,11.3,11.28,11.3,17654,19929213
20250513,13:50,000001,未知,11.3,11.3,11.29,11.3,5104,5766020
20250513,13:55,000001,未知,11.29,11.31,11.29,11.3,12010,13572104
20250513,14:00,000001,未知,11.31,11.31,11.29,11.29,6665,7530191
20250513,14:05,000001,未知,11.29,11.31,11.29,11.3,11444,12933340
20250513,14:10,000001,未知,11.29,11.31,11.29,11.31,11739,13265311
20250513,14:15,000001,未知,11.31,11.31,11.29,11.31,7810,8824587
20250513,14:20,000001,未知,11.3,11.31,11.29,11.3,10675,12065982
20250513,14:25,000001,未知,11.31,11.31,11.3,11.31,13606,15376909
20250513,14:30,000001,未知,11.3,11.31,11.3,11.3,14782,16708044
20250513,14:35,000001,未知,11.3,11.3,11.29,11.29,18396,20780480
20250513,14:40,000001,未知,11.29,11.3,11.29,11.3,10191,11511837
20250513,14:45,000001,未知,11.29,11.3,11.29,11.3,14238,16082750
20250513,14:50,000001,未知,11.29,11.3,11.29,11.29,19350,21857495
20250513,14:55,000001,未知,11.29,11.3,11.29,11.29,26766,30232625
20250513,15:00,000001,未知,11.29,11.3,11.28,11.29,45520,51402016
20250514,09:35,000001,未知,11.29,11.31,11.26,11.28,118793,133926059
20250514,09:40,000001,未知,11.28,11.32,11.26,11.26,69228,78201140
20250514,09:45,000001,未知,11.27,11.29,11.25,11.28,47736,53804551
20250514,09:50,000001,未知,11.28,11.29,11.27,11.28,21802,24586225
20250514,09:55,000001,未知,11.28,11.29,11.26,11.26,22044,24848634
20250514,10:00,000001,未知,11.26,11.27,11.25,11.26,20365,22934858
20250514,10:05,000001,未知,11.27,11.28,11.26,11.28,20310,22892929
20250514,10:10,000001,未知,11.27,11.29,11.27,11.28,16383,18479697
20250514,10:15,000001,未知,11.28,11.3,11.28,11.28,20033,22614705
20250514,10:20,000001,未知,11.28,11.3,11.28,11.3,12524,14142783
20250514,10:25,000001,未知,11.29,11.3,11.29,11.29,15699,17734083
20250514,10:30,000001,未知,11.29,11.31,11.29,11.3,25393,28693645
20250514,10:35,000001,未知,11.3,11.3,11.29,11.3,6940,7839136
20250514,10:40,000001,未知,11.3,11.3,11.29,11.3,16204,18305552
20250514,10:45,000001,未知,11.29,11.3,11.28,11.28,13263,14962617
20250514,10:50,000001,未知,11.28,11.3,11.28,11.3,14330,16175232
20250514,10:55,000001,未知,11.29,11.3,11.29,11.3,15894,17956797
20250514,11:00,000001,未知,11.29,11.31,11.29,11.31,23388,26430918
20250514,11:05,000001,未知,11.3,11.32,11.3,11.31,51389,58106168
20250514,11:10,000001,未知,11.3,11.32,11.3,11.31,51942,58768829
20250514,11:15,000001,未知,11.32,11.33,11.32,11.33,27193,30793108
20250514,11:20,000001,未知,11.33,11.35,11.32,11.34,52973,60047057
20250514,11:25,000001,未知,11.33,11.36,11.33,11.35,53592,60813150
20250514,11:30,000001,未知,11.35,11.37,11.35,11.37,49429,56136283
20250514,13:05,000001,未知,11.37,11.4,11.37,11.4,83809,95369673
20250514,13:10,000001,未知,11.39,11.42,11.38,11.4,68634,78254131
20250514,13:15,000001,未知,11.4,11.41,11.38,11.4,63199,72020920
20250514,13:20,000001,未知,11.4,11.42,11.39,11.42,59762,68113759
20250514,13:25,000001,未知,11.42,11.45,11.41,11.44,70296,80355039
20250514,13:30,000001,未知,11.44,11.45,11.43,11.43,48074,55007650
20250514,13:35,000001,未知,11.43,11.43,11.4,11.43,30318,34606319
20250514,13:40,000001,未知,11.43,11.46,11.43,11.45,68474,78381054
20250514,13:45,000001,未知,11.46,11.46,11.44,11.44,71139,81468092
20250514,13:50,000001,未知,11.44,11.45,11.4,11.41,41517,47417315
20250514,13:55,000001,未知,11.41,11.43,11.4,11.43,40509,46211294
20250514,14:00,000001,未知,11.42,11.44,11.41,11.43,26242,29989940
20250514,14:05,000001,未知,11.43,11.43,11.4,11.4,18358,20946202
20250514,14:10,000001,未知,11.41,11.42,11.4,11.41,17736,20231314
20250514,14:15,000001,未知,11.41,11.42,11.4,11.42,16049,18310920
20250514,14:20,000001,未知,11.41,11.42,11.4,11.4,15514,17699178
20250514,14:25,000001,未知,11.4,11.42,11.4,11.41,11476,13091017
20250514,14:30,000001,未知,11.41,11.41,11.4,11.41,14489,16525892
20250514,14:35,000001,未知,11.41,11.42,11.4,11.42,24015,27412434
20250514,14:40,000001,未知,11.42,11.42,11.41,11.42,19238,21965548
20250514,14:45,000001,未知,11.42,11.43,11.41,11.43,16438,18775107
20250514,14:50,000001,未知,11.42,11.43,11.42,11.42,21451,24515989
20250514,14:55,000001,未知,11.42,11.43,11.42,11.42,23374,26708260
20250514,15:00,000001,未知,11.42,11.43,11.42,11.43,26556,30350107
20250515,09:35,000001,未知,11.43,11.49,11.42,11.45,125630,143921370
20250515,09:40,000001,未知,11.46,11.48,11.45,11.46,46714,53565502
20250515,09:45,000001,未知,11.47,11.5,11.47,11.5,71960,82648485
20250515,09:50,000001,未知,11.49,11.5,11.47,11.47,66832,76800752
20250515,09:55,000001,未知,11.47,11.47,11.42,11.43,64036,73290684
20250515,10:00,000001,未知,11.43,11.46,11.43,11.44,25246,28895935
20250515,10:05,000001,未知,11.44,11.44,11.42,11.43,34555,39483991
20250515,10:10,000001,未知,11.43,11.43,11.4,11.42,36659,41840109
20250515,10:15,000001,未知,11.42,11.43,11.4,11.41,28796,32862992
20250515,10:20,000001,未知,11.4,11.42,11.4,11.41,16462,18776301
20250515,10:25,000001,未知,11.4,11.44,11.4,11.44,22458,25631457
20250515,10:30,000001,未知,11.44,11.45,11.42,11.43,10772,12313872
20250515,10:35,000001,未知,11.42,11.43,11.41,11.41,9860,11259767
20250515,10:40,000001,未知,11.42,11.42,11.41,11.42,16966,19364865
20250515,10:45,000001,未知,11.42,11.44,11.42,11.44,10806,12356748
20250515,10:50,000001,未知,11.43,11.44,11.42,11.42,10576,12089519
20250515,10:55,000001,未知,11.42,11.43,11.41,11.41,14654,16742093
20250515,11:00,000001,未知,11.42,11.42,11.41,11.42,12136,13851836
20250515,11:05,000001,未知,11.41,11.41,11.4,11.4,8808,10044452
20250515,11:10,000001,未知,11.41,11.42,11.4,11.4,11436,13048315
20250515,11:15,000001,未知,11.41,11.42,11.41,11.42,8046,9183282
20250515,11:20,000001,未知,11.42,11.42,11.4,11.41,7424,8469924
20250515,11:25,000001,未知,11.42,11.43,11.41,11.42,10216,11664412
20250515,11:30,000001,未知,11.43,11.43,11.41,11.41,9514,10863534
20250515,13:05,000001,未知,11.41,11.43,11.4,11.43,25736,29386371
20250515,13:10,000001,未知,11.43,11.43,11.42,11.42,7363,8411163
20250515,13:15,000001,未知,11.42,11.43,11.41,11.41,15361,17539772
20250515,13:20,000001,未知,11.42,11.42,11.41,11.41,8636,9860200
20250515,13:25,000001,未知,11.41,11.42,11.4,11.4,14464,16504447
20250515,13:30,000001,未知,11.4,11.41,11.4,11.41,9200,10491166
20250515,13:35,000001,未知,11.41,11.41,11.38,11.39,26868,30619435
20250515,13:40,000001,未知,11.39,11.4,11.39,11.39,9837,11206458
20250515,13:45,000001,未知,11.39,11.41,11.39,11.4,18109,20644384
20250515,13:50,000001,未知,11.4,11.41,11.4,11.4,6678,7615951
20250515,13:55,000001,未知,11.41,11.42,11.4,11.42,13976,15950730
20250515,14:00,000001,未知,11.42,11.42,11.41,11.41,9735,11110019
20250515,14:05,000001,未知,11.4,11.42,11.4,11.4,14005,15972979
20250515,14:10,000001,未知,11.4,11.42,11.4,11.4,14815,16902871
20250515,14:15,000001,未知,11.4,11.42,11.4,11.41,9277,10583147
20250515,14:20,000001,未知,11.4,11.42,11.4,11.41,8967,10229398
20250515,14:25,000001,未知,11.41,11.42,11.4,11.41,9800,11184734
20250515,14:30,000001,未知,11.41,11.42,11.41,11.41,9780,11164546
20250515,14:35,000001,未知,11.41,11.43,11.41,11.41,10428,11906104
20250515,14:40,000001,未知,11.41,11.42,11.4,11.4,18785,21435964
20250515,14:45,000001,未知,11.4,11.41,11.4,11.41,14746,16813758
20250515,14:50,000001,未知,11.4,11.41,11.39,11.41,14360,16372819
20250515,14:55,000001,未知,11.4,11.4,11.39,11.39,17811,20297366
20250515,15:00,000001,未知,11.4,11.4,11.38,11.39,46161,52577588
20250516,09:35,000001,未知,11.37,11.43,11.37,11.39,60506,68978881
20250516,09:40,000001,未知,11.4,11.4,11.37,11.37,37130,42261588
20250516,09:45,000001,未知,11.38,11.38,11.36,11.36,40056,45529265
20250516,09:50,000001,未知,11.37,11.37,11.35,11.35,47096,53517288
20250516,09:55,000001,未知,11.36,11.37,11.34,11.34,45551,51715692
20250516,10:00,000001,未知,11.34,11.39,11.33,11.39,60453,68644277
20250516,10:05,000001,未知,11.39,11.39,11.36,11.37,18988,21595393
20250516,10:10,000001,未知,11.37,11.39,11.37,11.39,15729,17902182
20250516,10:15,000001,未知,11.39,11.39,11.37,11.38,15674,17838525
20250516,10:20,000001,未知,11.37,11.38,11.35,11.35,19040,21636596
20250516,10:25,000001,未知,11.35,11.36,11.34,11.34,27280,30968419
20250516,10:30,000001,未知,11.34,11.35,11.32,11.32,40375,45773119
20250516,10:35,000001,未知,11.33,11.33,11.31,11.31,39754,44986286
20250516,10:40,000001,未知,11.32,11.33,11.31,11.33,22776,25783156
20250516,10:45,000001,未知,11.33,11.33,11.32,11.33,10109,11451521
20250516,10:50,000001,未知,11.32,11.34,11.32,11.33,10778,12212087
20250516,10:55,000001,未知,11.34,11.35,11.33,11.33,17045,19328985
20250516,11:00,000001,未知,11.34,11.35,11.33,11.34,11933,13531478
20250516,11:05,000001,未知,11.33,11.35,11.33,11.35,17351,19676505
20250516,11:10,000001,未知,11.35,11.35,11.34,11.35,3510,3982045
20250516,11:15,000001,未知,11.34,11.35,11.34,11.35,4150,4708901
20250516,11:20,000001,未知,11.35,11.35,11.34,11.34,7028,7972781
20250516,11:25,000001,未知,11.34,11.35,11.33,11.33,10714,12146615
20250516,11:30,000001,未知,11.33,11.34,11.33,11.34,8455,9583076
20250516,13:05,000001,未知,11.33,11.34,11.32,11.34,12577,14249558
20250516,13:10,000001,未知,11.33,11.34,11.33,11.34,14928,16923547
20250516,13:15,000001,未知,11.33,11.34,11.33,11.33,9379,10634097
20250516,13:20,000001,未知,11.33,11.36,11.33,11.35,12785,14507358
20250516,13:25,000001,未知,11.35,11.36,11.35,11.36,9092,10322276
20250516,13:30,000001,未知,11.35,11.36,11.35,11.36,7062,8018413
20250516,13:35,000001,未知,11.35,11.36,11.34,11.35,12791,14516822
20250516,13:40,000001,未知,11.35,11.37,11.35,11.37,11441,12995101
20250516,13:45,000001,未知,11.36,11.37,11.36,11.36,4210,4784468
20250516,13:50,000001,未知,11.37,11.39,11.36,11.38,21543,24510109
20250516,13:55,000001,未知,11.38,11.39,11.37,11.39,24340,27700453
20250516,14:00,000001,未知,11.38,11.39,11.37,11.38,13652,15537232
20250516,14:05,000001,未知,11.37,11.38,11.36,11.38,14067,15993767
20250516,14:10,000001,未知,11.37,11.38,11.36,11.37,9182,10439357
20250516,14:15,000001,未知,11.37,11.38,11.36,11.38,13045,14835069
20250516,14:20,000001,未知,11.37,11.38,11.37,11.38,3961,4506582
20250516,14:25,000001,未知,11.38,11.38,11.37,11.37,4189,4764836
20250516,14:30,000001,未知,11.37,11.38,11.37,11.37,19805,22534480
20250516,14:35,000001,未知,11.37,11.38,11.37,11.37,11751,13366543
20250516,14:40,000001,未知,11.37,11.39,11.37,11.38,14600,16615428
20250516,14:45,000001,未知,11.39,11.39,11.38,11.38,14140,16100851
20250516,14:50,000001,未知,11.39,11.39,11.38,11.39,11497,13091533
20250516,14:55,000001,未知,11.38,11.4,11.38,11.4,27437,31250181
20250516,15:00,000001,未知,11.4,11.4,11.38,11.38,25789,29363117
20250519,09:35,000001,未知,11.4,11.46,11.4,11.46,97396,111317889
20250519,09:40,000001,未知,11.45,11.47,11.44,11.45,55816,63931095
20250519,09:45,000001,未知,11.44,11.47,11.44,11.44,45925,52609149
20250519,09:50,000001,未知,11.45,11.47,11.44,11.46,28008,32074752
20250519,09:55,000001,未知,11.46,11.46,11.44,11.45,22496,25760316
20250519,10:00,000001,未知,11.45,11.45,11.43,11.43,28982,33168558
20250519,10:05,000001,未知,11.43,11.44,11.42,11.43,15858,18127811
20250519,10:10,000001,未知,11.43,11.46,11.42,11.45,20218,23131874
20250519,10:15,000001,未知,11.45,11.47,11.45,11.47,25927,29719890
20250519,10:20,000001,未知,11.46,11.47,11.45,11.45,25153,28832010
20250519,10:25,000001,未知,11.45,11.46,11.44,11.45,16422,18802222
20250519,10:30,000001,未知,11.44,11.45,11.43,11.43,9871,11292841
20250519,10:35,000001,未知,11.44,11.45,11.43,11.44,7945,9089756
20250519,10:40,000001,未知,11.44,11.45,11.43,11.43,9001,10297899
20250519,10:45,000001,未知,11.44,11.44,11.43,11.43,6829,7809457
20250519,10:50,000001,未知,11.43,11.44,11.43,11.43,8298,9486989
20250519,10:55,000001,未知,11.43,11.44,11.42,11.43,18286,20901851
20250519,11:00,000001,未知,11.43,11.43,11.41,11.41,26682,30451617
20250519,11:05,000001,未知,11.42,11.44,11.41,11.43,10578,12089130
20250519,11:10,000001,未知,11.43,11.44,11.43,11.43,7280,8321929
20250519,11:15,000001,未知,11.43,11.44,11.42,11.44,9693,11081469
20250519,11:20,000001,未知,11.43,11.44,11.42,11.42,7887,9013950
20250519,11:25,000001,未知,11.42,11.43,11.42,11.43,4154,4746863
20250519,11:30,000001,未知,11.42,11.43,11.42,11.42,5338,6098065
20250519,13:05,000001,未知,11.42,11.43,11.41,11.42,20168,23042548
20250519,13:10,000001,未知,11.43,11.44,11.42,11.44,5071,5796723
20250519,13:15,000001,未知,11.44,11.44,11.43,11.44,8424,9633339
20250519,13:20,000001,未知,11.43,11.44,11.43,11.44,6805,7783428
20250519,13:25,000001,未知,11.43,11.44,11.42,11.43,10230,11691544
20250519,13:30,000001,未知,11.42,11.43,11.41,11.42,14035,16027571
20250519,13:35,000001,未知,11.42,11.42,11.41,11.42,3566,4071368
20250519,13:40,000001,未知,11.42,11.42,11.41,11.42,7652,8736028
20250519,13:45,000001,未知,11.42,11.42,11.41,11.42,7764,8865172
20250519,13:50,000001,未知,11.42,11.43,11.41,11.43,5264,6012888
20250519,13:55,000001,未知,11.43,11.43,11.41,11.42,10475,11960756
20250519,14:00,000001,未知,11.41,11.42,11.39,11.39,36694,41836653
20250519,14:05,000001,未知,11.39,11.39,11.38,11.39,21983,25027400
20250519,14:10,000001,未知,11.39,11.41,11.38,11.4,10309,11748451
20250519,14:15,000001,未知,11.4,11.42,11.4,11.4,13468,15372590
20250519,14:20,000001,未知,11.41,11.41,11.4,11.41,5999,6840537
20250519,14:25,000001,未知,11.41,11.41,11.38,11.39,31556,35944909
20250519,14:30,000001,未知,11.39,11.39,11.38,11.39,7404,8430135
20250519,14:35,000001,未知,11.39,11.39,11.38,11.39,7621,8674933
20250519,14:40,000001,未知,11.38,11.39,11.38,11.39,8835,10061304
20250519,14:45,000001,未知,11.38,11.39,11.37,11.37,17826,20284698
20250519,14:50,000001,未知,11.38,11.38,11.36,11.37,20123,22879952
20250519,14:55,000001,未知,11.37,11.38,11.36,11.37,21234,24146683
20250519,15:00,000001,未知,11.38,11.38,11.37,11.37,14842,16877338
20250520,09:35,000001,未知,11.4,11.44,11.4,11.43,48046,54889307
20250520,09:40,000001,未知,11.43,11.46,11.43,11.45,58597,67095266
20250520,09:45,000001,未知,11.44,11.45,11.43,11.44,22703,25981034
20250520,09:50,000001,未知,11.44,11.45,11.44,11.45,16953,19400576
20250520,09:55,000001,未知,11.45,11.45,11.43,11.43,14308,16367781
20250520,10:00,000001,未知,11.44,11.44,11.41,11.41,19860,22696263
20250520,10:05,000001,未知,11.41,11.43,11.41,11.42,22523,25716983
20250520,10:10,000001,未知,11.42,11.44,11.42,11.43,17672,20196152
20250520,10:15,000001,未知,11.42,11.43,11.41,11.41,21155,24150157
20250520,10:20,000001,未知,11.41,11.42,11.4,11.4,12503,14261380
20250520,10:25,000001,未知,11.4,11.41,11.39,11.39,12675,14446763
20250520,10:30,000001,未知,11.4,11.41,11.39,11.4,10496,11965805
20250520,10:35,000001,未知,11.4,11.4,11.38,11.39,13797,15710934
20250520,10:40,000001,未知,11.38,11.4,11.38,11.39,11753,13385774
20250520,10:45,000001,未知,11.39,11.41,11.39,11.39,17721,20197731
20250520,10:50,000001,未知,11.39,11.4,11.39,11.39,4395,5006823
20250520,10:55,000001,未知,11.39,11.4,11.39,11.39,10733,12226700
20250520,11:00,000001,未知,11.39,11.4,11.39,11.39,4179,4761697
20250520,11:05,000001,未知,11.4,11.4,11.38,11.39,9546,10872995
20250520,11:10,000001,未知,11.39,11.39,11.37,11.37,17461,19856484
20250520,11:15,000001,未知,11.38,11.39,11.37,11.38,11485,13066141
20250520,11:20,000001,未知,11.38,11.4,11.38,11.39,8997,10244276
20250520,11:25,000001,未知,11.39,11.39,11.38,11.39,3643,4148368
20250520,11:30,000001,未知,11.39,11.39,11.38,11.39,7280,8287970
20250520,13:05,000001,未知,11.39,11.39,11.38,11.39,29354,33429281
20250520,13:10,000001,未知,11.39,11.41,11.39,11.4,16479,18781359
20250520,13:15,000001,未知,11.41,11.42,11.4,11.41,6910,7886208
20250520,13:20,000001,未知,11.42,11.43,11.41,11.42,18095,20664790
20250520,13:25,000001,未知,11.42,11.42,11.41,11.42,4094,4674624
20250520,13:30,000001,未知,11.41,11.42,11.41,11.41,9676,11040699
20250520,13:35,000001,未知,11.42,11.43,11.41,11.42,8349,9534537
20250520,13:40,000001,未知,11.42,11.43,11.41,11.41,8048,9186108
20250520,13:45,000001,未知,11.42,11.42,11.41,11.41,1747,1994532
20250520,13:50,000001,未知,11.42,11.42,11.4,11.41,17170,19591296
20250520,13:55,000001,未知,11.4,11.41,11.39,11.39,10135,11555745
20250520,14:00,000001,未知,11.39,11.41,11.39,11.4,8445,9628741
20250520,14:05,000001,未知,11.41,11.41,11.4,11.41,7296,8319443
20250520,14:10,000001,未知,11.41,11.41,11.39,11.4,5336,6083314
20250520,14:15,000001,未知,11.4,11.41,11.39,11.4,7348,8377392
20250520,14:20,000001,未知,11.4,11.41,11.4,11.41,2604,2969845
20250520,14:25,000001,未知,11.4,11.41,11.4,11.41,5077,5790301
20250520,14:30,000001,未知,11.41,11.41,11.4,11.4,3880,4424836
20250520,14:35,000001,未知,11.41,11.41,11.39,11.4,11516,13128269
20250520,14:40,000001,未知,11.4,11.4,11.39,11.4,9481,10802185
20250520,14:45,000001,未知,11.39,11.4,11.39,11.4,10762,12260223
20250520,14:50,000001,未知,11.39,11.4,11.39,11.4,6670,7600478
20250520,14:55,000001,未知,11.4,11.4,11.39,11.4,15140,17249103
20250520,15:00,000001,未知,11.39,11.4,11.39,11.39,21542,24539828
20250521,09:35,000001,未知,11.4,11.44,11.4,11.43,37093,42375471
20250521,09:40,000001,未知,11.43,11.44,11.42,11.43,46158,52759624
20250521,09:45,000001,未知,11.43,11.45,11.43,11.45,35295,40372071
20250521,09:50,000001,未知,11.44,11.45,11.43,11.44,15444,17670055
20250521,09:55,000001,未知,11.45,11.47,11.44,11.47,77315,88604357
20250521,10:00,000001,未知,11.47,11.49,11.46,11.47,83447,95805267
20250521,10:05,000001,未知,11.47,11.49,11.46,11.46,35803,41099241
20250521,10:10,000001,未知,11.46,11.47,11.46,11.47,17502,20066204
20250521,10:15,000001,未知,11.47,11.47,11.46,11.47,9298,10660262
20250521,10:20,000001,未知,11.46,11.48,11.46,11.48,18399,21106155
20250521,10:25,000001,未知,11.47,11.52,11.47,11.51,148616,170989548
20250521,10:30,000001,未知,11.52,11.56,11.52,11.56,115187,132914339
20250521,10:35,000001,未知,11.56,11.58,11.54,11.56,70960,82008323
20250521,10:40,000001,未知,11.55,11.58,11.55,11.57,61526,71161110
20250521,10:45,000001,未知,11.58,11.59,11.57,11.57,63703,73751057
20250521,10:50,000001,未知,11.58,11.59,11.57,11.57,59762,69213454
20250521,10:55,000001,未知,11.58,11.58,11.56,11.56,20003,23152119
20250521,11:00,000001,未知,11.56,11.57,11.55,11.56,18596,21497969
20250521,11:05,000001,未知,11.56,11.57,11.55,11.56,9314,10761901
20250521,11:10,000001,未知,11.56,11.56,11.52,11.53,33955,39176103
20250521,11:15,000001,未知,11.53,11.54,11.53,11.53,6810,7854207
20250521,11:20,000001,未知,11.54,11.54,11.52,11.53,14242,16421498
20250521,11:25,000001,未知,11.53,11.54,11.52,11.53,7491,8635726
20250521,11:30,000001,未知,11.53,11.54,11.53,11.53,9535,11000119
20250521,13:05,000001,未知,11.54,11.54,11.52,11.53,15651,18047595
20250521,13:10,000001,未知,11.52,11.53,11.51,11.52,15248,17565367
20250521,13:15,000001,未知,11.51,11.53,11.51,11.52,6578,7579132
20250521,13:20,000001,未知,11.52,11.53,11.51,11.52,6496,7482917
20250521,13:25,000001,未知,11.52,11.53,11.52,11.53,6224,7174289
20250521,13:30,000001,未知,11.53,11.53,11.51,11.51,14757,16999488
20250521,13:35,000001,未知,11.52,11.52,11.51,11.51,4347,5005492
20250521,13:40,000001,未知,11.52,11.52,11.49,11.5,35296,40604016
20250521,13:45,000001,未知,11.5,11.5,11.48,11.49,15773,18121253
20250521,13:50,000001,未知,11.49,11.49,11.47,11.47,19325,22185409
20250521,13:55,000001,未知,11.47,11.49,11.47,11.49,7858,9019340
20250521,14:00,000001,未知,11.49,11.49,11.47,11.47,11733,13465461
20250521,14:05,000001,未知,11.48,11.48,11.46,11.47,22707,26046648
20250521,14:10,000001,未知,11.47,11.48,11.47,11.48,6315,7246379
20250521,14:15,000001,未知,11.48,11.49,11.47,11.48,8427,9674787
20250521,14:20,000001,未知,11.48,11.48,11.47,11.48,5318,6103378
20250521,14:25,000001,未知,11.48,11.48,11.47,11.48,7140,8194228
20250521,14:30,000001,未知,11.47,11.48,11.47,11.47,3288,3773170
20250521,14:35,000001,未知,11.47,11.48,11.47,11.48,14904,17098879
20250521,14:40,000001,未知,11.48,11.48,11.46,11.46,17711,20317471
20250521,14:45,000001,未知,11.47,11.48,11.46,11.48,13842,15877960
20250521,14:50,000001,未知,11.48,11.48,11.47,11.48,14100,16181200
20250521,14:55,000001,未知,11.47,11.48,11.47,11.47,20143,23114139
20250521,15:00,000001,未知,11.48,11.48,11.47,11.48,19643,22548562
20250522,09:35,000001,未知,11.45,11.49,11.44,11.45,62167,71312273
20250522,09:40,000001,未知,11.44,11.48,11.44,11.47,37324,42754591
20250522,09:45,000001,未知,11.47,11.48,11.45,11.45,9271,10626797
20250522,09:50,000001,未知,11.46,11.47,11.44,11.46,34578,39593500
20250522,09:55,000001,未知,11.47,11.48,11.45,11.48,11788,13516689
20250522,10:00,000001,未知,11.47,11.48,11.47,11.48,7736,8877921
20250522,10:05,000001,未知,11.47,11.48,11.46,11.46,11003,12621530
20250522,10:10,000001,未知,11.46,11.48,11.46,11.47,11098,12729738
20250522,10:15,000001,未知,11.47,11.5,11.47,11.49,34066,39132765
20250522,10:20,000001,未知,11.49,11.5,11.48,11.49,9724,11168996
20250522,10:25,000001,未知,11.49,11.5,11.48,11.49,10560,12131467
20250522,10:30,000001,未知,11.5,11.52,11.49,11.51,37696,43385878
20250522,10:35,000001,未知,11.51,11.54,11.51,11.51,40990,47234747
20250522,10:40,000001,未知,11.51,11.52,11.5,11.51,16477,18964515
20250522,10:45,000001,未知,11.51,11.52,11.5,11.52,10932,12584876
20250522,10:50,000001,未知,11.52,11.52,11.51,11.51,22638,26064767
20250522,10:55,000001,未知,11.51,11.51,11.5,11.51,29726,34205955
20250522,11:00,000001,未知,11.5,11.51,11.5,11.5,20032,23050935
20250522,11:05,000001,未知,11.51,11.53,11.5,11.52,26038,29979008
20250522,11:10,000001,未知,11.52,11.54,11.52,11.53,28833,33241635
20250522,11:15,000001,未知,11.53,11.56,11.53,11.55,61706,71247629
20250522,11:20,000001,未知,11.54,11.55,11.53,11.54,17569,20276865
20250522,11:25,000001,未知,11.54,11.55,11.53,11.54,16173,18670229
20250522,11:30,000001,未知,11.54,11.55,11.53,11.53,11412,13168313
20250522,13:05,000001,未知,11.53,11.55,11.51,11.54,46243,53343262
20250522,13:10,000001,未知,11.54,11.56,11.53,11.55,12569,14516995
20250522,13:15,000001,未知,11.55,11.56,11.54,11.55,17979,20765248
20250522,13:20,000001,未知,11.55,11.55,11.53,11.53,16124,18603751
20250522,13:25,000001,未知,11.53,11.54,11.53,11.53,6738,7772313
20250522,13:30,000001,未知,11.53,11.54,11.53,11.53,27315,31514180
20250522,13:35,000001,未知,11.53,11.55,11.53,11.55,9821,11335539
20250522,13:40,000001,未知,11.54,11.55,11.53,11.54,14261,16463773
20250522,13:45,000001,未知,11.54,11.55,11.54,11.54,8344,9631928
20250522,13:50,000001,未知,11.54,11.55,11.54,11.54,9515,10985073
20250522,13:55,000001,未知,11.54,11.55,11.53,11.54,14357,16569473
20250522,14:00,000001,未知,11.53,11.55,11.53,11.54,8954,10330394
20250522,14:05,000001,未知,11.55,11.55,11.54,11.54,7103,8199530
20250522,14:10,000001,未知,11.55,11.55,11.54,11.54,10270,11855998
20250522,14:15,000001,未知,11.54,11.55,11.54,11.54,14670,16932751
20250522,14:20,000001,未知,11.54,11.55,11.53,11.54,6726,7760340
20250522,14:25,000001,未知,11.54,11.55,11.53,11.54,17495,20189141
20250522,14:30,000001,未知,11.54,11.55,11.53,11.54,9651,11136552
20250522,14:35,000001,未知,11.53,11.55,11.53,11.54,10275,11859333
20250522,14:40,000001,未知,11.55,11.55,11.54,11.55,31787,36700772
20250522,14:45,000001,未知,11.54,11.56,11.54,11.55,39784,45951963
20250522,14:50,000001,未知,11.54,11.55,11.54,11.55,21512,24839524
20250522,14:55,000001,未知,11.54,11.55,11.53,11.54,38956,44956660
20250522,15:00,000001,未知,11.54,11.55,11.54,11.55,22982,26539551
20250523,09:35,000001,未知,11.55,11.59,11.54,11.56,71732,82987043
20250523,09:40,000001,未知,11.55,11.56,11.53,11.55,25817,29794981
20250523,09:45,000001,未知,11.54,11.56,11.53,11.56,17370,20048205
20250523,09:50,000001,未知,11.55,11.57,11.55,11.56,16823,19451342
20250523,09:55,000001,未知,11.56,11.58,11.56,11.56,21596,24982758
20250523,10:00,000001,未知,11.57,11.59,11.56,11.59,29074,33670869
20250523,10:05,000001,未知,11.58,11.6,11.58,11.6,43206,50099609
20250523,10:10,000001,未知,11.6,11.6,11.59,11.59,27225,31559641
20250523,10:15,000001,未知,11.59,11.6,11.58,11.59,18130,21014358
20250523,10:20,000001,未知,11.59,11.59,11.55,11.55,26673,30841436
20250523,10:25,000001,未知,11.55,11.56,11.52,11.53,38177,44020107
20250523,10:30,000001,未知,11.52,11.54,11.51,11.53,22486,25907333
20250523,10:35,000001,未知,11.54,11.54,11.52,11.54,24181,27887710
20250523,10:40,000001,未知,11.53,11.55,11.53,11.53,12393,14297378
20250523,10:45,000001,未知,11.53,11.54,11.52,11.53,7089,8172849
20250523,10:50,000001,未知,11.54,11.54,11.52,11.53,12769,14715422
20250523,10:55,000001,未知,11.52,11.54,11.52,11.53,8466,9760597
20250523,11:00,000001,未知,11.52,11.53,11.51,11.52,15682,18068079
20250523,11:05,000001,未知,11.52,11.53,11.51,11.52,23710,27308202
20250523,11:10,000001,未知,11.52,11.52,11.51,11.51,10984,12647641
20250523,11:15,000001,未知,11.51,11.54,11.51,11.53,19519,22492082
20250523,11:20,000001,未知,11.53,11.53,11.51,11.52,10872,12525205
20250523,11:25,000001,未知,11.52,11.53,11.52,11.53,5237,6034809
20250523,11:30,000001,未知,11.52,11.53,11.51,11.51,12205,14061789
20250523,13:05,000001,未知,11.51,11.52,11.48,11.48,63163,72641788
20250523,13:10,000001,未知,11.48,11.5,11.48,11.5,17842,20505691
20250523,13:15,000001,未知,11.49,11.51,11.49,11.49,9426,10839829
20250523,13:20,000001,未知,11.49,11.51,11.49,11.5,5746,6607403
20250523,13:25,000001,未知,11.5,11.51,11.49,11.51,5200,5981037
20250523,13:30,000001,未知,11.51,11.51,11.5,11.51,6606,7602460
20250523,13:35,000001,未知,11.5,11.51,11.49,11.49,14620,16813824
20250523,13:40,000001,未知,11.49,11.5,11.49,11.5,6056,6962237
20250523,13:45,000001,未知,11.49,11.5,11.49,11.49,14048,16143197
20250523,13:50,000001,未知,11.49,11.5,11.49,11.49,18505,21265656
20250523,13:55,000001,未知,11.49,11.5,11.49,11.49,11000,12640937
20250523,14:00,000001,未知,11.49,11.5,11.49,11.49,6351,7300716
20250523,14:05,000001,未知,11.49,11.5,11.47,11.47,37426,42957085
20250523,14:10,000001,未知,11.47,11.47,11.45,11.45,24341,27889681
20250523,14:15,000001,未知,11.45,11.46,11.44,11.44,31127,35628925
20250523,14:20,000001,未知,11.44,11.45,11.44,11.45,17997,20592687
20250523,14:25,000001,未知,11.45,11.46,11.44,11.45,17451,19982920
20250523,14:30,000001,未知,11.46,11.46,11.45,11.45,11063,12671308
20250523,14:35,000001,未知,11.46,11.46,11.43,11.43,18348,20996542
20250523,14:40,000001,未知,11.44,11.46,11.44,11.46,21706,24859622
20250523,14:45,000001,未知,11.46,11.47,11.45,11.46,15727,18023360
20250523,14:50,000001,未知,11.46,11.47,11.46,11.47,11037,12652076
20250523,14:55,000001,未知,11.47,11.48,11.46,11.47,36917,42340142
20250523,15:00,000001,未知,11.47,11.47,11.46,11.46,19524,22382138
20250526,09:35,000001,未知,11.44,11.46,11.41,11.41,68400,78199985
20250526,09:40,000001,未知,11.41,11.48,11.4,11.48,60541,69282905
20250526,09:45,000001,未知,11.48,11.49,11.45,11.45,15296,17539986
20250526,09:50,000001,未知,11.45,11.49,11.45,11.48,19887,22820148
20250526,09:55,000001,未知,11.48,11.49,11.46,11.47,25020,28710068
20250526,10:00,000001,未知,11.47,11.49,11.47,11.48,23308,26770618
20250526,10:05,000001,未知,11.48,11.49,11.47,11.48,11653,13380548
20250526,10:10,000001,未知,11.49,11.5,11.48,11.5,17095,19642042
20250526,10:15,000001,未知,11.49,11.5,11.48,11.49,9947,11423044
20250526,10:20,000001,未知,11.49,11.5,11.48,11.49,7354,8450120
20250526,10:25,000001,未知,11.48,11.49,11.47,11.48,8319,9551575
20250526,10:30,000001,未知,11.47,11.48,11.46,11.46,15588,17879095
20250526,10:35,000001,未知,11.47,11.5,11.46,11.49,39707,45605890
20250526,10:40,000001,未知,11.48,11.49,11.46,11.47,13209,15155196
20250526,10:45,000001,未知,11.46,11.48,11.46,11.47,5026,5767190
20250526,10:50,000001,未知,11.47,11.48,11.47,11.47,4166,4781064
20250526,10:55,000001,未知,11.47,11.48,11.45,11.46,25788,29554441
20250526,11:00,000001,未知,11.45,11.47,11.45,11.47,5382,6168219
20250526,11:05,000001,未知,11.46,11.47,11.45,11.46,9008,10321829
20250526,11:10,000001,未知,11.45,11.46,11.45,11.46,3607,4131452
20250526,11:15,000001,未知,11.45,11.46,11.44,11.45,7684,8797469
20250526,11:20,000001,未知,11.44,11.45,11.43,11.44,12509,14311347
20250526,11:25,000001,未知,11.44,11.44,11.42,11.42,14200,16226404
20250526,11:30,000001,未知,11.42,11.43,11.41,11.42,20721,23657664
20250526,13:05,000001,未知,11.42,11.45,11.42,11.44,13963,15963732
20250526,13:10,000001,未知,11.45,11.45,11.43,11.43,9596,10982985
20250526,13:15,000001,未知,11.43,11.45,11.43,11.45,9652,11044516
20250526,13:20,000001,未知,11.44,11.45,11.43,11.43,5369,6140588
20250526,13:25,000001,未知,11.44,11.45,11.43,11.44,9596,10979189
20250526,13:30,000001,未知,11.44,11.44,11.43,11.44,3289,3761649
20250526,13:35,000001,未知,11.44,11.45,11.43,11.43,8376,9581514
20250526,13:40,000001,未知,11.43,11.46,11.43,11.45,16166,18509438
20250526,13:45,000001,未知,11.46,11.46,11.44,11.45,4934,5650146
20250526,13:50,000001,未知,11.44,11.45,11.43,11.44,8900,10181903
20250526,13:55,000001,未知,11.43,11.44,11.43,11.44,5834,6672413
20250526,14:00,000001,未知,11.44,11.44,11.42,11.42,11625,13288636
20250526,14:05,000001,未知,11.42,11.44,11.42,11.42,16802,19200592
20250526,14:10,000001,未知,11.43,11.44,11.43,11.44,7734,8846041
20250526,14:15,000001,未知,11.44,11.44,11.42,11.43,9287,10617024
20250526,14:20,000001,未知,11.44,11.44,11.42,11.42,6383,7296292
20250526,14:25,000001,未知,11.43,11.44,11.42,11.42,5952,6800259
20250526,14:30,000001,未知,11.42,11.44,11.42,11.44,11899,13598050
20250526,14:35,000001,未知,11.43,11.44,11.42,11.43,11842,13534150
20250526,14:40,000001,未知,11.43,11.43,11.42,11.43,8182,9346940
20250526,14:45,000001,未知,11.43,11.43,11.41,11.42,21680,24760789
20250526,14:50,000001,未知,11.43,11.43,11.42,11.42,15660,17885764
20250526,14:55,000001,未知,11.43,11.43,11.42,11.42,13938,15922480
20250526,15:00,000001,未知,11.43,11.43,11.42,11.42,19085,21797809
20250527,09:35,000001,未知,11.45,11.5,11.43,11.5,75469,86569330
20250527,09:40,000001,未知,11.5,11.51,11.48,11.5,86062,98958315
20250527,09:45,000001,未知,11.49,11.51,11.48,11.49,61978,71252247
20250527,09:50,000001,未知,11.49,11.53,11.49,11.52,74103,85276724
20250527,09:55,000001,未知,11.52,11.54,11.5,11.5,53383,61520434
20250527,10:00,000001,未知,11.5,11.52,11.5,11.51,14807,17043415
20250527,10:05,000001,未知,11.51,11.52,11.5,11.51,21361,24590036
20250527,10:10,000001,未知,11.5,11.52,11.5,11.52,8698,10011776
20250527,10:15,000001,未知,11.51,11.52,11.5,11.52,11496,13235376
20250527,10:20,000001,未知,11.52,11.53,11.51,11.52,44962,51797295
20250527,10:25,000001,未知,11.52,11.52,11.51,11.51,10711,12332002
20250527,10:30,000001,未知,11.51,11.52,11.5,11.52,9210,10601149
20250527,10:35,000001,未知,11.51,11.52,11.5,11.5,11123,12796422
20250527,10:40,000001,未知,11.51,11.51,11.49,11.51,27105,31163691
20250527,10:45,000001,未知,11.51,11.52,11.5,11.5,12531,14421836
20250527,10:50,000001,未知,11.5,11.51,11.48,11.49,11382,13081640
20250527,10:55,000001,未知,11.49,11.5,11.49,11.5,5468,6284483
20250527,11:00,000001,未知,11.49,11.5,11.48,11.49,5137,5901441
20250527,11:05,000001,未知,11.49,11.49,11.48,11.48,2097,2408312
20250527,11:10,000001,未知,11.48,11.48,11.46,11.47,16941,19438621
20250527,11:15,000001,未知,11.48,11.48,11.46,11.48,9777,11215015
20250527,11:20,000001,未知,11.47,11.48,11.47,11.48,4029,4623517
20250527,11:25,000001,未知,11.48,11.48,11.46,11.46,6555,7517662
20250527,11:30,000001,未知,11.47,11.47,11.45,11.46,18199,20842698
20250527,13:05,000001,未知,11.47,11.5,11.47,11.48,23883,27425238
20250527,13:10,000001,未知,11.48,11.5,11.47,11.49,10621,12201586
20250527,13:15,000001,未知,11.49,11.49,11.48,11.48,5517,6337747
20250527,13:20,000001,未知,11.48,11.49,11.48,11.49,2087,2396754
20250527,13:25,000001,未知,11.49,11.49,11.48,11.49,7228,8301886
20250527,13:30,000001,未知,11.49,11.49,11.48,11.48,6531,7499946
20250527,13:35,000001,未知,11.48,11.49,11.48,11.48,1851,2126051
20250527,13:40,000001,未知,11.49,11.49,11.48,11.48,2725,3130468
20250527,13:45,000001,未知,11.48,11.5,11.48,11.49,25610,29431442
20250527,13:50,000001,未知,11.48,11.49,11.48,11.48,3723,4276104
20250527,13:55,000001,未知,11.49,11.49,11.47,11.48,6572,7545271
20250527,14:00,000001,未知,11.48,11.5,11.48,11.49,5911,6791103
20250527,14:05,000001,未知,11.49,11.49,11.48,11.49,3742,4297797
20250527,14:10,000001,未知,11.49,11.5,11.48,11.49,8303,9539529
20250527,14:15,000001,未知,11.49,11.5,11.49,11.49,7343,8443541
20250527,14:20,000001,未知,11.49,11.51,11.49,11.5,9154,10531317
20250527,14:25,000001,未知,11.51,11.51,11.5,11.51,5248,6036903
20250527,14:30,000001,未知,11.5,11.51,11.49,11.5,7333,8433977
20250527,14:35,000001,未知,11.49,11.5,11.48,11.5,8150,9364271
20250527,14:40,000001,未知,11.5,11.5,11.48,11.5,4420,5078513
20250527,14:45,000001,未知,11.49,11.5,11.49,11.49,5108,5869768
20250527,14:50,000001,未知,11.49,11.5,11.49,11.49,4022,4623070
20250527,14:55,000001,未知,11.49,11.5,11.49,11.49,13905,15986075
20250527,15:00,000001,未知,11.49,11.5,11.49,11.49,20344,23381728
20250528,09:35,000001,未知,11.5,11.52,11.48,11.51,49125,56492400
20250528,09:40,000001,未知,11.51,11.52,11.49,11.5,16498,18986877
20250528,09:45,000001,未知,11.51,11.55,11.51,11.54,44468,51280383
20250528,09:50,000001,未知,11.53,11.54,11.52,11.53,12801,14761948
20250528,09:55,000001,未知,11.53,11.53,11.49,11.5,31184,35886300
20250528,10:00,000001,未知,11.5,11.5,11.48,11.49,20175,23181505
20250528,10:05,000001,未知,11.49,11.5,11.47,11.47,17169,19716190
20250528,10:10,000001,未知,11.48,11.48,11.46,11.48,25245,28961614
20250528,10:15,000001,未知,11.48,11.48,11.47,11.47,8503,9756198
20250528,10:20,000001,未知,11.47,11.48,11.47,11.47,4801,5509339
20250528,10:25,000001,未知,11.47,11.48,11.45,11.45,21290,24395399
20250528,10:30,000001,未知,11.46,11.46,11.44,11.46,24793,28372735
20250528,10:35,000001,未知,11.45,11.48,11.45,11.48,13295,15242692
20250528,10:40,000001,未知,11.47,11.49,11.47,11.49,8425,9670742
20250528,10:45,000001,未知,11.48,11.51,11.48,11.5,10137,11657064
20250528,10:50,000001,未知,11.51,11.52,11.5,11.51,9846,11330064
20250528,10:55,000001,未知,11.51,11.52,11.5,11.51,6592,7589785
20250528,11:00,000001,未知,11.51,11.51,11.5,11.51,3567,4104812
20250528,11:05,000001,未知,11.5,11.52,11.5,11.52,15948,18352217
20250528,11:10,000001,未知,11.51,11.52,11.5,11.51,6232,7175528
20250528,11:15,000001,未知,11.5,11.52,11.5,11.51,4312,4964931
20250528,11:20,000001,未知,11.51,11.53,11.51,11.53,26575,30632119
20250528,11:25,000001,未知,11.53,11.53,11.51,11.52,40661,46831684
20250528,11:30,000001,未知,11.52,11.53,11.52,11.53,6675,7692358
20250528,13:05,000001,未知,11.52,11.54,11.52,11.54,19650,22663110
20250528,13:10,000001,未知,11.54,11.55,11.53,11.55,29631,34198403
20250528,13:15,000001,未知,11.54,11.55,11.53,11.53,8148,9402946
20250528,13:20,000001,未知,11.53,11.54,11.52,11.53,6143,7081111
20250528,13:25,000001,未知,11.53,11.53,11.52,11.52,8904,10265160
20250528,13:30,000001,未知,11.52,11.53,11.52,11.53,5197,5990637
20250528,13:35,000001,未知,11.52,11.54,11.52,11.54,10658,12294605
20250528,13:40,000001,未知,11.53,11.54,11.51,11.52,10420,12009113
20250528,13:45,000001,未知,11.51,11.53,11.51,11.53,6718,7741245
20250528,13:50,000001,未知,11.53,11.53,11.51,11.52,12722,14661674
20250528,13:55,000001,未知,11.53,11.53,11.52,11.52,4385,5055255
20250528,14:00,000001,未知,11.52,11.53,11.52,11.52,3651,4208395
20250528,14:05,000001,未知,11.52,11.54,11.52,11.52,15172,17496081
20250528,14:10,000001,未知,11.53,11.53,11.52,11.53,3701,4266201
20250528,14:15,000001,未知,11.53,11.53,11.52,11.52,7894,9097774
20250528,14:20,000001,未知,11.53,11.53,11.51,11.52,8052,9275261
20250528,14:25,000001,未知,11.52,11.53,11.51,11.53,4379,5044709
20250528,14:30,000001,未知,11.52,11.53,11.52,11.53,4299,4954750
20250528,14:35,000001,未知,11.52,11.53,11.52,11.53,5386,6207479
20250528,14:40,000001,未知,11.52,11.53,11.52,11.53,3946,4548421
20250528,14:45,000001,未知,11.52,11.53,11.52,11.52,8752,10084793
20250528,14:50,000001,未知,11.53,11.53,11.52,11.53,15107,17410978
20250528,14:55,000001,未知,11.52,11.53,11.52,11.52,12807,14758432
20250528,15:00,000001,未知,11.52,11.53,11.52,11.53,14140,16300380
20250529,09:35,000001,未知,11.52,11.54,11.49,11.5,45814,52764556
20250529,09:40,000001,未知,11.49,11.52,11.48,11.51,48184,55369949
20250529,09:45,000001,未知,11.51,11.53,11.5,11.5,18866,21730729
20250529,09:50,000001,未知,11.51,11.51,11.48,11.48,38764,44541301
20250529,09:55,000001,未知,11.48,11.51,11.48,11.5,22247,25567785
20250529,10:00,000001,未知,11.5,11.5,11.48,11.5,25339,29107481
20250529,10:05,000001,未知,11.5,11.51,11.48,11.5,24865,28580733
20250529,10:10,000001,未知,11.49,11.51,11.48,11.5,12499,14370160
20250529,10:15,000001,未知,11.5,11.52,11.5,11.51,8600,9902981
20250529,10:20,000001,未知,11.52,11.53,11.5,11.52,14424,16613068
20250529,10:25,000001,未知,11.52,11.53,11.49,11.49,27140,31245124
20250529,10:30,000001,未知,11.49,11.51,11.49,11.51,12914,14846160
20250529,10:35,000001,未知,11.51,11.51,11.49,11.5,16940,19477480
20250529,10:40,000001,未知,11.5,11.51,11.49,11.5,10568,12152316
20250529,10:45,000001,未知,11.49,11.52,11.49,11.51,14810,17038420
20250529,10:50,000001,未知,11.51,11.52,11.49,11.51,21061,24229843
20250529,10:55,000001,未知,11.5,11.52,11.49,11.5,17571,20204647
20250529,11:00,000001,未知,11.5,11.5,11.49,11.5,9189,10562299
20250529,11:05,000001,未知,11.49,11.51,11.49,11.5,11508,13231929
20250529,11:10,000001,未知,11.49,11.5,11.49,11.5,10188,11711154
20250529,11:15,000001,未知,11.49,11.51,11.49,11.5,4011,4613822
20250529,11:20,000001,未知,11.51,11.51,11.49,11.49,10345,11896378
20250529,11:25,000001,未知,11.49,11.51,11.49,11.51,7643,8788631
20250529,11:30,000001,未知,11.51,11.51,11.5,11.5,4190,4820770
20250529,13:05,000001,未知,11.51,11.51,11.49,11.5,31586,36322234
20250529,13:10,000001,未知,11.51,11.52,11.5,11.5,16900,19451443
20250529,13:15,000001,未知,11.5,11.51,11.5,11.51,9081,10451222
20250529,13:20,000001,未知,11.51,11.52,11.5,11.51,12774,14701160
20250529,13:25,000001,未知,11.5,11.51,11.5,11.5,5698,6554490
20250529,13:30,000001,未知,11.5,11.51,11.49,11.5,17212,19794405
20250529,13:35,000001,未知,11.5,11.51,11.49,11.5,11126,12802658
20250529,13:40,000001,未知,11.5,11.51,11.49,11.5,7395,8503993
20250529,13:45,000001,未知,11.5,11.51,11.49,11.5,8197,9425950
20250529,13:50,000001,未知,11.5,11.51,11.49,11.5,7668,8816047
20250529,13:55,000001,未知,11.49,11.5,11.48,11.49,37461,43031405
20250529,14:00,000001,未知,11.5,11.5,11.48,11.49,12460,14317304
20250529,14:05,000001,未知,11.49,11.49,11.47,11.48,22800,26179754
20250529,14:10,000001,未知,11.48,11.49,11.47,11.47,13325,15295886
20250529,14:15,000001,未知,11.47,11.49,11.47,11.48,12037,13817448
20250529,14:20,000001,未知,11.48,11.48,11.47,11.47,13931,15982274
20250529,14:25,000001,未知,11.48,11.48,11.46,11.46,24204,27758896
20250529,14:30,000001,未知,11.47,11.48,11.46,11.47,18752,21508355
20250529,14:35,000001,未知,11.47,11.48,11.46,11.46,35880,41127903
20250529,14:40,000001,未知,11.46,11.47,11.45,11.47,18661,21388372
20250529,14:45,000001,未知,11.47,11.47,11.45,11.47,27996,32082664
20250529,14:50,000001,未知,11.46,11.47,11.45,11.46,29906,34272214
20250529,14:55,000001,未知,11.46,11.47,11.45,11.46,50610,58001024
20250529,15:00,000001,未知,11.47,11.47,11.46,11.46,36467,41796429
20250530,09:35,000001,未知,11.47,11.52,11.47,11.51,66784,76806891
20250530,09:40,000001,未知,11.5,11.52,11.5,11.5,39499,45464619
20250530,09:45,000001,未知,11.5,11.52,11.49,11.5,24630,28338605
20250530,09:50,000001,未知,11.49,11.51,11.49,11.49,21130,24297078
20250530,09:55,000001,未知,11.49,11.5,11.48,11.49,22097,25392070
20250530,10:00,000001,未知,11.48,11.49,11.47,11.47,25667,29449541
20250530,10:05,000001,未知,11.47,11.47,11.45,11.46,42548,48757971
20250530,10:10,000001,未知,11.46,11.46,11.45,11.45,15700,17983445
20250530,10:15,000001,未知,11.45,11.47,11.44,11.47,19632,22481419
20250530,10:20,000001,未知,11.46,11.48,11.46,11.46,9951,11407854
20250530,10:25,000001,未知,11.46,11.48,11.46,11.48,10303,11816125
20250530,10:30,000001,未知,11.48,11.48,11.46,11.46,6585,7551378
20250530,10:35,000001,未知,11.46,11.48,11.46,11.46,8783,10074775
20250530,10:40,000001,未知,11.47,11.48,11.46,11.47,4984,5716141
20250530,10:45,000001,未知,11.47,11.49,11.47,11.49,11134,12784593
20250530,10:50,000001,未知,11.49,11.51,11.48,11.51,29779,34236795
20250530,10:55,000001,未知,11.51,11.51,11.5,11.51,19671,22639227
20250530,11:00,000001,未知,11.51,11.53,11.5,11.52,68798,79283823
20250530,11:05,000001,未知,11.52,11.55,11.52,11.54,86829,100145296
20250530,11:10,000001,未知,11.53,11.54,11.52,11.52,21270,24530830
20250530,11:15,000001,未知,11.53,11.54,11.52,11.52,12255,14128644
20250530,11:20,000001,未知,11.52,11.53,11.52,11.52,6639,7648893
20250530,11:25,000001,未知,11.52,11.53,11.52,11.52,7101,8182502
20250530,11:30,000001,未知,11.53,11.55,11.52,11.54,37458,43235842
20250530,13:05,000001,未知,11.54,11.55,11.52,11.54,23679,27316545
20250530,13:10,000001,未知,11.54,11.55,11.52,11.54,15099,17422604
20250530,13:15,000001,未知,11.54,11.55,11.53,11.53,12653,14602500
20250530,13:20,000001,未知,11.53,11.55,11.53,11.54,11203,12929067
20250530,13:25,000001,未知,11.54,11.55,11.54,11.55,14659,16926664
20250530,13:30,000001,未知,11.55,11.55,11.54,11.55,19010,21944313
20250530,13:35,000001,未知,11.55,11.55,11.53,11.53,15009,17319536
20250530,13:40,000001,未知,11.54,11.55,11.53,11.54,13042,15049986
20250530,13:45,000001,未知,11.55,11.55,11.54,11.54,14133,16317812
20250530,13:50,000001,未知,11.54,11.55,11.54,11.55,12138,14017195
20250530,13:55,000001,未知,11.55,11.56,11.54,11.56,75106,86754691
20250530,14:00,000001,未知,11.55,11.56,11.54,11.55,21816,25200771
20250530,14:05,000001,未知,11.55,11.55,11.54,11.55,6541,7553630
20250530,14:10,000001,未知,11.55,11.56,11.54,11.56,16396,18939159
20250530,14:15,000001,未知,11.56,11.56,11.55,11.55,6812,7871773
20250530,14:20,000001,未知,11.56,11.56,11.55,11.55,13915,16076548
20250530,14:25,000001,未知,11.55,11.56,11.55,11.55,13619,15735218
20250530,14:30,000001,未知,11.56,11.56,11.55,11.55,10029,11590064
20250530,14:35,000001,未知,11.55,11.56,11.55,11.56,8947,10340086
20250530,14:40,000001,未知,11.56,11.57,11.55,11.57,34437,39811662
20250530,14:45,000001,未知,11.57,11.57,11.56,11.56,14840,17164381
20250530,14:50,000001,未知,11.57,11.57,11.56,11.57,23951,27704673
20250530,14:55,000001,未知,11.57,11.57,11.56,11.57,36061,41708086
20250530,15:00,000001,未知,11.56,11.58,11.56,11.56,78527,90802910
20250603,09:35,000001,未知,11.54,11.69,11.53,11.69,234237,272190988
20250603,09:40,000001,未知,11.68,11.73,11.65,11.7,177682,207643304
20250603,09:45,000001,未知,11.7,11.73,11.68,11.7,75147,87923961
20250603,09:50,000001,未知,11.71,11.75,11.7,11.74,80451,94368307
20250603,09:55,000001,未知,11.74,11.77,11.74,11.74,72894,85668438
20250603,10:00,000001,未知,11.75,11.76,11.74,11.75,44336,52081699
20250603,10:05,000001,未知,11.74,11.75,11.69,11.7,56181,65794981
20250603,10:10,000001,未知,11.71,11.73,11.7,11.73,39106,45814596
20250603,10:15,000001,未知,11.73,11.75,11.72,11.75,47421,55660349
20250603,10:20,000001,未知,11.75,11.76,11.72,11.73,38092,44729482
20250603,10:25,000001,未知,11.74,11.76,11.73,11.76,36694,43100196
20250603,10:30,000001,未知,11.75,11.79,11.75,11.78,114483,134812440
20250603,10:35,000001,未知,11.79,11.8,11.78,11.79,59610,70305577
20250603,10:40,000001,未知,11.78,11.83,11.78,11.82,112073,132354051
20250603,10:45,000001,未知,11.82,11.83,11.8,11.82,28921,34170810
20250603,10:50,000001,未知,11.81,11.84,11.81,11.82,43722,51710275
20250603,10:55,000001,未知,11.82,11.83,11.81,11.82,29838,35266853
20250603,11:00,000001,未知,11.81,11.87,11.81,11.86,122384,145003250
20250603,11:05,000001,未知,11.87,11.91,11.87,11.9,136216,161949351
20250603,11:10,000001,未知,11.9,11.91,11.88,11.89,34961,41575282
20250603,11:15,000001,未知,11.89,11.89,11.84,11.85,26989,32009061
20250603,11:20,000001,未知,11.85,11.86,11.84,11.86,21201,25126225
20250603,11:25,000001,未知,11.86,11.89,11.85,11.88,36100,42868906
20250603,11:30,000001,未知,11.87,11.88,11.85,11.85,18153,21539389
20250603,13:05,000001,未知,11.85,11.85,11.79,11.82,54485,64393554
20250603,13:10,000001,未知,11.83,11.83,11.8,11.8,24078,28435716
20250603,13:15,000001,未知,11.8,11.81,11.79,11.81,23786,28069232
20250603,13:20,000001,未知,11.81,11.81,11.8,11.81,35251,41612703
20250603,13:25,000001,未知,11.81,11.83,11.81,11.83,21080,24919073
20250603,13:30,000001,未知,11.83,11.83,11.81,11.82,29734,35143523
20250603,13:35,000001,未知,11.83,11.85,11.81,11.82,23761,28108992
20250603,13:40,000001,未知,11.82,11.83,11.82,11.82,17135,20263535
20250603,13:45,000001,未知,11.83,11.83,11.81,11.81,16170,19116403
20250603,13:50,000001,未知,11.82,11.83,11.81,11.82,14168,16746829
20250603,13:55,000001,未知,11.82,11.82,11.81,11.82,16553,19558564
20250603,14:00,000001,未知,11.82,11.82,11.81,11.82,8100,9570570
20250603,14:05,000001,未知,11.81,11.82,11.8,11.81,14844,17533829
20250603,14:10,000001,未知,11.82,11.82,11.8,11.81,11395,13455151
20250603,14:15,000001,未知,11.81,11.82,11.8,11.82,11475,13550761
20250603,14:20,000001,未知,11.82,11.82,11.81,11.82,12148,14353419
20250603,14:25,000001,未知,11.81,11.83,11.81,11.83,21135,24984088
20250603,14:30,000001,未知,11.83,11.84,11.82,11.83,13267,15687325
20250603,14:35,000001,未知,11.83,11.83,11.81,11.82,17105,20220610
20250603,14:40,000001,未知,11.82,11.83,11.81,11.81,12556,14837225
20250603,14:45,000001,未知,11.82,11.82,11.81,11.81,22556,26648790
20250603,14:50,000001,未知,11.81,11.82,11.81,11.81,28817,34036640
20250603,14:55,000001,未知,11.82,11.82,11.8,11.81,26885,31755855
20250603,15:00,000001,未知,11.81,11.81,11.8,11.81,29104,34365291
20250604,09:35,000001,未知,11.82,11.88,11.82,11.83,89966,106626107
20250604,09:40,000001,未知,11.84,11.86,11.81,11.85,80256,94952690
20250604,09:45,000001,未知,11.84,11.86,11.83,11.86,39963,47350969
20250604,09:50,000001,未知,11.86,11.88,11.85,11.86,43321,51400449
20250604,09:55,000001,未知,11.86,11.86,11.81,11.81,70729,83646991
20250604,10:00,000001,未知,11.81,11.83,11.8,11.82,47261,55847322
20250604,10:05,000001,未知,11.82,11.84,11.82,11.83,41113,48636235
20250604,10:10,000001,未知,11.83,11.84,11.8,11.81,75390,89079483
20250604,10:15,000001,未知,11.8,11.82,11.79,11.81,43874,51755151
20250604,10:20,000001,未知,11.81,11.83,11.81,11.82,17997,21274965
20250604,10:25,000001,未知,11.82,11.83,11.81,11.82,11915,14079716
20250604,10:30,000001,未知,11.82,11.82,11.79,11.8,20821,24575801
20250604,10:35,000001,未知,11.8,11.81,11.79,11.8,16865,19899631
20250604,10:40,000001,未知,11.8,11.83,11.8,11.82,9430,11145158
20250604,10:45,000001,未知,11.82,11.84,11.82,11.84,16114,19062916
20250604,10:50,000001,未知,11.83,11.84,11.83,11.84,8370,9905676
20250604,10:55,000001,未知,11.83,11.85,11.83,11.84,28226,33419000
20250604,11:00,000001,未知,11.85,11.85,11.84,11.84,12913,15296665
20250604,11:05,000001,未知,11.84,11.85,11.83,11.84,16133,19106755
20250604,11:10,000001,未知,11.84,11.84,11.83,11.84,8051,9527876
20250604,11:15,000001,未知,11.84,11.85,11.83,11.84,6848,8107508
20250604,11:20,000001,未知,11.84,11.86,11.84,11.86,55562,65874810
20250604,11:25,000001,未知,11.86,11.87,11.86,11.86,37320,44269475
20250604,11:30,000001,未知,11.86,11.88,11.85,11.86,24827,29461098
20250604,13:05,000001,未知,11.86,11.88,11.84,11.87,28000,33221061
20250604,13:10,000001,未知,11.87,11.88,11.86,11.86,28997,34426695
20250604,13:15,000001,未知,11.87,11.87,11.85,11.85,14703,17439927
20250604,13:20,000001,未知,11.85,11.87,11.85,11.87,13043,15464762
20250604,13:25,000001,未知,11.87,11.87,11.86,11.87,4797,5690841
20250604,13:30,000001,未知,11.86,11.87,11.86,11.87,6848,8125440
20250604,13:35,000001,未知,11.86,11.88,11.86,11.88,21464,25476577
20250604,13:40,000001,未知,11.88,11.88,11.87,11.88,8586,10195113
20250604,13:45,000001,未知,11.88,11.88,11.87,11.87,27420,32561827
20250604,13:50,000001,未知,11.87,11.88,11.86,11.87,5317,6308677
20250604,13:55,000001,未知,11.87,11.87,11.86,11.86,6846,8123645
20250604,14:00,000001,未知,11.86,11.88,11.86,11.87,23028,27330835
20250604,14:05,000001,未知,11.87,11.88,11.86,11.87,7885,9355507
20250604,14:10,000001,未知,11.86,11.87,11.85,11.86,18914,22433505
20250604,14:15,000001,未知,11.86,11.87,11.86,11.87,5845,6933484
20250604,14:20,000001,未知,11.87,11.87,11.85,11.85,8561,10152256
20250604,14:25,000001,未知,11.86,11.86,11.85,11.85,10502,12447699
20250604,14:30,000001,未知,11.86,11.86,11.84,11.85,7855,9308455
20250604,14:35,000001,未知,11.84,11.85,11.84,11.85,13021,15425742
20250604,14:40,000001,未知,11.85,11.85,11.83,11.84,15280,18095150
20250604,14:45,000001,未知,11.84,11.85,11.83,11.84,14524,17190140
20250604,14:50,000001,未知,11.84,11.84,11.83,11.84,12508,14806172
20250604,14:55,000001,未知,11.83,11.84,11.83,11.83,18091,21415036
20250604,15:00,000001,未知,11.84,11.85,11.83,11.84,22660,26829018
20250605,09:35,000001,未知,11.88,11.91,11.85,11.86,67127,79733735
20250605,09:40,000001,未知,11.86,11.86,11.83,11.86,29886,35399819
20250605,09:45,000001,未知,11.85,11.86,11.83,11.83,16322,19317746
20250605,09:50,000001,未知,11.84,11.84,11.79,11.8,47440,56035699
20250605,09:55,000001,未知,11.79,11.8,11.75,11.77,55862,65773838
20250605,10:00,000001,未知,11.77,11.78,11.72,11.77,62644,73577084
20250605,10:05,000001,未知,11.77,11.77,11.75,11.76,35336,41567624
20250605,10:10,000001,未知,11.76,11.78,11.76,11.77,23171,27275152
20250605,10:15,000001,未知,11.77,11.77,11.75,11.75,17374,20429594
20250605,10:20,000001,未知,11.76,11.76,11.74,11.74,14999,17622545
20250605,10:25,000001,未知,11.74,11.75,11.73,11.74,16314,19157264
20250605,10:30,000001,未知,11.75,11.75,11.72,11.73,28182,33077572
20250605,10:35,000001,未知,11.73,11.73,11.71,11.72,36151,42368435
20250605,10:40,000001,未知,11.73,11.73,11.71,11.72,22415,26277516
20250605,10:45,000001,未知,11.72,11.74,11.72,11.74,24682,28954218
20250605,10:50,000001,未知,11.73,11.74,11.73,11.74,5948,6978978
20250605,10:55,000001,未知,11.73,11.74,11.73,11.74,5394,6330964
20250605,11:00,000001,未知,11.74,11.74,11.73,11.74,16311,19145048
20250605,11:05,000001,未知,11.74,11.76,11.73,11.75,34186,40173390
20250605,11:10,000001,未知,11.75,11.77,11.74,11.77,12440,14631004
20250605,11:15,000001,未知,11.77,11.78,11.75,11.76,19035,22388828
20250605,11:20,000001,未知,11.76,11.77,11.74,11.75,16117,18943829
20250605,11:25,000001,未知,11.75,11.75,11.74,11.74,4290,5037863
20250605,11:30,000001,未知,11.74,11.75,11.74,11.75,6364,7473308
20250605,13:05,000001,未知,11.75,11.75,11.72,11.74,26558,31164211
20250605,13:10,000001,未知,11.74,11.74,11.72,11.72,10431,12234728
20250605,13:15,000001,未知,11.73,11.73,11.72,11.72,12223,14327889
20250605,13:20,000001,未知,11.73,11.73,11.7,11.7,55152,64605261
20250605,13:25,000001,未知,11.71,11.72,11.7,11.7,14140,16559397
20250605,13:30,000001,未知,11.7,11.71,11.68,11.69,51207,59869903
20250605,13:35,000001,未知,11.69,11.7,11.68,11.69,21173,24751483
20250605,13:40,000001,未知,11.69,11.7,11.69,11.69,12950,15141900
20250605,13:45,000001,未知,11.7,11.7,11.69,11.69,12710,14860963
20250605,13:50,000001,未知,11.69,11.7,11.68,11.69,19374,22651582
20250605,13:55,000001,未知,11.69,11.69,11.67,11.68,38516,44975884
20250605,14:00,000001,未知,11.68,11.68,11.67,11.67,19026,22207786
20250605,14:05,000001,未知,11.67,11.69,11.67,11.68,13857,16190141
20250605,14:10,000001,未知,11.69,11.69,11.67,11.68,23843,27844941
20250605,14:15,000001,未知,11.69,11.69,11.67,11.67,16523,19298093
20250605,14:20,000001,未知,11.68,11.69,11.67,11.67,12650,14774600
20250605,14:25,000001,未知,11.68,11.68,11.67,11.68,16845,19664565
20250605,14:30,000001,未知,11.68,11.68,11.67,11.67,22059,25749004
20250605,14:35,000001,未知,11.68,11.68,11.66,11.68,17700,20661282
20250605,14:40,000001,未知,11.67,11.69,11.67,11.68,30927,36114864
20250605,14:45,000001,未知,11.69,11.69,11.67,11.67,23904,27934797
20250605,14:50,000001,未知,11.67,11.69,11.67,11.68,20668,24137245
20250605,14:55,000001,未知,11.69,11.69,11.68,11.69,20510,23966965
20250605,15:00,000001,未知,11.69,11.69,11.67,11.67,35867,41885183
20250606,09:35,000001,未知,11.7,11.74,11.7,11.73,77374,90717524
20250606,09:40,000001,未知,11.73,11.75,11.72,11.74,33750,39613008
20250606,09:45,000001,未知,11.75,11.76,11.73,11.75,52007,61097466
20250606,09:50,000001,未知,11.74,11.76,11.74,11.75,22639,26602814
20250606,09:55,000001,未知,11.76,11.79,11.75,11.76,53436,62902796
20250606,10:00,000001,未知,11.76,11.76,11.71,11.73,25704,30157907
20250606,10:05,000001,未知,11.74,11.74,11.72,11.73,15786,18510487
20250606,10:10,000001,未知,11.74,11.75,11.73,11.74,12636,14831359
20250606,10:15,000001,未知,11.73,11.73,11.71,11.71,16315,19123669
20250606,10:20,000001,未知,11.72,11.72,11.7,11.71,15491,18142027
20250606,10:25,000001,未知,11.71,11.74,11.71,11.72,26616,31219749
20250606,10:30,000001,未知,11.72,11.73,11.71,11.72,5681,6658146
20250606,10:35,000001,未知,11.72,11.73,11.71,11.72,5914,6930839
20250606,10:40,000001,未知,11.72,11.72,11.7,11.71,21152,24758867
20250606,10:45,000001,未知,11.71,11.71,11.69,11.7,9032,10567479
20250606,10:50,000001,未知,11.7,11.71,11.7,11.7,7272,8510755
20250606,10:55,000001,未知,11.71,11.72,11.7,11.72,5341,6254145
20250606,11:00,000001,未知,11.71,11.72,11.71,11.72,2971,3480485
20250606,11:05,000001,未知,11.71,11.72,11.71,11.71,7697,9014411
20250606,11:10,000001,未知,11.71,11.72,11.71,11.72,5797,6790138
20250606,11:15,000001,未知,11.71,11.72,11.7,11.72,9692,11349280
20250606,11:20,000001,未知,11.72,11.72,11.7,11.71,17380,20343730
20250606,11:25,000001,未知,11.7,11.71,11.69,11.69,3132,3664157
20250606,11:30,000001,未知,11.7,11.7,11.69,11.69,5724,6694455
20250606,13:05,000001,未知,11.69,11.71,11.69,11.7,16587,19404966
20250606,13:10,000001,未知,11.7,11.71,11.69,11.71,5207,6092069
20250606,13:15,000001,未知,11.7,11.71,11.7,11.7,5598,6550852
20250606,13:20,000001,未知,11.7,11.7,11.69,11.7,6442,7536207
20250606,13:25,000001,未知,11.69,11.7,11.69,11.69,6206,7255991
20250606,13:30,000001,未知,11.7,11.7,11.68,11.69,10619,12406252
20250606,13:35,000001,未知,11.68,11.71,11.68,11.71,8847,10352495
20250606,13:40,000001,未知,11.71,11.72,11.7,11.71,4374,5122076
20250606,13:45,000001,未知,11.71,11.72,11.7,11.71,7870,9211675
20250606,13:50,000001,未知,11.72,11.73,11.71,11.72,21459,25153840
20250606,13:55,000001,未知,11.72,11.73,11.71,11.73,5945,6969172
20250606,14:00,000001,未知,11.73,11.73,11.71,11.72,4829,5659406
20250606,14:05,000001,未知,11.72,11.72,11.7,11.71,7519,8805263
20250606,14:10,000001,未知,11.71,11.72,11.7,11.71,6538,7654593
20250606,14:15,000001,未知,11.71,11.72,11.7,11.72,6083,7123364
20250606,14:20,000001,未知,11.72,11.72,11.7,11.71,10475,12266779
20250606,14:25,000001,未知,11.71,11.71,11.7,11.7,5082,5949036
20250606,14:30,000001,未知,11.71,11.72,11.7,11.71,4062,4756549
20250606,14:35,000001,未知,11.71,11.71,11.7,11.7,7104,8316720
20250606,14:40,000001,未知,11.7,11.71,11.7,11.71,10240,11989477
20250606,14:45,000001,未知,11.71,11.72,11.7,11.71,9775,11445537
20250606,14:50,000001,未知,11.7,11.71,11.7,11.7,15914,18633778
20250606,14:55,000001,未知,11.71,11.72,11.7,11.71,14019,16417040
20250606,15:00,000001,未知,11.71,11.71,11.7,11.7,23020,26938798
20250609,09:35,000001,未知,11.73,11.74,11.68,11.69,57578,67440789
20250609,09:40,000001,未知,11.69,11.72,11.69,11.71,26548,31073571
20250609,09:45,000001,未知,11.71,11.73,11.7,11.71,35132,41174717
20250609,09:50,000001,未知,11.72,11.72,11.7,11.72,29538,34584915
20250609,09:55,000001,未知,11.73,11.73,11.71,11.73,15599,18286486
20250609,10:00,000001,未知,11.73,11.73,11.7,11.71,26111,30592777
20250609,10:05,000001,未知,11.7,11.71,11.68,11.69,49180,57503613
20250609,10:10,000001,未知,11.69,11.7,11.66,11.67,61768,72139654
20250609,10:15,000001,未知,11.68,11.7,11.65,11.7,50169,58524591
20250609,10:20,000001,未知,11.69,11.71,11.69,11.71,17081,19986434
20250609,10:25,000001,未知,11.71,11.72,11.7,11.72,21159,24771110
20250609,10:30,000001,未知,11.72,11.72,11.7,11.72,17905,20970666
20250609,10:35,000001,未知,11.71,11.72,11.7,11.72,9060,10610048
20250609,10:40,000001,未知,11.72,11.72,11.7,11.71,8882,10400129
20250609,10:45,000001,未知,11.7,11.71,11.69,11.71,15065,17627050
20250609,10:50,000001,未知,11.71,11.71,11.7,11.7,6709,7853160
20250609,10:55,000001,未知,11.7,11.71,11.7,11.71,6441,7539342
20250609,11:00,000001,未知,11.7,11.71,11.7,11.71,8194,9592543
20250609,11:05,000001,未知,11.7,11.71,11.7,11.71,6997,8190619
20250609,11:10,000001,未知,11.71,11.71,11.69,11.7,14329,16762104
20250609,11:15,000001,未知,11.7,11.7,11.68,11.68,12605,14738841
20250609,11:20,000001,未知,11.69,11.7,11.68,11.7,7876,9208068
20250609,11:25,000001,未知,11.7,11.7,11.69,11.7,6198,7249970
20250609,11:30,000001,未知,11.69,11.7,11.68,11.69,8921,10431733
20250609,13:05,000001,未知,11.69,11.71,11.68,11.71,16307,19066251
20250609,13:10,000001,未知,11.71,11.72,11.7,11.7,13402,15690943
20250609,13:15,000001,未知,11.71,11.72,11.7,11.71,4874,5706017
20250609,13:20,000001,未知,11.71,11.72,11.7,11.71,7369,8630560
20250609,13:25,000001,未知,11.71,11.72,11.7,11.7,4246,4971626
20250609,13:30,000001,未知,11.71,11.72,11.7,11.72,7166,8392687
20250609,13:35,000001,未知,11.72,11.73,11.71,11.72,32738,38386556
20250609,13:40,000001,未知,11.72,11.73,11.72,11.73,13414,15733369
20250609,13:45,000001,未知,11.72,11.73,11.72,11.72,4854,5692266
20250609,13:50,000001,未知,11.72,11.73,11.71,11.71,9336,10941199
20250609,13:55,000001,未知,11.71,11.73,11.71,11.73,12695,14879832
20250609,14:00,000001,未知,11.73,11.74,11.72,11.72,13986,16405670
20250609,14:05,000001,未知,11.73,11.73,11.72,11.73,2283,2677016
20250609,14:10,000001,未知,11.73,11.73,11.72,11.72,6187,7256409
20250609,14:15,000001,未知,11.73,11.73,11.71,11.71,11070,12978256
20250609,14:20,000001,未知,11.71,11.73,11.71,11.72,11117,13025193
20250609,14:25,000001,未知,11.72,11.73,11.71,11.72,7070,8285471
20250609,14:30,000001,未知,11.71,11.72,11.71,11.71,7103,8323216
20250609,14:35,000001,未知,11.71,11.72,11.71,11.71,5809,6805706
20250609,14:40,000001,未知,11.72,11.72,11.71,11.72,5498,6442480
20250609,14:45,000001,未知,11.71,11.72,11.71,11.72,10751,12596380
20250609,14:50,000001,未知,11.71,11.72,11.71,11.72,9447,11070229
20250609,14:55,000001,未知,11.72,11.73,11.71,11.71,15414,18060906
20250609,15:00,000001,未知,11.72,11.73,11.71,11.71,22074,25862332
20250610,09:35,000001,未知,11.72,11.78,11.72,11.78,81124,95355271
20250610,09:40,000001,未知,11.78,11.82,11.76,11.77,92263,108836491
20250610,09:45,000001,未知,11.77,11.8,11.76,11.78,27872,32851434
20250610,09:50,000001,未知,11.78,11.81,11.77,11.81,44623,52646081
20250610,09:55,000001,未知,11.8,11.85,11.8,11.84,65340,77302905
20250610,10:00,000001,未知,11.84,11.85,11.81,11.81,31938,37806299
20250610,10:05,000001,未知,11.82,11.85,11.82,11.85,59177,70075939
20250610,10:10,000001,未知,11.85,11.87,11.85,11.86,57572,68274524
20250610,10:15,000001,未知,11.86,11.87,11.85,11.86,20787,24649028
20250610,10:20,000001,未知,11.86,11.88,11.85,11.88,37350,44324036
20250610,10:25,000001,未知,11.87,11.88,11.85,11.85,25709,30508113
20250610,10:30,000001,未知,11.86,11.86,11.84,11.85,31094,36842446
20250610,10:35,000001,未知,11.85,11.87,11.85,11.85,21474,25463427
20250610,10:40,000001,未知,11.84,11.86,11.84,11.85,28465,33726485
20250610,10:45,000001,未知,11.85,11.88,11.85,11.88,28428,33740617
20250610,10:50,000001,未知,11.87,11.88,11.86,11.87,19379,23000389
20250610,10:55,000001,未知,11.86,11.87,11.85,11.85,12695,15055049
20250610,11:00,000001,未知,11.86,11.86,11.85,11.85,5431,6439880
20250610,11:05,000001,未知,11.86,11.87,11.86,11.86,32076,38048258
20250610,11:10,000001,未知,11.86,11.87,11.85,11.86,33189,39364849
20250610,11:15,000001,未知,11.86,11.87,11.85,11.85,9257,10976837
20250610,11:20,000001,未知,11.85,11.87,11.85,11.86,20760,24621529
20250610,11:25,000001,未知,11.86,11.88,11.86,11.87,33821,40152629
20250610,11:30,000001,未知,11.87,11.88,11.87,11.87,17548,20838999
20250610,13:05,000001,未知,11.87,11.89,11.87,11.87,60074,71357627
20250610,13:10,000001,未知,11.88,11.89,11.87,11.87,23713,28170753
20250610,13:15,000001,未知,11.87,11.88,11.83,11.84,90552,107349360
20250610,13:20,000001,未知,11.83,11.83,11.8,11.8,51146,60426640
20250610,13:25,000001,未知,11.8,11.8,11.77,11.79,41593,49007054
20250610,13:30,000001,未知,11.79,11.79,11.76,11.77,28537,33608687
20250610,13:35,000001,未知,11.77,11.79,11.75,11.78,29014,34138797
20250610,13:40,000001,未知,11.79,11.81,11.78,11.79,21220,25030694
20250610,13:45,000001,未知,11.79,11.81,11.79,11.81,16642,19639094
20250610,13:50,000001,未知,11.8,11.82,11.8,11.82,17952,21209576
20250610,13:55,000001,未知,11.82,11.82,11.79,11.8,16665,19672947
20250610,14:00,000001,未知,11.8,11.8,11.79,11.8,11975,14127046
20250610,14:05,000001,未知,11.8,11.8,11.77,11.79,25183,29678233
20250610,14:10,000001,未知,11.79,11.8,11.78,11.8,6842,8069903
20250610,14:15,000001,未知,11.79,11.8,11.78,11.79,15955,18802982
20250610,14:20,000001,未知,11.78,11.8,11.78,11.8,12258,14452500
20250610,14:25,000001,未知,11.79,11.81,11.78,11.8,15335,18087243
20250610,14:30,000001,未知,11.8,11.82,11.79,11.81,11692,13803410
20250610,14:35,000001,未知,11.81,11.82,11.8,11.81,12316,14549719
20250610,14:40,000001,未知,11.81,11.82,11.8,11.81,16108,19020816
20250610,14:45,000001,未知,11.8,11.81,11.8,11.8,12800,15113958
20250610,14:50,000001,未知,11.8,11.81,11.8,11.8,15583,18396050
20250610,14:55,000001,未知,11.81,11.81,11.8,11.81,18094,21356551
20250610,15:00,000001,未知,11.8,11.81,11.8,11.81,19511,23038752
20250611,09:35,000001,未知,11.82,11.84,11.79,11.84,47740,56447971
20250611,09:40,000001,未知,11.83,11.87,11.83,11.85,36260,42972322
20250611,09:45,000001,未知,11.84,11.86,11.82,11.86,43166,51098744
20250611,09:50,000001,未知,11.85,11.88,11.84,11.86,37915,44984271
20250611,09:55,000001,未知,11.86,11.87,11.85,11.87,20393,24187255
20250611,10:00,000001,未知,11.87,11.92,11.86,11.89,122815,146042553
20250611,10:05,000001,未知,11.89,11.9,11.88,11.9,29725,35341875
20250611,10:10,000001,未知,11.89,11.92,11.89,11.92,83709,99711797
20250611,10:15,000001,未知,11.92,11.93,11.9,11.91,59228,70573105
20250611,10:20,000001,未知,11.91,11.91,11.87,11.88,45830,54470461
20250611,10:25,000001,未知,11.88,11.88,11.85,11.86,20539,24359214
20250611,10:30,000001,未知,11.86,11.87,11.85,11.86,16244,19263985
20250611,10:35,000001,未知,11.85,11.86,11.82,11.83,46833,55443944
20250611,10:40,000001,未知,11.83,11.85,11.82,11.85,13009,15389868
20250611,10:45,000001,未知,11.84,11.86,11.84,11.85,16786,19892316
20250611,10:50,000001,未知,11.85,11.85,11.81,11.82,50279,59433986
20250611,10:55,000001,未知,11.82,11.83,11.81,11.83,10883,12865210
20250611,11:00,000001,未知,11.83,11.84,11.82,11.83,8759,10359832
20250611,11:05,000001,未知,11.83,11.84,11.82,11.83,8094,9572676
20250611,11:10,000001,未知,11.84,11.84,11.83,11.84,7048,8342527
20250611,11:15,000001,未知,11.83,11.84,11.82,11.83,7294,8631055
20250611,11:20,000001,未知,11.82,11.84,11.82,11.83,12621,14924884
20250611,11:25,000001,未知,11.83,11.85,11.83,11.84,8524,10091583
20250611,11:30,000001,未知,11.83,11.84,11.83,11.84,6583,7789639
20250611,13:05,000001,未知,11.84,11.85,11.83,11.85,14208,16823711
20250611,13:10,000001,未知,11.85,11.86,11.83,11.85,10831,12829175
20250611,13:15,000001,未知,11.86,11.86,11.84,11.84,5152,6103847
20250611,13:20,000001,未知,11.84,11.85,11.84,11.84,3765,4459909
20250611,13:25,000001,未知,11.85,11.85,11.84,11.85,11021,13055816
20250611,13:30,000001,未知,11.85,11.85,11.83,11.84,14151,16754380
20250611,13:35,000001,未知,11.84,11.85,11.83,11.85,9527,11282417
20250611,13:40,000001,未知,11.85,11.85,11.84,11.84,6539,7746642
20250611,13:45,000001,未知,11.85,11.85,11.84,11.85,5369,6360519
20250611,13:50,000001,未知,11.84,11.86,11.84,11.85,18464,21880800
20250611,13:55,000001,未知,11.86,11.87,11.85,11.86,15697,18614500
20250611,14:00,000001,未知,11.86,11.87,11.85,11.86,11044,13099201
20250611,14:05,000001,未知,11.86,11.87,11.85,11.87,9511,11279664
20250611,14:10,000001,未知,11.86,11.87,11.86,11.86,9673,11479165
20250611,14:15,000001,未知,11.87,11.87,11.86,11.87,8289,9835059
20250611,14:20,000001,未知,11.86,11.87,11.85,11.85,12737,15105292
20250611,14:25,000001,未知,11.85,11.86,11.85,11.86,11636,13796496
20250611,14:30,000001,未知,11.85,11.87,11.85,11.87,9526,11299473
20250611,14:35,000001,未知,11.86,11.87,11.86,11.87,11229,13322319
20250611,14:40,000001,未知,11.87,11.87,11.85,11.86,17698,20986470
20250611,14:45,000001,未知,11.85,11.86,11.85,11.86,22210,26337652
20250611,14:50,000001,未知,11.86,11.87,11.85,11.86,24497,29050009
20250611,14:55,000001,未知,11.86,11.87,11.85,11.86,29016,34409684
20250611,15:00,000001,未知,11.85,11.86,11.85,11.85,42600,50488044
20250612,09:35,000001,未知,11.56,11.59,11.54,11.56,157554,182141061
20250612,09:40,000001,未知,11.56,11.56,11.52,11.54,65249,75274475
20250612,09:45,000001,未知,11.55,11.58,11.52,11.57,50154,57950199
20250612,09:50,000001,未知,11.57,11.59,11.57,11.57,31662,36657569
20250612,09:55,000001,未知,11.57,11.63,11.57,11.61,81115,94144966
20250612,10:00,000001,未知,11.62,11.64,11.61,11.64,47421,55119664
20250612,10:05,000001,未知,11.64,11.66,11.63,11.66,68184,79381278
20250612,10:10,000001,未知,11.65,11.66,11.62,11.64,36607,42589092
20250612,10:15,000001,未知,11.64,11.64,11.62,11.62,16911,19669537
20250612,10:20,000001,未知,11.62,11.63,11.61,11.62,18917,21976049
20250612,10:25,000001,未知,11.62,11.64,11.62,11.63,16837,19575890
20250612,10:30,000001,未知,11.63,11.64,11.62,11.63,18348,21342167
20250612,10:35,000001,未知,11.63,11.65,11.61,11.63,34052,39617020
20250612,10:40,000001,未知,11.62,11.63,11.61,11.62,12812,14892388
20250612,10:45,000001,未知,11.63,11.63,11.61,11.63,14518,16869346
20250612,10:50,000001,未知,11.63,11.64,11.62,11.63,6611,7688367
20250612,10:55,000001,未知,11.63,11.65,11.63,11.64,19384,22562907
20250612,11:00,000001,未知,11.64,11.66,11.64,11.66,46590,54279608
20250612,11:05,000001,未知,11.66,11.67,11.65,11.66,24957,29111325
20250612,11:10,000001,未知,11.66,11.67,11.65,11.66,13747,16026640
20250612,11:15,000001,未知,11.66,11.66,11.65,11.65,5750,6700640
20250612,11:20,000001,未知,11.65,11.66,11.64,11.65,20074,23383964
20250612,11:25,000001,未知,11.66,11.66,11.65,11.66,9866,11496912
20250612,11:30,000001,未知,11.66,11.67,11.65,11.67,20289,23656836
20250612,13:05,000001,未知,11.67,11.67,11.65,11.65,24848,28983402
20250612,13:10,000001,未知,11.66,11.66,11.64,11.65,12785,14900279
20250612,13:15,000001,未知,11.65,11.65,11.64,11.64,6185,7201914
20250612,13:20,000001,未知,11.65,11.65,11.64,11.64,9804,11418442
20250612,13:25,000001,未知,11.65,11.66,11.63,11.64,9527,11088069
20250612,13:30,000001,未知,11.64,11.65,11.63,11.64,8769,10209238
20250612,13:35,000001,未知,11.64,11.65,11.64,11.64,15173,17669411
20250612,13:40,000001,未知,11.64,11.65,11.64,11.64,5078,5912257
20250612,13:45,000001,未知,11.64,11.64,11.63,11.63,15296,17797807
20250612,13:50,000001,未知,11.63,11.66,11.63,11.66,23721,27639772
20250612,13:55,000001,未知,11.65,11.68,11.65,11.68,33641,39239855
20250612,14:00,000001,未知,11.68,11.68,11.66,11.67,15730,18350439
20250612,14:05,000001,未知,11.67,11.68,11.66,11.67,16571,19339951
20250612,14:10,000001,未知,11.67,11.69,11.67,11.67,53837,62921130
20250612,14:15,000001,未知,11.67,11.68,11.67,11.68,7770,9072022
20250612,14:20,000001,未知,11.67,11.7,11.67,11.7,24894,29096057
20250612,14:25,000001,未知,11.7,11.7,11.68,11.68,20311,23744417
20250612,14:30,000001,未知,11.69,11.69,11.68,11.69,12256,14323011
20250612,14:35,000001,未知,11.68,11.69,11.68,11.68,15293,17871778
20250612,14:40,000001,未知,11.68,11.7,11.68,11.69,22993,26875334
20250612,14:45,000001,未知,11.69,11.69,11.68,11.69,21377,24983570
20250612,14:50,000001,未知,11.68,11.69,11.68,11.68,21010,24553811
20250612,14:55,000001,未知,11.68,11.69,11.67,11.67,22873,26713956
20250612,15:00,000001,未知,11.67,11.68,11.67,11.68,32869,38386146
20250613,09:35,000001,未知,11.68,11.72,11.65,11.68,76052,88864857
20250613,09:40,000001,未知,11.67,11.71,11.67,11.71,40515,47376147
20250613,09:45,000001,未知,11.69,11.74,11.69,11.69,73773,86425453
20250613,09:50,000001,未知,11.69,11.69,11.66,11.67,22118,25821200
20250613,09:55,000001,未知,11.67,11.69,11.67,11.68,30135,35190977
20250613,10:00,000001,未知,11.68,11.7,11.66,11.66,24186,28256854
20250613,10:05,000001,未知,11.66,11.67,11.63,11.63,32133,37435122
20250613,10:10,000001,未知,11.63,11.64,11.6,11.62,57900,67261194
20250613,10:15,000001,未知,11.62,11.65,11.62,11.64,14745,17154514
20250613,10:20,000001,未知,11.65,11.66,11.64,11.66,13666,15923797
20250613,10:25,000001,未知,11.65,11.66,11.64,11.65,11997,13976170
20250613,10:30,000001,未知,11.64,11.65,11.61,11.61,18625,21653720
20250613,10:35,000001,未知,11.61,11.63,11.61,11.63,12010,13959180
20250613,10:40,000001,未知,11.62,11.63,11.59,11.61,47706,55372457
20250613,10:45,000001,未知,11.6,11.62,11.6,11.6,11175,12972076
20250613,10:50,000001,未知,11.6,11.62,11.59,11.62,47716,55327443
20250613,10:55,000001,未知,11.62,11.64,11.62,11.63,16511,19200800
20250613,11:00,000001,未知,11.62,11.63,11.59,11.6,28547,33133241
20250613,11:05,000001,未知,11.59,11.6,11.57,11.57,27098,31393434
20250613,11:10,000001,未知,11.57,11.59,11.57,11.59,23353,27037624
20250613,11:15,000001,未知,11.59,11.59,11.58,11.59,8686,10061984
20250613,11:20,000001,未知,11.58,11.59,11.58,11.59,13691,15861571
20250613,11:25,000001,未知,11.58,11.59,11.58,11.58,6245,7233816
20250613,11:30,000001,未知,11.58,11.6,11.58,11.6,7850,9101517
20250613,13:05,000001,未知,11.59,11.59,11.57,11.57,22550,26119840
20250613,13:10,000001,未知,11.57,11.59,11.56,11.59,28076,32506850
20250613,13:15,000001,未知,11.59,11.59,11.57,11.57,17647,20435679
20250613,13:20,000001,未知,11.57,11.58,11.57,11.58,15151,17534695
20250613,13:25,000001,未知,11.57,11.58,11.56,11.56,20279,23458307
20250613,13:30,000001,未知,11.56,11.57,11.56,11.57,20481,23686291
20250613,13:35,000001,未知,11.56,11.58,11.56,11.58,17277,19995180
20250613,13:40,000001,未知,11.57,11.58,11.56,11.56,16539,19133881
20250613,13:45,000001,未知,11.56,11.58,11.56,11.57,9873,11420559
20250613,13:50,000001,未知,11.57,11.58,11.56,11.57,9202,10644041
20250613,13:55,000001,未知,11.57,11.58,11.56,11.58,16287,18842277
20250613,14:00,000001,未知,11.57,11.59,11.57,11.58,15283,17696773
20250613,14:05,000001,未知,11.58,11.6,11.57,11.59,13921,16131564
20250613,14:10,000001,未知,11.6,11.6,11.57,11.57,21513,24926340
20250613,14:15,000001,未知,11.58,11.59,11.57,11.58,7729,8950943
20250613,14:20,000001,未知,11.58,11.59,11.57,11.58,8134,9418069
20250613,14:25,000001,未知,11.58,11.59,11.58,11.58,7754,8984052
20250613,14:30,000001,未知,11.59,11.61,11.58,11.6,20185,23415182
20250613,14:35,000001,未知,11.6,11.6,11.59,11.6,12089,14018735
20250613,14:40,000001,未知,11.6,11.61,11.59,11.6,12499,14499651
20250613,14:45,000001,未知,11.6,11.61,11.59,11.59,9466,10978575
20250613,14:50,000001,未知,11.59,11.6,11.57,11.57,20148,23338083
20250613,14:55,000001,未知,11.57,11.59,11.57,11.58,45792,53026564
20250613,15:00,000001,未知,11.59,11.6,11.58,11.58,41186,47700199
20250616,09:35,000001,未知,11.57,11.61,11.57,11.57,67399,78066788
20250616,09:40,000001,未知,11.58,11.61,11.56,11.59,31604,36626742
20250616,09:45,000001,未知,11.6,11.6,11.54,11.54,48530,56100112
20250616,09:50,000001,未知,11.54,11.6,11.54,11.58,79993,92530604
20250616,09:55,000001,未知,11.58,11.61,11.57,11.59,19552,22663653
20250616,10:00,000001,未知,11.59,11.61,11.59,11.6,12549,14551139
20250616,10:05,000001,未知,11.6,11.61,11.6,11.6,17225,19985839
20250616,10:10,000001,未知,11.6,11.62,11.6,11.61,23802,27641072
20250616,10:15,000001,未知,11.61,11.62,11.58,11.59,29244,33906192
20250616,10:20,000001,未知,11.58,11.59,11.56,11.57,14961,17311872
20250616,10:25,000001,未知,11.57,11.59,11.56,11.58,15696,18165804
20250616,10:30,000001,未知,11.58,11.6,11.58,11.6,10016,11612360
20250616,10:35,000001,未知,11.6,11.6,11.58,11.59,10395,12044574
20250616,10:40,000001,未知,11.58,11.6,11.58,11.6,12768,14798739
20250616,10:45,000001,未知,11.59,11.6,11.58,11.59,7231,8378602
20250616,10:50,000001,未知,11.58,11.6,11.58,11.6,11457,13274142
20250616,10:55,000001,未知,11.6,11.62,11.59,11.61,20035,23257049
20250616,11:00,000001,未知,11.61,11.63,11.61,11.63,15346,17838162
20250616,11:05,000001,未知,11.62,11.65,11.62,11.65,34653,40307855
20250616,11:10,000001,未知,11.65,11.65,11.64,11.65,18449,21484255
20250616,11:15,000001,未知,11.65,11.66,11.64,11.64,17431,20307486
20250616,11:20,000001,未知,11.64,11.66,11.64,11.66,13723,15993500
20250616,11:25,000001,未知,11.65,11.68,11.65,11.68,24172,28200819
20250616,11:30,000001,未知,11.68,11.68,11.67,11.68,11781,13754598
20250616,13:05,000001,未知,11.67,11.68,11.65,11.68,26060,30409700
20250616,13:10,000001,未知,11.68,11.71,11.67,11.71,47863,55993333
20250616,13:15,000001,未知,11.71,11.72,11.69,11.69,29368,34395965
20250616,13:20,000001,未知,11.7,11.71,11.69,11.7,9939,11627658
20250616,13:25,000001,未知,11.7,11.71,11.69,11.7,9548,11173642
20250616,13:30,000001,未知,11.71,11.71,11.69,11.7,10055,11763754
20250616,13:35,000001,未知,11.7,11.71,11.69,11.71,14616,17103626
20250616,13:40,000001,未知,11.71,11.71,11.7,11.71,17446,20419745
20250616,13:45,000001,未知,11.71,11.73,11.71,11.72,31270,36651428
20250616,13:50,000001,未知,11.73,11.73,11.71,11.73,17376,20366464
20250616,13:55,000001,未知,11.72,11.73,11.72,11.73,11555,13550666
20250616,14:00,000001,未知,11.73,11.74,11.72,11.74,30346,35613862
20250616,14:05,000001,未知,11.74,11.74,11.73,11.74,19920,23377792
20250616,14:10,000001,未知,11.74,11.75,11.73,11.75,17818,20928597
20250616,14:15,000001,未知,11.75,11.77,11.75,11.77,43031,50596744
20250616,14:20,000001,未知,11.76,11.78,11.76,11.77,35471,41743741
20250616,14:25,000001,未知,11.77,11.78,11.76,11.77,22035,25950368
20250616,14:30,000001,未知,11.78,11.78,11.77,11.78,19924,23465075
20250616,14:35,000001,未知,11.78,11.78,11.77,11.78,34768,40952864
20250616,14:40,000001,未知,11.78,11.79,11.77,11.79,30978,36509020
20250616,14:45,000001,未知,11.79,11.79,11.77,11.77,18138,21364514
20250616,14:50,000001,未知,11.78,11.79,11.77,11.78,35376,41673049
20250616,14:55,000001,未知,11.78,11.79,11.77,11.79,26489,31204384
20250616,15:00,000001,未知,11.79,11.79,11.77,11.79,47036,55447097
20250617,09:35,000001,未知,11.79,11.86,11.79,11.81,102429,121091322
20250617,09:40,000001,未知,11.82,11.88,11.81,11.87,66381,78689985
20250617,09:45,000001,未知,11.86,11.87,11.81,11.83,51038,60417538
20250617,09:50,000001,未知,11.83,11.85,11.82,11.82,20218,23930558
20250617,09:55,000001,未知,11.82,11.83,11.78,11.8,27791,32795570
20250617,10:00,000001,未知,11.81,11.82,11.8,11.82,12610,14888520
20250617,10:05,000001,未知,11.82,11.83,11.8,11.81,14732,17402330
20250617,10:10,000001,未知,11.8,11.81,11.77,11.79,17424,20532452
20250617,10:15,000001,未知,11.78,11.8,11.78,11.79,10493,12370540
20250617,10:20,000001,未知,11.79,11.8,11.78,11.78,25815,30423038
20250617,10:25,000001,未知,11.79,11.8,11.77,11.78,29219,34427821
20250617,10:30,000001,未知,11.78,11.78,11.74,11.75,33104,38907783
20250617,10:35,000001,未知,11.75,11.75,11.71,11.72,39172,45942853
20250617,10:40,000001,未知,11.72,11.74,11.71,11.74,27432,32169326
20250617,10:45,000001,未知,11.74,11.76,11.73,11.75,21287,24997911
20250617,10:50,000001,未知,11.75,11.77,11.74,11.77,19925,23422703
20250617,10:55,000001,未知,11.77,11.78,11.75,11.75,13426,15799755
20250617,11:00,000001,未知,11.76,11.76,11.74,11.75,12839,15085057
20250617,11:05,000001,未知,11.76,11.77,11.75,11.76,21212,24946587
20250617,11:10,000001,未知,11.76,11.76,11.74,11.75,7850,9222465
20250617,11:15,000001,未知,11.74,11.77,11.74,11.75,8129,9561080
20250617,11:20,000001,未知,11.75,11.76,11.75,11.75,4957,5827475
20250617,11:25,000001,未知,11.75,11.76,11.74,11.75,5623,6608375
20250617,11:30,000001,未知,11.75,11.76,11.74,11.76,4089,4805355
20250617,13:05,000001,未知,11.76,11.78,11.75,11.76,13071,15377647
20250617,13:10,000001,未知,11.75,11.78,11.75,11.76,6343,7461963
20250617,13:15,000001,未知,11.76,11.78,11.76,11.78,5639,6636918
20250617,13:20,000001,未知,11.77,11.78,11.76,11.78,7975,9390077
20250617,13:25,000001,未知,11.77,11.8,11.77,11.78,22811,26892598
20250617,13:30,000001,未知,11.78,11.8,11.78,11.78,10553,12437256
20250617,13:35,000001,未知,11.79,11.8,11.77,11.79,10579,12467077
20250617,13:40,000001,未知,11.79,11.8,11.77,11.8,7036,8292088
20250617,13:45,000001,未知,11.79,11.8,11.77,11.77,13743,16200843
20250617,13:50,000001,未知,11.78,11.8,11.77,11.78,8875,10461978
20250617,13:55,000001,未知,11.79,11.79,11.77,11.78,9812,11557441
20250617,14:00,000001,未知,11.78,11.78,11.77,11.78,7003,8246730
20250617,14:05,000001,未知,11.78,11.78,11.77,11.77,19311,22731615
20250617,14:10,000001,未知,11.78,11.78,11.76,11.77,4865,5725630
20250617,14:15,000001,未知,11.76,11.79,11.76,11.79,18407,21673601
20250617,14:20,000001,未知,11.79,11.79,11.76,11.76,20829,24514202
20250617,14:25,000001,未知,11.76,11.78,11.76,11.77,11100,13060330
20250617,14:30,000001,未知,11.77,11.78,11.76,11.76,7033,8276742
20250617,14:35,000001,未知,11.77,11.77,11.75,11.77,16670,19598920
20250617,14:40,000001,未知,11.77,11.78,11.75,11.77,14948,17588042
20250617,14:45,000001,未知,11.78,11.78,11.76,11.78,13843,16296335
20250617,14:50,000001,未知,11.78,11.78,11.76,11.76,10558,12426130
20250617,14:55,000001,未知,11.77,11.78,11.76,11.76,17067,20084230
20250617,15:00,000001,未知,11.76,11.77,11.76,11.76,14761,17362078
20250618,09:35,000001,未知,11.78,11.81,11.76,11.79,47627,56159566
20250618,09:40,000001,未知,11.8,11.8,11.75,11.78,17499,20593202
20250618,09:45,000001,未知,11.79,11.81,11.78,11.8,27809,32807149
20250618,09:50,000001,未知,11.8,11.8,11.76,11.77,17602,20731519
20250618,09:55,000001,未知,11.76,11.77,11.75,11.76,21672,25478994
20250618,10:00,000001,未知,11.75,11.76,11.73,11.75,23533,27642959
20250618,10:05,000001,未知,11.75,11.76,11.73,11.74,23116,27149616
20250618,10:10,000001,未知,11.74,11.75,11.72,11.72,16358,19195957
20250618,10:15,000001,未知,11.72,11.73,11.7,11.7,37674,44124581
20250618,10:20,000001,未知,11.7,11.71,11.69,11.7,32281,37753480
20250618,10:25,000001,未知,11.7,11.7,11.67,11.68,26222,30631304
20250618,10:30,000001,未知,11.68,11.69,11.66,11.69,15843,18500705
20250618,10:35,000001,未知,11.68,11.72,11.68,11.72,15238,17840157
20250618,10:40,000001,未知,11.72,11.72,11.7,11.72,5175,6060395
20250618,10:45,000001,未知,11.71,11.74,11.71,11.73,13246,15532508
20250618,10:50,000001,未知,11.73,11.75,11.72,11.75,9851,11566129
20250618,10:55,000001,未知,11.75,11.75,11.73,11.75,8837,10376682
20250618,11:00,000001,未知,11.74,11.76,11.74,11.75,11887,13970425
20250618,11:05,000001,未知,11.76,11.76,11.71,11.72,14455,16965052
20250618,11:10,000001,未知,11.72,11.73,11.71,11.72,6165,7226065
20250618,11:15,000001,未知,11.72,11.75,11.72,11.74,6412,7524334
20250618,11:20,000001,未知,11.74,11.74,11.7,11.7,12005,14070434
20250618,11:25,000001,未知,11.71,11.74,11.7,11.73,5979,7006855
20250618,11:30,000001,未知,11.73,11.75,11.73,11.74,4496,5276412
20250618,13:05,000001,未知,11.74,11.74,11.71,11.74,11995,14066697
20250618,13:10,000001,未知,11.73,11.74,11.72,11.73,6170,7237893
20250618,13:15,000001,未知,11.72,11.75,11.72,11.75,7531,8842811
20250618,13:20,000001,未知,11.74,11.75,11.74,11.75,11381,13370710
20250618,13:25,000001,未知,11.74,11.76,11.74,11.75,7049,8284308
20250618,13:30,000001,未知,11.75,11.76,11.74,11.75,10658,12519007
20250618,13:35,000001,未知,11.75,11.75,11.74,11.75,5845,6865913
20250618,13:40,000001,未知,11.75,11.76,11.74,11.76,7475,8782185
20250618,13:45,000001,未知,11.76,11.76,11.75,11.76,13028,15318580
20250618,13:50,000001,未知,11.75,11.76,11.75,11.75,3908,4594024
20250618,13:55,000001,未知,11.75,11.76,11.75,11.76,8386,9859420
20250618,14:00,000001,未知,11.75,11.76,11.75,11.75,10084,11856844
20250618,14:05,000001,未知,11.76,11.77,11.75,11.76,14216,16718023
20250618,14:10,000001,未知,11.77,11.77,11.75,11.76,17210,20241443
20250618,14:15,000001,未知,11.76,11.77,11.75,11.76,6698,7876477
20250618,14:20,000001,未知,11.77,11.77,11.75,11.76,7372,8667869
20250618,14:25,000001,未知,11.75,11.77,11.75,11.77,9025,10612758
20250618,14:30,000001,未知,11.77,11.77,11.76,11.77,8127,9559221
20250618,14:35,000001,未知,11.77,11.77,11.76,11.77,8131,9565693
20250618,14:40,000001,未知,11.77,11.79,11.77,11.79,25950,30568465
20250618,14:45,000001,未知,11.79,11.79,11.77,11.78,10597,12483159
20250618,14:50,000001,未知,11.78,11.78,11.77,11.77,13732,16168920
20250618,14:55,000001,未知,11.77,11.78,11.77,11.77,17885,21057913
20250618,15:00,000001,未知,11.77,11.78,11.77,11.77,20086,23644572
20250619,09:35,000001,未知,11.76,11.77,11.72,11.73,53744,63108907
20250619,09:40,000001,未知,11.73,11.73,11.68,11.71,57094,66814546
20250619,09:45,000001,未知,11.7,11.71,11.68,11.69,29838,34901748
20250619,09:50,000001,未知,11.69,11.69,11.67,11.68,54001,63046217
20250619,09:55,000001,未知,11.69,11.7,11.68,11.7,23729,27734272
20250619,10:00,000001,未知,11.69,11.7,11.68,11.69,9413,11000940
20250619,10:05,000001,未知,11.7,11.72,11.68,11.69,24787,29003104
20250619,10:10,000001,未知,11.68,11.71,11.68,11.71,13398,15672868
20250619,10:15,000001,未知,11.7,11.74,11.7,11.73,14476,16969574
20250619,10:20,000001,未知,11.72,11.74,11.72,11.74,13079,15338584
20250619,10:25,000001,未知,11.74,11.74,11.71,11.71,9167,10751000
20250619,10:30,000001,未知,11.72,11.74,11.72,11.73,12088,14179354
20250619,10:35,000001,未知,11.73,11.75,11.72,11.73,30789,36133724
20250619,10:40,000001,未知,11.73,11.74,11.72,11.73,3173,3722406
20250619,10:45,000001,未知,11.74,11.77,11.74,11.77,17681,20787355
20250619,10:50,000001,未知,11.77,11.78,11.75,11.76,20436,24049483
20250619,10:55,000001,未知,11.76,11.78,11.76,11.76,8590,10109744
20250619,11:00,000001,未知,11.77,11.77,11.74,11.74,10236,12031439
20250619,11:05,000001,未知,11.74,11.75,11.72,11.74,11195,13139294
20250619,11:10,000001,未知,11.74,11.75,11.74,11.75,4601,5404010
20250619,11:15,000001,未知,11.75,11.75,11.71,11.72,13126,15394832
20250619,11:20,000001,未知,11.71,11.72,11.7,11.7,10428,12206607
20250619,11:25,000001,未知,11.7,11.71,11.69,11.7,10837,12682719
20250619,11:30,000001,未知,11.7,11.7,11.67,11.69,38030,44434922
20250619,13:05,000001,未知,11.69,11.69,11.66,11.67,27651,32283699
20250619,13:10,000001,未知,11.67,11.68,11.65,11.66,27363,31914996
20250619,13:15,000001,未知,11.66,11.69,11.66,11.68,14200,16570771
20250619,13:20,000001,未知,11.68,11.71,11.68,11.69,16212,18960801
20250619,13:25,000001,未知,11.69,11.71,11.69,11.71,7348,8599345
20250619,13:30,000001,未知,11.71,11.71,11.69,11.7,14805,17324334
20250619,13:35,000001,未知,11.7,11.72,11.7,11.71,4155,4866841
20250619,13:40,000001,未知,11.72,11.72,11.7,11.72,5492,6431971
20250619,13:45,000001,未知,11.72,11.73,11.71,11.71,7345,8610463
20250619,13:50,000001,未知,11.72,11.72,11.7,11.72,6804,7967953
20250619,13:55,000001,未知,11.72,11.72,11.69,11.69,14066,16458476
20250619,14:00,000001,未知,11.7,11.7,11.69,11.69,6103,7138904
20250619,14:05,000001,未知,11.69,11.7,11.69,11.69,8631,10095894
20250619,14:10,000001,未知,11.69,11.71,11.69,11.7,17277,20207931
20250619,14:15,000001,未知,11.71,11.72,11.69,11.71,6945,8126302
20250619,14:20,000001,未知,11.71,11.71,11.68,11.69,11034,12896230
20250619,14:25,000001,未知,11.68,11.7,11.68,11.68,10113,11821032
20250619,14:30,000001,未知,11.69,11.7,11.68,11.7,6130,7167951
20250619,14:35,000001,未知,11.69,11.7,11.67,11.67,13640,15934739
20250619,14:40,000001,未知,11.67,11.68,11.66,11.66,15633,18240056
20250619,14:45,000001,未知,11.66,11.69,11.66,11.69,15065,17581391
20250619,14:50,000001,未知,11.68,11.7,11.68,11.69,11463,13400311
20250619,14:55,000001,未知,11.69,11.72,11.68,11.71,42583,49844188
20250619,15:00,000001,未知,11.72,11.72,11.7,11.7,28253,33077554
20250620,09:35,000001,未知,11.7,11.73,11.67,11.7,76083,88984726
20250620,09:40,000001,未知,11.7,11.72,11.67,11.68,44797,52362032
20250620,09:45,000001,未知,11.68,11.73,11.68,11.73,42884,50209574
20250620,09:50,000001,未知,11.73,11.74,11.7,11.72,31104,36442479
20250620,09:55,000001,未知,11.71,11.73,11.71,11.72,17462,20468136
20250620,10:00,000001,未知,11.73,11.76,11.73,11.76,55318,64963789
20250620,10:05,000001,未知,11.75,11.77,11.74,11.75,34482,40522748
20250620,10:10,000001,未知,11.76,11.78,11.73,11.76,47556,55929252
20250620,10:15,000001,未知,11.76,11.79,11.75,11.78,44820,52789608
20250620,10:20,000001,未知,11.78,11.78,11.76,11.77,24710,29082849
20250620,10:25,000001,未知,11.77,11.78,11.76,11.76,32532,38295916
20250620,10:30,000001,未知,11.76,11.78,11.76,11.78,13694,16118850
20250620,10:35,000001,未知,11.78,11.8,11.77,11.79,46797,55175170
20250620,10:40,000001,未知,11.79,11.82,11.79,11.81,39748,46926854
20250620,10:45,000001,未知,11.81,11.83,11.81,11.82,26832,31720730
20250620,10:50,000001,未知,11.83,11.85,11.82,11.85,54693,64751081
20250620,10:55,000001,未知,11.85,11.86,11.84,11.85,24232,28709583
20250620,11:00,000001,未知,11.84,11.84,11.82,11.83,11552,13665574
20250620,11:05,000001,未知,11.84,11.85,11.83,11.83,20757,24569964
20250620,11:10,000001,未知,11.83,11.83,11.81,11.82,12175,14391824
20250620,11:15,000001,未知,11.81,11.83,11.81,11.83,12112,14320677
20250620,11:20,000001,未知,11.83,11.84,11.82,11.83,11260,13325391
20250620,11:25,000001,未知,11.84,11.84,11.82,11.83,9827,11624727
20250620,11:30,000001,未知,11.83,11.84,11.82,11.83,16841,19918244
20250620,13:05,000001,未知,11.84,11.85,11.83,11.83,54360,64361981
20250620,13:10,000001,未知,11.83,11.84,11.81,11.81,12172,14389428
20250620,13:15,000001,未知,11.81,11.83,11.81,11.82,15403,18208721
20250620,13:20,000001,未知,11.82,11.84,11.82,11.84,24602,29119264
20250620,13:25,000001,未知,11.85,11.85,11.83,11.84,29368,34787120
20250620,13:30,000001,未知,11.85,11.85,11.83,11.83,18219,21572929
20250620,13:35,000001,未知,11.83,11.85,11.83,11.83,24983,29579319
20250620,13:40,000001,未知,11.84,11.84,11.83,11.84,10198,12070825
20250620,13:45,000001,未知,11.84,11.85,11.83,11.84,16408,19429712
20250620,13:50,000001,未知,11.85,11.85,11.83,11.84,10648,12609479
20250620,13:55,000001,未知,11.85,11.85,11.84,11.85,27615,32707332
20250620,14:00,000001,未知,11.85,11.86,11.84,11.85,58682,69543297
20250620,14:05,000001,未知,11.85,11.86,11.84,11.85,22312,26440312
20250620,14:10,000001,未知,11.85,11.85,11.82,11.82,27181,32159886
20250620,14:15,000001,未知,11.83,11.83,11.81,11.82,22818,26963187
20250620,14:20,000001,未知,11.82,11.83,11.81,11.83,18504,21871754
20250620,14:25,000001,未知,11.83,11.84,11.82,11.83,10362,12257930
20250620,14:30,000001,未知,11.83,11.84,11.82,11.83,13260,15693541
20250620,14:35,000001,未知,11.83,11.84,11.82,11.83,24097,28520473
20250620,14:40,000001,未知,11.83,11.84,11.82,11.83,9496,11232118
20250620,14:45,000001,未知,11.83,11.83,11.81,11.82,10568,12493286
20250620,14:50,000001,未知,11.82,11.83,11.81,11.82,16409,19396147
20250620,14:55,000001,未知,11.83,11.84,11.82,11.84,27578,32635551
20250620,15:00,000001,未知,11.83,11.85,11.83,11.84,51687,61203000
20250623,09:35,000001,未知,11.81,11.84,11.77,11.8,81973,96760472
20250623,09:40,000001,未知,11.8,11.84,11.79,11.81,31861,37657844
20250623,09:45,000001,未知,11.81,11.84,11.79,11.79,57675,68133386
20250623,09:50,000001,未知,11.78,11.84,11.78,11.81,40889,48328164
20250623,09:55,000001,未知,11.81,11.83,11.72,11.73,79379,93283617
20250623,10:00,000001,未知,11.72,11.76,11.68,11.75,94314,110394662
20250623,10:05,000001,未知,11.75,11.75,11.73,11.73,23852,28005378
20250623,10:10,000001,未知,11.74,11.78,11.73,11.78,31864,37491190
20250623,10:15,000001,未知,11.77,11.79,11.77,11.77,16194,19073626
20250623,10:20,000001,未知,11.78,11.79,11.78,11.78,7598,8953660
20250623,10:25,000001,未知,11.79,11.8,11.77,11.79,23258,27423482
20250623,10:30,000001,未知,11.79,11.81,11.78,11.81,16736,19749197
20250623,10:35,000001,未知,11.81,11.82,11.8,11.81,14367,16964704
20250623,10:40,000001,未知,11.82,11.83,11.81,11.83,14765,17460114
20250623,10:45,000001,未知,11.84,11.85,11.83,11.84,35947,42556144
20250623,10:50,000001,未知,11.84,11.86,11.83,11.85,29487,34940065
20250623,10:55,000001,未知,11.86,11.86,11.84,11.85,11608,13754063
20250623,11:00,000001,未知,11.86,11.87,11.85,11.86,20569,24398948
20250623,11:05,000001,未知,11.86,11.88,11.85,11.86,28850,34229160
20250623,11:10,000001,未知,11.86,11.87,11.85,11.85,9956,11806409
20250623,11:15,000001,未知,11.85,11.87,11.85,11.87,10385,12317470
20250623,11:20,000001,未知,11.87,11.87,11.85,11.86,23224,27541591
20250623,11:25,000001,未知,11.85,11.86,11.85,11.85,10137,12017685
20250623,11:30,000001,未知,11.85,11.86,11.85,11.86,8110,9616123
20250623,13:05,000001,未知,11.86,11.86,11.84,11.86,29291,34717209
20250623,13:10,000001,未知,11.85,11.87,11.85,11.86,24085,28570476
20250623,13:15,000001,未知,11.86,11.9,11.86,11.89,54846,65183040
20250623,13:20,000001,未知,11.89,11.89,11.87,11.88,23028,27351537
20250623,13:25,000001,未知,11.88,11.88,11.86,11.87,7698,9138150
20250623,13:30,000001,未知,11.86,11.88,11.86,11.88,13400,15909641
20250623,13:35,000001,未知,11.89,11.92,11.88,11.92,81325,96788710
20250623,13:40,000001,未知,11.91,11.92,11.89,11.9,12274,14609695
20250623,13:45,000001,未知,11.9,11.9,11.88,11.89,10274,12216407
20250623,13:50,000001,未知,11.89,11.91,11.88,11.91,22377,26630582
20250623,13:55,000001,未知,11.9,11.92,11.9,11.91,13500,16079557
20250623,14:00,000001,未知,11.92,11.92,11.9,11.92,17596,20961532
20250623,14:05,000001,未知,11.91,11.93,11.9,11.92,35132,41889965
20250623,14:10,000001,未知,11.92,11.93,11.91,11.93,16096,19188866
20250623,14:15,000001,未知,11.92,11.94,11.92,11.93,22756,27152839
20250623,14:20,000001,未知,11.94,11.95,11.94,11.94,28735,34314950
20250623,14:25,000001,未知,11.94,11.95,11.93,11.95,37585,44890786
20250623,14:30,000001,未知,11.95,11.96,11.94,11.96,33592,40143903
20250623,14:35,000001,未知,11.95,11.97,11.94,11.94,38020,45454833
20250623,14:40,000001,未知,11.95,11.95,11.93,11.94,19747,23574494
20250623,14:45,000001,未知,11.93,11.94,11.93,11.93,24088,28743292
20250623,14:50,000001,未知,11.93,11.95,11.93,11.93,38296,45707292
20250623,14:55,000001,未知,11.94,11.95,11.93,11.94,22090,26370609
20250623,15:00,000001,未知,11.94,11.94,11.93,11.93,40341,48133378
20250624,09:35,000001,未知,11.9,11.93,11.87,11.93,102061,121509332
20250624,09:40,000001,未知,11.93,11.93,11.87,11.92,51057,60749062
20250624,09:45,000001,未知,11.93,11.95,11.92,11.93,44979,53681580
20250624,09:50,000001,未知,11.93,11.97,11.92,11.97,50255,60013935
20250624,09:55,000001,未知,11.97,11.99,11.96,11.98,47504,56877094
20250624,10:00,000001,未知,11.97,12,11.97,12,50186,60159332
20250624,10:05,000001,未知,11.99,12,11.97,11.99,44141,52925866
20250624,10:10,000001,未知,11.99,12,11.95,11.98,45358,54328183
20250624,10:15,000001,未知,11.98,12,11.98,11.99,55313,66347236
20250624,10:20,000001,未知,12,12,11.95,11.95,36551,43753550
20250624,10:25,000001,未知,11.95,11.95,11.88,11.9,74615,88806233
20250624,10:30,000001,未知,11.89,11.89,11.86,11.87,59338,70486884
20250624,10:35,000001,未知,11.86,11.88,11.84,11.87,74531,88358190
20250624,10:40,000001,未知,11.87,11.89,11.85,11.88,41865,49675652
20250624,10:45,000001,未知,11.88,11.91,11.88,11.91,17530,20860584
20250624,10:50,000001,未知,11.9,11.93,11.9,11.93,18998,22640212
20250624,10:55,000001,未知,11.93,11.93,11.92,11.92,17423,20775738
20250624,11:00,000001,未知,11.92,11.94,11.92,11.92,26430,31545683
20250624,11:05,000001,未知,11.93,11.95,11.92,11.95,25740,30711054
20250624,11:10,000001,未知,11.94,11.95,11.93,11.93,9414,11234770
20250624,11:15,000001,未知,11.93,11.94,11.93,11.94,13954,16651991
20250624,11:20,000001,未知,11.94,11.95,11.93,11.94,14230,16991050
20250624,11:25,000001,未知,11.95,11.95,11.94,11.94,7120,8504514
20250624,11:30,000001,未知,11.95,11.95,11.92,11.92,16978,20257079
20250624,13:05,000001,未知,11.92,11.95,11.91,11.94,37287,44506387
20250624,13:10,000001,未知,11.94,11.94,11.92,11.93,10349,12346037
20250624,13:15,000001,未知,11.93,11.93,11.91,11.92,11171,13314989
20250624,13:20,000001,未知,11.93,11.93,11.91,11.91,14436,17198970
20250624,13:25,000001,未知,11.92,11.92,11.9,11.91,9927,11824484
20250624,13:30,000001,未知,11.92,11.93,11.91,11.92,13002,15494749
20250624,13:35,000001,未知,11.92,11.93,11.91,11.92,13740,16376202
20250624,13:40,000001,未知,11.92,11.93,11.91,11.92,11553,13774231
20250624,13:45,000001,未知,11.92,11.93,11.92,11.93,4626,5515473
20250624,13:50,000001,未知,11.93,11.94,11.92,11.94,12570,14994992
20250624,13:55,000001,未知,11.94,11.95,11.93,11.93,19916,23784055
20250624,14:00,000001,未知,11.94,11.94,11.92,11.92,9481,11311926
20250624,14:05,000001,未知,11.92,11.93,11.91,11.92,16312,19442718
20250624,14:10,000001,未知,11.92,11.92,11.91,11.92,6400,7628005
20250624,14:15,000001,未知,11.91,11.92,11.91,11.92,10308,12284654
20250624,14:20,000001,未知,11.91,11.92,11.9,11.91,19248,22924762
20250624,14:25,000001,未知,11.91,11.92,11.9,11.91,12123,14442782
20250624,14:30,000001,未知,11.91,11.92,11.91,11.92,11403,13587270
20250624,14:35,000001,未知,11.91,11.92,11.91,11.92,10716,12770771
20250624,14:40,000001,未知,11.91,11.92,11.91,11.91,8259,9842354
20250624,14:45,000001,未知,11.91,11.93,11.91,11.93,23264,27733751
20250624,14:50,000001,未知,11.93,11.93,11.92,11.93,14994,17881469
20250624,14:55,000001,未知,11.93,11.93,11.92,11.92,25417,30315086
20250624,15:00,000001,未知,11.93,11.93,11.92,11.93,36452,43478130
20250625,09:35,000001,未知,11.93,11.97,11.91,11.97,78045,93233008
20250625,09:40,000001,未知,11.97,11.97,11.92,11.94,42715,51033373
20250625,09:45,000001,未知,11.94,11.94,11.91,11.94,24638,29394467
20250625,09:50,000001,未知,11.94,11.96,11.93,11.95,23903,28551351
20250625,09:55,000001,未知,11.94,11.95,11.9,11.91,41167,49080457
20250625,10:00,000001,未知,11.91,11.92,11.87,11.87,51831,61635269
20250625,10:05,000001,未知,11.87,11.88,11.85,11.85,52730,62575616
20250625,10:10,000001,未知,11.85,11.86,11.83,11.85,72352,85695959
20250625,10:15,000001,未知,11.85,11.86,11.84,11.85,31199,36961042
20250625,10:20,000001,未知,11.85,11.89,11.85,11.86,24593,29189266
20250625,10:25,000001,未知,11.86,11.9,11.86,11.88,27769,32988189
20250625,10:30,000001,未知,11.88,11.89,11.87,11.88,14053,16691397
20250625,10:35,000001,未知,11.88,11.9,11.87,11.9,17984,21375807
20250625,10:40,000001,未知,11.9,11.93,11.89,11.92,23499,27996064
20250625,10:45,000001,未知,11.92,11.95,11.92,11.94,31885,38065879
20250625,10:50,000001,未知,11.95,11.97,11.93,11.97,57215,68407924
20250625,10:55,000001,未知,11.97,11.99,11.96,11.99,36633,43881472
20250625,11:00,000001,未知,11.99,11.99,11.96,11.97,27194,32571355
20250625,11:05,000001,未知,11.97,12,11.97,11.99,44707,53608956
20250625,11:10,000001,未知,12,12,11.96,11.99,51447,61630000
20250625,11:15,000001,未知,11.98,12,11.98,11.99,31933,38279043
20250625,11:20,000001,未知,12,12,11.98,11.99,20388,24450349
20250625,11:25,000001,未知,11.99,12,11.99,12,28801,34552958
20250625,11:30,000001,未知,12,12.02,11.99,12.01,48199,57863018
20250625,13:05,000001,未知,12.01,12.05,12,12.01,113993,137116943
20250625,13:10,000001,未知,12.01,12.04,12.01,12.04,22078,26557051
20250625,13:15,000001,未知,12.03,12.04,12.02,12.03,20090,24164115
20250625,13:20,000001,未知,12.03,12.04,12.02,12.03,20482,24645352
20250625,13:25,000001,未知,12.03,12.06,12.02,12.06,61749,74407931
20250625,13:30,000001,未知,12.06,12.07,12.05,12.06,24421,29464508
20250625,13:35,000001,未知,12.07,12.07,12.05,12.06,18979,22885190
20250625,13:40,000001,未知,12.07,12.07,12.05,12.06,19084,23016642
20250625,13:45,000001,未知,12.06,12.06,12.03,12.03,21896,26386279
20250625,13:50,000001,未知,12.04,12.04,12.02,12.03,19767,23786882
20250625,13:55,000001,未知,12.04,12.06,12.03,12.05,24713,29773802
20250625,14:00,000001,未知,12.06,12.06,12.04,12.04,27720,33412199
20250625,14:05,000001,未知,12.04,12.07,12.04,12.05,29093,35084533
20250625,14:10,000001,未知,12.05,12.07,12.05,12.07,27461,33115518
20250625,14:15,000001,未知,12.06,12.08,12.06,12.07,42295,51055698
20250625,14:20,000001,未知,12.06,12.08,12.06,12.07,26926,32505211
20250625,14:25,000001,未知,12.06,12.08,12.06,12.07,33289,40195240
20250625,14:30,000001,未知,12.08,12.08,12.06,12.07,30518,36837452
20250625,14:35,000001,未知,12.07,12.07,12.05,12.06,20240,24409770
20250625,14:40,000001,未知,12.05,12.07,12.04,12.07,35880,43252037
20250625,14:45,000001,未知,12.06,12.07,12.05,12.05,22549,27186612
20250625,14:50,000001,未知,12.06,12.06,12.04,12.05,32608,39296849
20250625,14:55,000001,未知,12.05,12.06,12.04,12.05,36752,44288553
20250625,15:00,000001,未知,12.05,12.07,12.05,12.06,37653,45403545
20250626,09:35,000001,未知,12.05,12.09,12.02,12.04,79391,95718409
20250626,09:40,000001,未知,12.04,12.07,12.04,12.07,24478,29507484
20250626,09:45,000001,未知,12.07,12.14,12.07,12.13,84399,102186207
20250626,09:50,000001,未知,12.14,12.17,12.13,12.17,67696,82246515
20250626,09:55,000001,未知,12.16,12.21,12.14,12.19,104502,127294618
20250626,10:00,000001,未知,12.19,12.19,12.12,12.13,58408,71010504
20250626,10:05,000001,未知,12.13,12.13,12.09,12.11,53366,64607042
20250626,10:10,000001,未知,12.11,12.14,12.1,12.1,24504,29692348
20250626,10:15,000001,未知,12.1,12.11,12.08,12.1,27632,33416998
20250626,10:20,000001,未知,12.1,12.1,12.08,12.08,18129,21909945
20250626,10:25,000001,未知,12.08,12.13,12.08,12.13,14869,18005840
20250626,10:30,000001,未知,12.14,12.16,12.12,12.14,19722,23934914
20250626,10:35,000001,未知,12.15,12.16,12.14,12.16,14872,18072415
20250626,10:40,000001,未知,12.16,12.17,12.14,12.15,24769,30104249
20250626,10:45,000001,未知,12.16,12.18,12.15,12.16,19190,23343565
20250626,10:50,000001,未知,12.15,12.2,12.15,12.2,37830,46093484
20250626,10:55,000001,未知,12.2,12.22,12.18,12.18,41723,50906934
20250626,11:00,000001,未知,12.18,12.19,12.17,12.17,8272,10073031
20250626,11:05,000001,未知,12.17,12.2,12.17,12.2,21080,25688844
20250626,11:10,000001,未知,12.19,12.23,12.19,12.23,47686,58244893
20250626,11:15,000001,未知,12.22,12.33,12.22,12.33,125804,154356933
20250626,11:20,000001,未知,12.32,12.37,12.31,12.34,110049,135784433
20250626,11:25,000001,未知,12.33,12.35,12.32,12.33,42928,52961746
20250626,11:30,000001,未知,12.32,12.33,12.29,12.3,22905,28189213
20250626,13:05,000001,未知,12.31,12.33,12.27,12.32,49051,60325110
20250626,13:10,000001,未知,12.32,12.34,12.31,12.31,18816,23192401
20250626,13:15,000001,未知,12.32,12.34,12.3,12.3,34270,42226622
20250626,13:20,000001,未知,12.31,12.33,12.29,12.32,26880,33079047
20250626,13:25,000001,未知,12.32,12.35,12.32,12.35,38460,47472627
20250626,13:30,000001,未知,12.34,12.37,12.34,12.36,59592,73623986
20250626,13:35,000001,未知,12.36,12.38,12.35,12.38,47370,58565051
20250626,13:40,000001,未知,12.37,12.41,12.37,12.41,94469,117061624
20250626,13:45,000001,未知,12.4,12.43,12.37,12.39,58429,72489235
20250626,13:50,000001,未知,12.39,12.4,12.37,12.38,35402,43842264
20250626,13:55,000001,未知,12.38,12.41,12.36,12.4,58800,72847640
20250626,14:00,000001,未知,12.4,12.43,12.39,12.42,60499,75086871
20250626,14:05,000001,未知,12.42,12.47,12.41,12.44,123578,153832098
20250626,14:10,000001,未知,12.44,12.45,12.41,12.43,37834,47006341
20250626,14:15,000001,未知,12.42,12.43,12.4,12.4,30246,37540129
20250626,14:20,000001,未知,12.4,12.45,12.4,12.43,39526,49127459
20250626,14:25,000001,未知,12.42,12.43,12.4,12.4,25230,31328586
20250626,14:30,000001,未知,12.41,12.42,12.4,12.42,30162,37437885
20250626,14:35,000001,未知,12.41,12.42,12.4,12.41,30535,37890682
20250626,14:40,000001,未知,12.4,12.42,12.4,12.41,33028,40993897
20250626,14:45,000001,未知,12.4,12.41,12.39,12.41,32677,40522977
20250626,14:50,000001,未知,12.4,12.41,12.4,12.41,29765,36928705
20250626,14:55,000001,未知,12.41,12.41,12.39,12.4,43019,53358785
20250626,15:00,000001,未知,12.4,12.41,12.39,12.41,42736,53001624
20250627,09:35,000001,未知,12.37,12.43,12.36,12.39,176206,218477382
20250627,09:40,000001,未知,12.39,12.47,12.39,12.42,108528,135056448
20250627,09:45,000001,未知,12.42,12.52,12.42,12.49,92658,115675796
20250627,09:50,000001,未知,12.48,12.55,12.46,12.54,87247,109121448
20250627,09:55,000001,未知,12.54,12.57,12.52,12.55,77004,96617356
20250627,10:00,000001,未知,12.56,12.57,12.46,12.49,87771,109982464
20250627,10:05,000001,未知,12.5,12.54,12.48,12.54,46106,57676723
20250627,10:10,000001,未知,12.54,12.58,12.54,12.57,82430,103569151
20250627,10:15,000001,未知,12.58,12.58,12.51,12.53,33822,42394608
20250627,10:20,000001,未知,12.52,12.54,12.5,12.51,63222,79096063
20250627,10:25,000001,未知,12.52,12.52,12.48,12.5,48743,60932717
20250627,10:30,000001,未知,12.5,12.53,12.49,12.51,30495,38159631
20250627,10:35,000001,未知,12.51,12.52,12.49,12.5,28063,35084294
20250627,10:40,000001,未知,12.49,12.49,12.4,12.4,102124,127040390
20250627,10:45,000001,未知,12.41,12.41,12.37,12.39,67393,83470623
20250627,10:50,000001,未知,12.4,12.43,12.38,12.43,49406,61238137
20250627,10:55,000001,未知,12.43,12.45,12.41,12.45,23969,29804329
20250627,11:00,000001,未知,12.45,12.45,12.42,12.42,14686,18267218
20250627,11:05,000001,未知,12.43,12.43,12.38,12.38,22592,28049691
20250627,11:10,000001,未知,12.38,12.4,12.37,12.38,40249,49833797
20250627,11:15,000001,未知,12.39,12.39,12.34,12.35,83094,102722637
20250627,11:20,000001,未知,12.36,12.37,12.35,12.36,28279,34956485
20250627,11:25,000001,未知,12.36,12.36,12.29,12.3,90346,111246278
20250627,11:30,000001,未知,12.29,12.34,12.29,12.32,26055,32087462
20250627,13:05,000001,未知,12.32,12.32,12.29,12.29,63589,78232549
20250627,13:10,000001,未知,12.29,12.3,12.26,12.26,48047,58960876
20250627,13:15,000001,未知,12.26,12.26,12.2,12.21,71646,87592159
20250627,13:20,000001,未知,12.21,12.22,12.17,12.21,53874,65693879
20250627,13:25,000001,未知,12.21,12.22,12.18,12.2,40511,49416741
20250627,13:30,000001,未知,12.2,12.21,12.17,12.21,43164,52596224
20250627,13:35,000001,未知,12.21,12.24,12.2,12.23,39748,48580019
20250627,13:40,000001,未知,12.22,12.22,12.17,12.17,32045,39091792
20250627,13:45,000001,未知,12.17,12.19,12.16,12.16,48594,59137433
20250627,13:50,000001,未知,12.17,12.18,12.16,12.17,30628,37266975
20250627,13:55,000001,未知,12.17,12.17,12.15,12.16,28824,35049266
20250627,14:00,000001,未知,12.16,12.16,12.14,12.15,32258,39188737
20250627,14:05,000001,未知,12.15,12.17,12.13,12.14,29115,35374095
20250627,14:10,000001,未知,12.14,12.17,12.13,12.17,29685,36052627
20250627,14:15,000001,未知,12.18,12.18,12.15,12.17,23921,29087673
20250627,14:20,000001,未知,12.16,12.18,12.16,12.17,16009,19480209
20250627,14:25,000001,未知,12.17,12.18,12.16,12.18,13373,16274761
20250627,14:30,000001,未知,12.18,12.2,12.17,12.19,27737,33785804
20250627,14:35,000001,未知,12.19,12.2,12.16,12.17,29605,36056693
20250627,14:40,000001,未知,12.16,12.19,12.16,12.18,33048,40221528
20250627,14:45,000001,未知,12.18,12.18,12.16,12.17,32305,39318190
20250627,14:50,000001,未知,12.16,12.17,12.16,12.16,23737,28878456
20250627,14:55,000001,未知,12.16,12.18,12.16,12.16,34761,42310807
20250627,15:00,000001,未知,12.17,12.2,12.16,12.2,40888,49837100
20250630,09:35,000001,未知,12.14,12.16,12.04,12.14,211807,256326186
20250630,09:40,000001,未知,12.15,12.16,12.11,12.12,59936,72704908
20250630,09:45,000001,未知,12.12,12.13,12.03,12.07,116528,140578303
20250630,09:50,000001,未知,12.07,12.07,12.01,12.02,81294,97809216
20250630,09:55,000001,未知,12.02,12.04,12.01,12.04,65412,78662064
20250630,10:00,000001,未知,12.04,12.05,12.03,12.05,38237,46030808
20250630,10:05,000001,未知,12.04,12.05,11.98,11.99,107239,128731634
20250630,10:10,000001,未知,12,12.04,12,12.04,32844,39464401
20250630,10:15,000001,未知,12.04,12.05,12.03,12.04,24392,29372814
20250630,10:20,000001,未知,12.04,12.04,12.01,12.04,22952,27598894
20250630,10:25,000001,未知,12.04,12.05,12.03,12.05,17605,21198738
20250630,10:30,000001,未知,12.05,12.05,12.02,12.03,17934,21581889
20250630,10:35,000001,未知,12.04,12.05,12.02,12.04,15682,18878603
20250630,10:40,000001,未知,12.04,12.05,12.02,12.05,24388,29364719
20250630,10:45,000001,未知,12.05,12.08,12.05,12.06,20640,24899261
20250630,10:50,000001,未知,12.05,12.06,12.03,12.03,17135,20634255
20250630,10:55,000001,未知,12.03,12.05,12.03,12.04,13801,16614214
20250630,11:00,000001,未知,12.05,12.05,12.02,12.03,9865,11874052
20250630,11:05,000001,未知,12.03,12.03,12,12,22589,27146132
20250630,11:10,000001,未知,12,12.02,12,12,19605,23538040
20250630,11:15,000001,未知,12,12.01,11.99,11.99,33622,40328641
20250630,11:20,000001,未知,11.99,12,11.98,11.99,18185,21802911
20250630,11:25,000001,未知,11.99,12,11.98,11.98,16920,20286846
20250630,11:30,000001,未知,11.99,12,11.97,11.97,38474,46089908
20250630,13:05,000001,未知,11.97,12,11.97,11.99,40162,48095909
20250630,13:10,000001,未知,11.98,12.01,11.98,12.01,15354,18421085
20250630,13:15,000001,未知,12.01,12.02,12,12.01,14513,17425316
20250630,13:20,000001,未知,12,12.03,12,12.02,20622,24770449
20250630,13:25,000001,未知,12.03,12.04,12.02,12.02,19165,23053850
20250630,13:30,000001,未知,12.01,12.03,12,12.01,14680,17640141
20250630,13:35,000001,未知,12.01,12.03,12,12.01,10197,12251435
20250630,13:40,000001,未知,12.01,12.03,12.01,12.01,14016,16852971
20250630,13:45,000001,未知,12.02,12.02,11.99,12.02,17252,20719344
20250630,13:50,000001,未知,12.01,12.04,12.01,12.04,15918,19141042
20250630,13:55,000001,未知,12.03,12.06,12.03,12.04,23908,28805551
20250630,14:00,000001,未知,12.05,12.05,12.03,12.04,14709,17711270
20250630,14:05,000001,未知,12.04,12.04,12.03,12.04,12670,15246208
20250630,14:10,000001,未知,12.03,12.05,12.03,12.04,9139,11005451
20250630,14:15,000001,未知,12.05,12.05,12.04,12.05,9387,11308837
20250630,14:20,000001,未知,12.05,12.05,12.03,12.03,14632,17620822
20250630,14:25,000001,未知,12.04,12.05,12.03,12.05,10688,12874632
20250630,14:30,000001,未知,12.05,12.09,12.05,12.08,40603,49002906
20250630,14:35,000001,未知,12.08,12.08,12.06,12.06,25025,30209202
20250630,14:40,000001,未知,12.07,12.07,12.05,12.05,15452,18634323
20250630,14:45,000001,未知,12.06,12.07,12.05,12.05,17913,21601139
20250630,14:50,000001,未知,12.06,12.07,12.05,12.07,15840,19105711
20250630,14:55,000001,未知,12.07,12.07,12.06,12.07,32488,39199204
20250630,15:00,000001,未知,12.06,12.07,12.05,12.07,33401,40306900
20250701,09:35,000001,未知,12.06,12.11,12.06,12.1,72428,87536561
20250701,09:40,000001,未知,12.11,12.13,12.07,12.12,50472,61087372
20250701,09:45,000001,未知,12.12,12.15,12.1,12.15,71216,86386598
20250701,09:50,000001,未知,12.15,12.18,12.14,12.15,64161,78030634
20250701,09:55,000001,未知,12.16,12.19,12.16,12.17,54234,66020431
20250701,10:00,000001,未知,12.18,12.2,12.16,12.16,33971,41377750
20250701,10:05,000001,未知,12.17,12.2,12.16,12.19,40784,49697239
20250701,10:10,000001,未知,12.19,12.19,12.17,12.18,14657,17852842
20250701,10:15,000001,未知,12.18,12.18,12.15,12.16,32398,39418246
20250701,10:20,000001,未知,12.17,12.17,12.15,12.16,27157,33016097
20250701,10:25,000001,未知,12.16,12.17,12.15,12.17,24834,30192505
20250701,10:30,000001,未知,12.16,12.18,12.15,12.16,21449,26086403
20250701,10:35,000001,未知,12.16,12.19,12.15,12.19,25833,31455088
20250701,10:40,000001,未知,12.18,12.2,12.18,12.18,33711,41092987
20250701,10:45,000001,未知,12.18,12.2,12.18,12.19,22764,27744548
20250701,10:50,000001,未知,12.2,12.2,12.18,12.2,22247,27118625
20250701,10:55,000001,未知,12.2,12.22,12.19,12.19,37362,45592067
20250701,11:00,000001,未知,12.2,12.24,12.19,12.23,33966,41487221
20250701,11:05,000001,未知,12.24,12.26,12.23,12.25,44007,53887245
20250701,11:10,000001,未知,12.25,12.27,12.24,12.26,28262,34623638
20250701,11:15,000001,未知,12.25,12.27,12.25,12.26,27592,33825431
20250701,11:20,000001,未知,12.26,12.26,12.23,12.24,25703,31466029
20250701,11:25,000001,未知,12.25,12.26,12.24,12.25,10368,12698319
20250701,11:30,000001,未知,12.24,12.25,12.23,12.24,24678,30201339
20250701,13:05,000001,未知,12.24,12.25,12.21,12.23,26952,32955464
20250701,13:10,000001,未知,12.24,12.24,12.2,12.2,14765,18032145
20250701,13:15,000001,未知,12.2,12.25,12.2,12.23,17228,21057392
20250701,13:20,000001,未知,12.24,12.25,12.22,12.24,19247,23553349
20250701,13:25,000001,未知,12.24,12.25,12.23,12.23,21929,26850830
20250701,13:30,000001,未知,12.24,12.25,12.22,12.22,16848,20618253
20250701,13:35,000001,未知,12.22,12.24,12.22,12.23,14043,17172896
20250701,13:40,000001,未知,12.23,12.25,12.22,12.24,12170,14896615
20250701,13:45,000001,未知,12.24,12.25,12.23,12.25,14250,17446308
20250701,13:50,000001,未知,12.24,12.25,12.23,12.24,12938,15838149
20250701,13:55,000001,未知,12.24,12.25,12.23,12.24,10046,12295441
20250701,14:00,000001,未知,12.24,12.24,12.22,12.22,8513,10410267
20250701,14:05,000001,未知,12.22,12.26,12.22,12.26,22714,27824632
20250701,14:10,000001,未知,12.26,12.26,12.25,12.26,11191,13713341
20250701,14:15,000001,未知,12.25,12.28,12.25,12.27,37368,45848262
20250701,14:20,000001,未知,12.27,12.32,12.27,12.3,45884,56423810
20250701,14:25,000001,未知,12.31,12.33,12.3,12.31,30916,38062029
20250701,14:30,000001,未知,12.31,12.32,12.3,12.31,14011,17246089
20250701,14:35,000001,未知,12.31,12.31,12.26,12.27,17309,21262642
20250701,14:40,000001,未知,12.28,12.28,12.27,12.28,21153,25967097
20250701,14:45,000001,未知,12.28,12.31,12.27,12.31,28551,35115171
20250701,14:50,000001,未知,12.3,12.31,12.29,12.3,17810,21914078
20250701,14:55,000001,未知,12.31,12.32,12.3,12.31,42093,51835466
20250701,15:00,000001,未知,12.31,12.32,12.3,12.3,32158,39579570
20250702,09:35,000001,未知,12.31,12.38,12.3,12.35,98587,121694668
20250702,09:40,000001,未知,12.35,12.35,12.3,12.3,95619,117761652
20250702,09:45,000001,未知,12.3,12.32,12.25,12.25,59852,73577962
20250702,09:50,000001,未知,12.24,12.29,12.24,12.27,62877,77094764
20250702,09:55,000001,未知,12.27,12.32,12.27,12.31,36731,45182697
20250702,10:00,000001,未知,12.32,12.32,12.28,12.3,20977,25794859
20250702,10:05,000001,未知,12.3,12.33,12.3,12.33,22689,27953535
20250702,10:10,000001,未知,12.32,12.35,12.32,12.32,31196,38477517
20250702,10:15,000001,未知,12.32,12.38,12.32,12.38,48899,60377361
20250702,10:20,000001,未知,12.38,12.39,12.36,12.39,37864,46871073
20250702,10:25,000001,未知,12.39,12.39,12.36,12.38,22914,28357543
20250702,10:30,000001,未知,12.38,12.38,12.34,12.36,26557,32800705
20250702,10:35,000001,未知,12.36,12.36,12.35,12.35,13277,16405767
20250702,10:40,000001,未知,12.36,12.36,12.34,12.35,7327,9048293
20250702,10:45,000001,未知,12.35,12.39,12.35,12.39,27546,34067863
20250702,10:50,000001,未知,12.39,12.4,12.38,12.4,42821,53075380
20250702,10:55,000001,未知,12.4,12.4,12.38,12.4,14683,18198988
20250702,11:00,000001,未知,12.39,12.4,12.37,12.37,16079,19914063
20250702,11:05,000001,未知,12.37,12.39,12.37,12.37,12597,15594745
20250702,11:10,000001,未知,12.37,12.4,12.37,12.39,15242,18880987
20250702,11:15,000001,未知,12.4,12.41,12.39,12.39,14130,17518262
20250702,11:20,000001,未知,12.39,12.4,12.37,12.38,15966,19771855
20250702,11:25,000001,未知,12.38,12.39,12.37,12.37,8293,10263157
20250702,11:30,000001,未知,12.38,12.38,12.36,12.37,13061,16155127
20250702,13:05,000001,未知,12.37,12.37,12.34,12.37,35336,43663836
20250702,13:10,000001,未知,12.36,12.37,12.35,12.36,8367,10340519
20250702,13:15,000001,未知,12.37,12.39,12.36,12.37,12603,15596839
20250702,13:20,000001,未知,12.37,12.38,12.34,12.35,16944,20933946
20250702,13:25,000001,未知,12.35,12.35,12.33,12.34,17384,21453870
20250702,13:30,000001,未知,12.34,12.35,12.33,12.33,24954,30787251
20250702,13:35,000001,未知,12.34,12.36,12.33,12.36,19697,24326451
20250702,13:40,000001,未知,12.35,12.39,12.35,12.37,42531,52614781
20250702,13:45,000001,未知,12.37,12.39,12.37,12.38,13547,16771545
20250702,13:50,000001,未知,12.37,12.38,12.36,12.37,18346,22692103
20250702,13:55,000001,未知,12.37,12.38,12.36,12.38,24404,30200332
20250702,14:00,000001,未知,12.38,12.38,12.36,12.37,9240,11431036
20250702,14:05,000001,未知,12.37,12.37,12.35,12.37,17056,21077848
20250702,14:10,000001,未知,12.37,12.38,12.37,12.38,9623,11907982
20250702,14:15,000001,未知,12.37,12.38,12.37,12.38,12697,15713201
20250702,14:20,000001,未知,12.38,12.38,12.35,12.35,24648,30477185
20250702,14:25,000001,未知,12.36,12.37,12.35,12.36,11378,14061160
20250702,14:30,000001,未知,12.36,12.37,12.35,12.35,17882,22093240
20250702,14:35,000001,未知,12.36,12.37,12.35,12.36,11216,13862191
20250702,14:40,000001,未知,12.35,12.36,12.34,12.35,12380,15294337
20250702,14:45,000001,未知,12.35,12.35,12.33,12.34,16766,20686132
20250702,14:50,000001,未知,12.33,12.34,12.32,12.32,19869,24496509
20250702,14:55,000001,未知,12.33,12.33,12.32,12.32,17310,21334871
20250702,15:00,000001,未知,12.33,12.33,12.32,12.32,20450,25198515
20250703,09:35,000001,未知,12.33,12.35,12.28,12.33,83613,102983544
20250703,09:40,000001,未知,12.34,12.34,12.29,12.31,33611,41385102
20250703,09:45,000001,未知,12.31,12.33,12.29,12.33,26975,33192480
20250703,09:50,000001,未知,12.34,12.38,12.33,12.38,37971,46919137
20250703,09:55,000001,未知,12.38,12.39,12.36,12.39,37506,46421481
20250703,10:00,000001,未知,12.39,12.42,12.38,12.4,39258,48690330
20250703,10:05,000001,未知,12.41,12.41,12.36,12.36,28399,35162934
20250703,10:10,000001,未知,12.36,12.36,12.31,12.34,43506,53645268
20250703,10:15,000001,未知,12.34,12.35,12.3,12.3,27580,33973955
20250703,10:20,000001,未知,12.3,12.34,12.28,12.31,30092,37013417
20250703,10:25,000001,未知,12.31,12.35,12.31,12.33,23660,29169606
20250703,10:30,000001,未知,12.33,12.34,12.32,12.32,7207,8883326
20250703,10:35,000001,未知,12.33,12.34,12.32,12.34,6901,8509242
20250703,10:40,000001,未知,12.34,12.35,12.33,12.33,8532,10527685
20250703,10:45,000001,未知,12.33,12.33,12.32,12.32,7366,9077774
20250703,10:50,000001,未知,12.33,12.35,12.32,12.34,11687,14418462
20250703,10:55,000001,未知,12.33,12.35,12.33,12.34,7493,9246572
20250703,11:00,000001,未知,12.35,12.35,12.33,12.34,8523,10515904
20250703,11:05,000001,未知,12.34,12.36,12.33,12.35,13074,16141299
20250703,11:10,000001,未知,12.35,12.37,12.35,12.36,19257,23801959
20250703,11:15,000001,未知,12.36,12.37,12.35,12.36,7729,9554058
20250703,11:20,000001,未知,12.36,12.37,12.36,12.37,5880,7270256
20250703,11:25,000001,未知,12.36,12.37,12.35,12.37,4172,5155577
20250703,11:30,000001,未知,12.36,12.38,12.35,12.37,11322,14001002
20250703,13:05,000001,未知,12.37,12.38,12.35,12.36,21182,26194616
20250703,13:10,000001,未知,12.36,12.38,12.36,12.38,4358,5389398
20250703,13:15,000001,未知,12.38,12.38,12.37,12.37,9581,11853765
20250703,13:20,000001,未知,12.37,12.39,12.37,12.39,13889,17201814
20250703,13:25,000001,未知,12.39,12.39,12.37,12.38,7969,9864699
20250703,13:30,000001,未知,12.38,12.39,12.37,12.39,7150,8848323
20250703,13:35,000001,未知,12.38,12.39,12.37,12.37,8749,10830764
20250703,13:40,000001,未知,12.37,12.39,12.37,12.38,7786,9637912
20250703,13:45,000001,未知,12.39,12.39,12.38,12.39,7283,9020469
20250703,13:50,000001,未知,12.39,12.39,12.37,12.38,12771,15814902
20250703,13:55,000001,未知,12.39,12.39,12.36,12.36,11555,14299783
20250703,14:00,000001,未知,12.36,12.37,12.36,12.36,12271,15171013
20250703,14:05,000001,未知,12.37,12.38,12.36,12.36,12821,15857657
20250703,14:10,000001,未知,12.36,12.38,12.36,12.37,7646,9455101
20250703,14:15,000001,未知,12.37,12.37,12.35,12.36,15479,19139352
20250703,14:20,000001,未知,12.37,12.37,12.35,12.36,14336,17720581
20250703,14:25,000001,未知,12.35,12.36,12.35,12.36,5902,7291787
20250703,14:30,000001,未知,12.36,12.36,12.35,12.35,8377,10347864
20250703,14:35,000001,未知,12.35,12.36,12.34,12.35,7934,9797430
20250703,14:40,000001,未知,12.35,12.35,12.34,12.35,6845,8448721
20250703,14:45,000001,未知,12.35,12.35,12.34,12.34,13586,16768746
20250703,14:50,000001,未知,12.34,12.35,12.34,12.34,11176,13797893
20250703,14:55,000001,未知,12.35,12.35,12.34,12.35,15406,19016762
20250703,15:00,000001,未知,12.35,12.36,12.34,12.35,18720,23119965
20250704,09:35,000001,未知,12.35,12.37,12.33,12.33,40300,49765552
20250704,09:40,000001,未知,12.34,12.34,12.3,12.33,38667,47641850
20250704,09:45,000001,未知,12.33,12.35,12.32,12.33,36065,44480382
20250704,09:50,000001,未知,12.33,12.35,12.32,12.34,25600,31581067
20250704,09:55,000001,未知,12.35,12.39,12.34,12.38,53373,66039957
20250704,10:00,000001,未知,12.38,12.39,12.37,12.38,38966,48232045
20250704,10:05,000001,未知,12.37,12.41,12.37,12.41,69913,86700052
20250704,10:10,000001,未知,12.41,12.44,12.41,12.44,46033,57207299
20250704,10:15,000001,未知,12.44,12.45,12.42,12.43,51485,64057064
20250704,10:20,000001,未知,12.43,12.46,12.41,12.45,35769,44467471
20250704,10:25,000001,未知,12.46,12.47,12.43,12.47,38084,47425311
20250704,10:30,000001,未知,12.47,12.48,12.46,12.46,26247,32738385
20250704,10:35,000001,未知,12.46,12.47,12.45,12.46,20198,25168747
20250704,10:40,000001,未知,12.46,12.49,12.45,12.48,44570,55594457
20250704,10:45,000001,未知,12.48,12.54,12.48,12.53,89033,111399376
20250704,10:50,000001,未知,12.54,12.55,12.52,12.55,42004,52641808
20250704,10:55,000001,未知,12.54,12.55,12.52,12.53,24916,31231049
20250704,11:00,000001,未知,12.54,12.56,12.54,12.55,42852,53777400
20250704,11:05,000001,未知,12.56,12.59,12.54,12.58,60624,76214161
20250704,11:10,000001,未知,12.58,12.59,12.54,12.54,31101,39077019
20250704,11:15,000001,未知,12.55,12.58,12.54,12.57,25762,32369740
20250704,11:20,000001,未知,12.58,12.58,12.56,12.57,23475,29510798
20250704,11:25,000001,未知,12.56,12.58,12.56,12.57,21838,27449256
20250704,11:30,000001,未知,12.56,12.58,12.56,12.56,16423,20644747
20250704,13:05,000001,未知,12.57,12.59,12.55,12.58,42128,52960996
20250704,13:10,000001,未知,12.59,12.65,12.59,12.65,132344,167021732
20250704,13:15,000001,未知,12.65,12.72,12.65,12.71,100238,127160683
20250704,13:20,000001,未知,12.71,12.72,12.67,12.68,41908,53191201
20250704,13:25,000001,未知,12.67,12.7,12.67,12.68,34636,43934641
20250704,13:30,000001,未知,12.68,12.69,12.66,12.69,29913,37920504
20250704,13:35,000001,未知,12.69,12.69,12.65,12.66,35858,45431089
20250704,13:40,000001,未知,12.66,12.67,12.63,12.63,26316,33288116
20250704,13:45,000001,未知,12.63,12.65,12.63,12.64,18419,23284874
20250704,13:50,000001,未知,12.64,12.65,12.63,12.63,15519,19615727
20250704,13:55,000001,未知,12.63,12.64,12.58,12.59,28243,35611672
20250704,14:00,000001,未知,12.59,12.6,12.58,12.58,14776,18597885
20250704,14:05,000001,未知,12.59,12.59,12.52,12.54,55995,70271543
20250704,14:10,000001,未知,12.54,12.54,12.51,12.51,33464,41915035
20250704,14:15,000001,未知,12.51,12.56,12.51,12.55,25796,32333692
20250704,14:20,000001,未知,12.56,12.57,12.54,12.55,17288,21705873
20250704,14:25,000001,未知,12.56,12.57,12.55,12.57,15615,19614589
20250704,14:30,000001,未知,12.56,12.57,12.53,12.55,12708,15945198
20250704,14:35,000001,未知,12.54,12.56,12.53,12.55,14121,17723946
20250704,14:40,000001,未知,12.55,12.57,12.55,12.57,22798,28632112
20250704,14:45,000001,未知,12.56,12.58,12.55,12.57,21562,27088560
20250704,14:50,000001,未知,12.57,12.58,12.56,12.58,21635,27196706
20250704,14:55,000001,未知,12.57,12.59,12.57,12.59,32867,41334547
20250704,15:00,000001,未知,12.58,12.6,12.57,12.6,37888,47709177
20250707,09:35,000001,未知,12.6,12.67,12.6,12.61,139110,175632976
20250707,09:40,000001,未知,12.62,12.7,12.62,12.7,78452,99405118
20250707,09:45,000001,未知,12.7,12.73,12.68,12.72,74743,94953550
20250707,09:50,000001,未知,12.72,12.72,12.67,12.67,66571,84494918
20250707,09:55,000001,未知,12.66,12.74,12.65,12.74,52714,66895906
20250707,10:00,000001,未知,12.73,12.76,12.72,12.75,57692,73502197
20250707,10:05,000001,未知,12.76,12.76,12.69,12.7,31581,40178799
20250707,10:10,000001,未知,12.69,12.71,12.66,12.67,52196,66222278
20250707,10:15,000001,未知,12.67,12.68,12.66,12.68,27234,34505413
20250707,10:20,000001,未知,12.68,12.72,12.68,12.72,18737,23791779
20250707,10:25,000001,未知,12.71,12.73,12.7,12.72,12077,15354227
20250707,10:30,000001,未知,12.72,12.75,12.71,12.74,24919,31701949
20250707,10:35,000001,未知,12.75,12.75,12.73,12.74,31063,39580886
20250707,10:40,000001,未知,12.74,12.78,12.73,12.77,50861,64919932
20250707,10:45,000001,未知,12.78,12.79,12.76,12.78,40386,51616699
20250707,10:50,000001,未知,12.78,12.82,12.77,12.81,51800,66289228
20250707,10:55,000001,未知,12.81,12.82,12.77,12.77,44011,56348848
20250707,11:00,000001,未知,12.77,12.77,12.68,12.7,54354,69133846
20250707,11:05,000001,未知,12.7,12.7,12.63,12.66,76729,97091373
20250707,11:10,000001,未知,12.67,12.7,12.65,12.69,23452,29715045
20250707,11:15,000001,未知,12.7,12.7,12.68,12.68,13150,16686362
20250707,11:20,000001,未知,12.68,12.7,12.68,12.68,14281,18122269
20250707,11:25,000001,未知,12.68,12.69,12.67,12.67,14330,18168485
20250707,11:30,000001,未知,12.67,12.68,12.66,12.68,11018,13960622
20250707,13:05,000001,未知,12.68,12.7,12.62,12.69,35008,44295034
20250707,13:10,000001,未知,12.68,12.71,12.67,12.7,11094,14083121
20250707,13:15,000001,未知,12.7,12.72,12.7,12.72,9493,12069847
20250707,13:20,000001,未知,12.71,12.73,12.69,12.72,16415,20859247
20250707,13:25,000001,未知,12.72,12.75,12.72,12.73,22650,28857727
20250707,13:30,000001,未知,12.72,12.75,12.71,12.74,9146,11636902
20250707,13:35,000001,未知,12.74,12.76,12.74,12.75,12911,16461467
20250707,13:40,000001,未知,12.75,12.76,12.75,12.76,7218,9206730
20250707,13:45,000001,未知,12.76,12.78,12.76,12.76,28533,36425461
20250707,13:50,000001,未知,12.77,12.77,12.76,12.77,9357,11945593
20250707,13:55,000001,未知,12.77,12.78,12.76,12.77,14823,18930456
20250707,14:00,000001,未知,12.77,12.78,12.76,12.77,8218,10495240
20250707,14:05,000001,未知,12.77,12.78,12.76,12.77,6732,8597683
20250707,14:10,000001,未知,12.78,12.78,12.76,12.76,15453,19731967
20250707,14:15,000001,未知,12.76,12.77,12.75,12.76,17178,21918455
20250707,14:20,000001,未知,12.76,12.79,12.76,12.78,34642,44250000
20250707,14:25,000001,未知,12.78,12.79,12.77,12.78,22587,28863817
20250707,14:30,000001,未知,12.78,12.79,12.75,12.75,16070,20517460
20250707,14:35,000001,未知,12.76,12.76,12.75,12.76,11266,14367853
20250707,14:40,000001,未知,12.75,12.78,12.75,12.78,22687,28966149
20250707,14:45,000001,未知,12.77,12.78,12.76,12.78,27715,35406383
20250707,14:50,000001,未知,12.77,12.78,12.76,12.77,19912,25428070
20250707,14:55,000001,未知,12.78,12.78,12.76,12.78,20477,26143510
20250707,15:00,000001,未知,12.78,12.78,12.77,12.78,34361,43907161
20250708,09:35,000001,未知,12.75,12.83,12.75,12.79,98987,126671929
20250708,09:40,000001,未知,12.79,12.8,12.73,12.76,51517,65712448
20250708,09:45,000001,未知,12.76,12.77,12.7,12.75,69745,88771122
20250708,09:50,000001,未知,12.76,12.76,12.72,12.74,23016,29313913
20250708,09:55,000001,未知,12.73,12.76,12.71,12.75,36840,46891489
20250708,10:00,000001,未知,12.75,12.78,12.74,12.75,20187,25767698
20250708,10:05,000001,未知,12.74,12.75,12.7,12.75,42437,53955943
20250708,10:10,000001,未知,12.74,12.76,12.73,12.75,14749,18804926
20250708,10:15,000001,未知,12.75,12.77,12.75,12.77,10435,13321086
20250708,10:20,000001,未知,12.76,12.77,12.74,12.75,14558,18572281
20250708,10:25,000001,未知,12.74,12.75,12.73,12.74,12588,16033013
20250708,10:30,000001,未知,12.74,12.75,12.73,12.73,9252,11786424
20250708,10:35,000001,未知,12.73,12.74,12.69,12.69,49800,63289073
20250708,10:40,000001,未知,12.69,12.71,12.68,12.69,32966,41839621
20250708,10:45,000001,未知,12.68,12.69,12.66,12.67,45982,58265719
20250708,10:50,000001,未知,12.66,12.68,12.65,12.67,25016,31683345
20250708,10:55,000001,未知,12.67,12.68,12.65,12.67,31155,39437167
20250708,11:00,000001,未知,12.67,12.7,12.66,12.7,16148,20464040
20250708,11:05,000001,未知,12.68,12.71,12.67,12.69,28755,36508358
20250708,11:10,000001,未知,12.69,12.71,12.66,12.71,21096,26755274
20250708,11:15,000001,未知,12.71,12.72,12.69,12.69,20670,26268615
20250708,11:20,000001,未知,12.7,12.7,12.67,12.69,17796,22567057
20250708,11:25,000001,未知,12.69,12.71,12.68,12.69,8262,10489639
20250708,11:30,000001,未知,12.69,12.71,12.68,12.71,10668,13546379
20250708,13:05,000001,未知,12.71,12.72,12.69,12.71,33153,42116984
20250708,13:10,000001,未知,12.71,12.72,12.7,12.72,9993,12700227
20250708,13:15,000001,未知,12.71,12.73,12.71,12.72,11367,14456797
20250708,13:20,000001,未知,12.73,12.73,12.71,12.73,10659,13559279
20250708,13:25,000001,未知,12.72,12.73,12.71,12.71,13416,17061938
20250708,13:30,000001,未知,12.72,12.72,12.7,12.7,19961,25362803
20250708,13:35,000001,未知,12.69,12.7,12.69,12.69,8053,10221107
20250708,13:40,000001,未知,12.7,12.7,12.68,12.68,11680,14821241
20250708,13:45,000001,未知,12.68,12.69,12.68,12.68,7696,9762419
20250708,13:50,000001,未知,12.69,12.7,12.69,12.69,10959,13910696
20250708,13:55,000001,未知,12.7,12.71,12.69,12.69,17449,22158229
20250708,14:00,000001,未知,12.7,12.7,12.69,12.7,10097,12819063
20250708,14:05,000001,未知,12.69,12.7,12.69,12.7,27749,35216571
20250708,14:10,000001,未知,12.69,12.7,12.68,12.68,11909,15108855
20250708,14:15,000001,未知,12.68,12.69,12.67,12.68,12001,15219894
20250708,14:20,000001,未知,12.69,12.69,12.67,12.68,11323,14360040
20250708,14:25,000001,未知,12.68,12.7,12.68,12.68,7346,9320899
20250708,14:30,000001,未知,12.68,12.71,12.68,12.7,15573,19768851
20250708,14:35,000001,未知,12.7,12.71,12.69,12.7,13108,16648261
20250708,14:40,000001,未知,12.7,12.71,12.69,12.7,14819,18819492
20250708,14:45,000001,未知,12.7,12.7,12.69,12.7,14703,18666442
20250708,14:50,000001,未知,12.7,12.7,12.69,12.69,24110,30611274
20250708,14:55,000001,未知,12.7,12.7,12.69,12.69,29090,36922873
20250708,15:00,000001,未知,12.69,12.7,12.68,12.69,32147,40794805
20250709,09:35,000001,未知,12.66,12.77,12.66,12.77,77673,98816704
20250709,09:40,000001,未知,12.77,12.79,12.74,12.76,62509,79767218
20250709,09:45,000001,未知,12.77,12.78,12.69,12.69,43497,55430106
20250709,09:50,000001,未知,12.7,12.73,12.69,12.72,35920,45656427
20250709,09:55,000001,未知,12.72,12.73,12.67,12.67,37108,47100802
20250709,10:00,000001,未知,12.67,12.72,12.67,12.7,23990,30465741
20250709,10:05,000001,未知,12.7,12.72,12.69,12.71,34643,44013841
20250709,10:10,000001,未知,12.71,12.72,12.7,12.71,16223,20621290
20250709,10:15,000001,未知,12.71,12.74,12.7,12.74,18085,23012122
20250709,10:20,000001,未知,12.73,12.75,12.72,12.75,20464,26063064
20250709,10:25,000001,未知,12.74,12.77,12.74,12.77,20905,26668911
20250709,10:30,000001,未知,12.76,12.79,12.75,12.79,36856,47057895
20250709,10:35,000001,未知,12.78,12.83,12.77,12.82,68766,88004971
20250709,10:40,000001,未知,12.82,12.83,12.79,12.79,22808,29204916
20250709,10:45,000001,未知,12.78,12.8,12.78,12.8,15286,19547707
20250709,10:50,000001,未知,12.79,12.8,12.79,12.8,8267,10578485
20250709,10:55,000001,未知,12.8,12.81,12.78,12.8,17756,22720859
20250709,11:00,000001,未知,12.81,12.82,12.8,12.81,22310,28586596
20250709,11:05,000001,未知,12.81,12.84,12.8,12.82,43691,56013362
20250709,11:10,000001,未知,12.83,12.85,12.83,12.85,32372,41564558
20250709,11:15,000001,未知,12.85,12.86,12.83,12.83,41317,53079697
20250709,11:20,000001,未知,12.84,12.86,12.83,12.84,29183,37491338
20250709,11:25,000001,未知,12.84,12.9,12.84,12.89,62324,80239737
20250709,11:30,000001,未知,12.89,12.89,12.83,12.83,30646,39412692
20250709,13:05,000001,未知,12.83,12.84,12.81,12.83,15670,20104993
20250709,13:10,000001,未知,12.84,12.85,12.83,12.85,7899,10143253
20250709,13:15,000001,未知,12.85,12.86,12.82,12.83,15763,20237187
20250709,13:20,000001,未知,12.83,12.84,12.81,12.82,12281,15750095
20250709,13:25,000001,未知,12.82,12.84,12.82,12.82,11199,14367412
20250709,13:30,000001,未知,12.83,12.83,12.81,12.81,17470,22393582
20250709,13:35,000001,未知,12.82,12.82,12.81,12.82,9320,11940585
20250709,13:40,000001,未知,12.81,12.83,12.81,12.82,8452,10837489
20250709,13:45,000001,未知,12.82,12.84,12.82,12.83,8710,11175419
20250709,13:50,000001,未知,12.84,12.85,12.83,12.85,10411,13365789
20250709,13:55,000001,未知,12.85,12.85,12.84,12.85,8780,11276477
20250709,14:00,000001,未知,12.85,12.85,12.83,12.84,8989,11542620
20250709,14:05,000001,未知,12.84,12.85,12.83,12.84,12978,16666017
20250709,14:10,000001,未知,12.83,12.84,12.81,12.81,9449,12116613
20250709,14:15,000001,未知,12.81,12.82,12.8,12.82,18124,23215747
20250709,14:20,000001,未知,12.82,12.85,12.82,12.85,10092,12949418
20250709,14:25,000001,未知,12.85,12.85,12.83,12.83,13036,16733994
20250709,14:30,000001,未知,12.83,12.84,12.82,12.83,14679,18832428
20250709,14:35,000001,未知,12.83,12.83,12.82,12.83,9516,12203223
20250709,14:40,000001,未知,12.83,12.85,12.82,12.82,29704,38126066
20250709,14:45,000001,未知,12.82,12.83,12.79,12.79,32681,41831747
20250709,14:50,000001,未知,12.78,12.83,12.78,12.82,42116,53950351
20250709,14:55,000001,未知,12.82,12.83,12.81,12.82,23920,30665016
20250709,15:00,000001,未知,12.82,12.84,12.81,12.84,32125,41218784
20250710,09:35,000001,未知,12.82,12.87,12.81,12.85,67516,86618921
20250710,09:40,000001,未知,12.85,12.87,12.8,12.8,71376,91602728
20250710,09:45,000001,未知,12.79,12.88,12.79,12.88,42742,54805433
20250710,09:50,000001,未知,12.88,12.91,12.87,12.89,56264,72506661
20250710,09:55,000001,未知,12.89,12.92,12.87,12.91,34219,44097842
20250710,10:00,000001,未知,12.92,12.93,12.9,12.92,45957,59377737
20250710,10:05,000001,未知,12.91,12.99,12.9,12.99,111094,143943718
20250710,10:10,000001,未知,12.99,13.07,12.98,13.06,119272,155314846
20250710,10:15,000001,未知,13.06,13.1,13.03,13.03,124950,163397224
20250710,10:20,000001,未知,13.04,13.1,13.03,13.09,53280,69667322
20250710,10:25,000001,未知,13.08,13.09,13.05,13.05,33786,44136303
20250710,10:30,000001,未知,13.06,13.08,13.05,13.08,28361,37061836
20250710,10:35,000001,未知,13.07,13.09,13.07,13.07,28604,37414262
20250710,10:40,000001,未知,13.07,13.1,13.05,13.07,57174,74769277
20250710,10:45,000001,未知,13.07,13.1,13.07,13.08,45147,59084057
20250710,10:50,000001,未知,13.08,13.08,13.02,13.04,70755,92356339
20250710,10:55,000001,未知,13.02,13.05,13,13.05,59087,76922213
20250710,11:00,000001,未知,13.04,13.09,13.04,13.06,42338,55300237
20250710,11:05,000001,未知,13.06,13.09,13.06,13.07,19918,26029363
20250710,11:10,000001,未知,13.06,13.11,13.06,13.1,102397,134075374
20250710,11:15,000001,未知,13.1,13.11,13.07,13.1,42845,56082775
20250710,11:20,000001,未知,13.11,13.11,13.09,13.09,27044,35420517
20250710,11:25,000001,未知,13.08,13.09,13.08,13.08,11993,15693584
20250710,11:30,000001,未知,13.09,13.09,13.04,13.05,34961,45684881
20250710,13:05,000001,未知,13.05,13.11,13.05,13.1,35661,46653628
20250710,13:10,000001,未知,13.11,13.18,13.09,13.18,106371,139680456
20250710,13:15,000001,未知,13.18,13.18,13.15,13.16,41226,54279775
20250710,13:20,000001,未知,13.16,13.18,13.13,13.17,42022,55300373
20250710,13:25,000001,未知,13.17,13.2,13.16,13.19,50461,66523750
20250710,13:30,000001,未知,13.2,13.22,13.19,13.21,77888,102844280
20250710,13:35,000001,未知,13.22,13.27,13.21,13.27,78825,104372350
20250710,13:40,000001,未知,13.26,13.3,13.19,13.19,133963,177635918
20250710,13:45,000001,未知,13.2,13.21,13.19,13.2,35832,47287700
20250710,13:50,000001,未知,13.19,13.23,13.18,13.2,46492,61363046
20250710,13:55,000001,未知,13.2,13.2,13.15,13.16,33086,43604198
20250710,14:00,000001,未知,13.17,13.17,13.14,13.14,29536,38830629
20250710,14:05,000001,未知,13.14,13.18,13.14,13.18,47568,62616800
20250710,14:10,000001,未知,13.18,13.25,13.17,13.25,36971,48847045
20250710,14:15,000001,未知,13.25,13.28,13.22,13.26,61021,80850877
20250710,14:20,000001,未知,13.26,13.28,13.24,13.24,42810,56778920
20250710,14:25,000001,未知,13.25,13.25,13.2,13.2,22685,29982477
20250710,14:30,000001,未知,13.2,13.22,13.19,13.21,21476,28356991
20250710,14:35,000001,未知,13.21,13.22,13.18,13.19,37491,49471942
20250710,14:40,000001,未知,13.19,13.2,13.16,13.17,36039,47460245
20250710,14:45,000001,未知,13.17,13.19,13.16,13.19,29762,39223618
20250710,14:50,000001,未知,13.19,13.19,13.15,13.16,43751,57621879
20250710,14:55,000001,未知,13.17,13.19,13.16,13.19,27618,36381278
20250710,15:00,000001,未知,13.18,13.18,13.17,13.18,31781,41881539
20250711,09:35,000001,未知,13.19,13.24,13.13,13.13,182067,240151026
20250711,09:40,000001,未知,13.13,13.18,13.12,13.17,66170,86994377
20250711,09:45,000001,未知,13.18,13.21,13.16,13.21,60194,79373347
20250711,09:50,000001,未知,13.2,13.23,13.14,13.14,94921,125126442
20250711,09:55,000001,未知,13.14,13.22,13.13,13.21,50557,66608160
20250711,10:00,000001,未知,13.21,13.26,13.19,13.26,58719,77684342
20250711,10:05,000001,未知,13.26,13.29,13.24,13.29,63265,83896543
20250711,10:10,000001,未知,13.29,13.3,13.27,13.27,68645,91196633
20250711,10:15,000001,未知,13.27,13.3,13.26,13.26,63334,84079256
20250711,10:20,000001,未知,13.26,13.29,13.23,13.26,45534,60392469
20250711,10:25,000001,未知,13.27,13.28,13.25,13.26,34792,46155155
20250711,10:30,000001,未知,13.26,13.27,13.17,13.21,63392,83655877
20250711,10:35,000001,未知,13.22,13.25,13.2,13.22,29103,38480607
20250711,10:40,000001,未知,13.22,13.24,13.21,13.22,25780,34093089
20250711,10:45,000001,未知,13.22,13.24,13.21,13.24,25171,33297954
20250711,10:50,000001,未知,13.24,13.25,13.2,13.2,25176,33285158
20250711,10:55,000001,未知,13.2,13.21,13.18,13.18,26387,34808823
20250711,11:00,000001,未知,13.17,13.18,13.16,13.17,23245,30615894
20250711,11:05,000001,未知,13.16,13.17,13.15,13.16,26119,34364464
20250711,11:10,000001,未知,13.16,13.19,13.15,13.18,14606,19228477
20250711,11:15,000001,未知,13.18,13.2,13.18,13.2,13656,18014133
20250711,11:20,000001,未知,13.19,13.2,13.17,13.18,8399,11074785
20250711,11:25,000001,未知,13.18,13.18,13.16,13.17,14729,19394958
20250711,11:30,000001,未知,13.17,13.21,13.17,13.19,32381,42717741
20250711,13:05,000001,未知,13.19,13.2,13.17,13.17,52087,68674141
20250711,13:10,000001,未知,13.17,13.18,13.14,13.14,55518,73039220
20250711,13:15,000001,未知,13.14,13.16,13.12,13.12,31042,40788438
20250711,13:20,000001,未知,13.12,13.13,13.1,13.11,53121,69660569
20250711,13:25,000001,未知,13.11,13.11,13.07,13.08,56131,73470406
20250711,13:30,000001,未知,13.09,13.1,13.07,13.07,37386,48922607
20250711,13:35,000001,未知,13.08,13.08,13.03,13.05,81692,106689021
20250711,13:40,000001,未知,13.05,13.05,12.98,12.98,98050,127530881
20250711,13:45,000001,未知,12.98,13.03,12.98,13.03,42911,55818362
20250711,13:50,000001,未知,13.03,13.06,13.02,13.04,31667,41288565
20250711,13:55,000001,未知,13.04,13.04,13.01,13.02,44543,58007917
20250711,14:00,000001,未知,13.01,13.02,12.99,13,46271,60169707
20250711,14:05,000001,未知,13,13,12.97,12.97,48341,62761115
20250711,14:10,000001,未知,12.97,12.98,12.96,12.97,57998,75231367
20250711,14:15,000001,未知,12.97,12.97,12.94,12.96,64999,84202517
20250711,14:20,000001,未知,12.96,12.99,12.95,12.95,38509,49966140
20250711,14:25,000001,未知,12.96,12.96,12.93,12.95,35751,46288770
20250711,14:30,000001,未知,12.94,12.95,12.93,12.94,37420,48429867
20250711,14:35,000001,未知,12.93,12.96,12.92,12.94,77760,100634589
20250711,14:40,000001,未知,12.93,12.94,12.91,12.91,59888,77413386
20250711,14:45,000001,未知,12.91,12.93,12.9,12.9,69144,89277657
20250711,14:50,000001,未知,12.9,12.93,12.89,12.92,76548,98819769
20250711,14:55,000001,未知,12.92,12.92,12.9,12.91,75280,97199624
20250711,15:00,000001,未知,12.91,12.91,12.89,12.91,55345,71416056
20250714,09:35,000001,未知,12.87,13.08,12.87,13.05,247041,320499510
20250714,09:40,000001,未知,13.06,13.1,12.99,12.99,136463,178209519
20250714,09:45,000001,未知,13,13,12.95,12.96,97826,126914036
20250714,09:50,000001,未知,12.96,12.97,12.91,12.94,59735,77282908
20250714,09:55,000001,未知,12.95,12.99,12.94,12.97,40269,52205892
20250714,10:00,000001,未知,12.96,12.98,12.96,12.97,17656,22906224
20250714,10:05,000001,未知,12.97,13.03,12.97,13.02,42694,55517256
20250714,10:10,000001,未知,13.02,13.07,13.01,13.06,44408,57918939
20250714,10:15,000001,未知,13.06,13.09,13.04,13.08,67463,88215981
20250714,10:20,000001,未知,13.08,13.08,13.06,13.08,37843,49474246
20250714,10:25,000001,未知,13.08,13.12,13.08,13.11,87251,114296634
20250714,10:30,000001,未知,13.1,13.13,13.09,13.11,29998,39340750
20250714,10:35,000001,未知,13.12,13.14,13.1,13.12,53057,69626253
20250714,10:40,000001,未知,13.13,13.17,13.12,13.16,44014,57875371
20250714,10:45,000001,未知,13.15,13.16,13.12,13.14,36296,47683999
20250714,10:50,000001,未知,13.14,13.16,13.13,13.14,20243,26606824
20250714,10:55,000001,未知,13.13,13.15,13.12,13.12,19104,25097533
20250714,11:00,000001,未知,13.13,13.13,13.1,13.1,32267,42294386
20250714,11:05,000001,未知,13.11,13.14,13.08,13.08,41219,54043715
20250714,11:10,000001,未知,13.09,13.09,13.06,13.08,41798,54658902
20250714,11:15,000001,未知,13.07,13.09,13.06,13.07,29300,38295172
20250714,11:20,000001,未知,13.07,13.08,13.06,13.08,18159,23734888
20250714,11:25,000001,未知,13.07,13.08,13.07,13.07,15724,20554478
20250714,11:30,000001,未知,13.08,13.1,13.07,13.08,32290,42228642
20250714,13:05,000001,未知,13.09,13.11,13.07,13.08,28684,37556069
20250714,13:10,000001,未知,13.09,13.09,13.04,13.05,34036,44451796
20250714,13:15,000001,未知,13.05,13.07,13.04,13.07,18747,24475809
20250714,13:20,000001,未知,13.06,13.08,13.05,13.06,21405,27947747
20250714,13:25,000001,未知,13.05,13.06,13.04,13.05,17995,23482683
20250714,13:30,000001,未知,13.04,13.05,13.02,13.03,29551,38513553
20250714,13:35,000001,未知,13.04,13.05,13.02,13.03,32118,41871676
20250714,13:40,000001,未知,13.03,13.06,13.03,13.03,24931,32518245
20250714,13:45,000001,未知,13.03,13.03,13.02,13.03,8920,11616718
20250714,13:50,000001,未知,13.02,13.04,13.02,13.03,10133,13201640
20250714,13:55,000001,未知,13.02,13.03,13.01,13.01,19688,25633209
20250714,14:00,000001,未知,13.01,13.03,13.01,13.01,11808,15375155
20250714,14:05,000001,未知,13.02,13.02,13,13.01,20558,26751695
20250714,14:10,000001,未知,13.01,13.01,13,13,15122,19662305
20250714,14:15,000001,未知,13,13.01,12.99,13,20804,27045072
20250714,14:20,000001,未知,13,13,12.97,12.98,26209,34045691
20250714,14:25,000001,未知,12.98,12.99,12.97,12.98,40784,52925902
20250714,14:30,000001,未知,12.99,12.99,12.97,12.98,27172,35277121
20250714,14:35,000001,未知,12.98,12.99,12.97,12.98,34005,44145336
20250714,14:40,000001,未知,12.98,12.98,12.96,12.97,25789,33459400
20250714,14:45,000001,未知,12.97,12.98,12.96,12.97,17934,23258911
20250714,14:50,000001,未知,12.97,12.98,12.96,12.98,25052,32493583
20250714,14:55,000001,未知,12.98,12.98,12.96,12.98,28581,37069001
20250714,15:00,000001,未知,12.98,13.01,12.97,12.98,40752,52913291
20250715,09:35,000001,未知,12.99,13.04,12.96,12.96,112641,146412601
20250715,09:40,000001,未知,12.96,12.99,12.95,12.98,50604,65664345
20250715,09:45,000001,未知,12.98,13.01,12.96,13,32001,41547692
20250715,09:50,000001,未知,12.99,13,12.93,12.94,43226,55996172
20250715,09:55,000001,未知,12.93,12.95,12.9,12.95,74739,96505510
20250715,10:00,000001,未知,12.96,12.98,12.93,12.94,31745,41114132
20250715,10:05,000001,未知,12.94,12.95,12.92,12.93,41032,53099305
20250715,10:10,000001,未知,12.95,12.95,12.9,12.9,37113,47935190
20250715,10:15,000001,未知,12.9,12.9,12.84,12.85,97853,125941527
20250715,10:20,000001,未知,12.84,12.88,12.82,12.88,73170,93955016
20250715,10:25,000001,未知,12.88,12.9,12.86,12.89,39225,50518596
20250715,10:30,000001,未知,12.88,12.89,12.86,12.88,28476,36666926
20250715,10:35,000001,未知,12.88,12.9,12.86,12.9,21512,27699863
20250715,10:40,000001,未知,12.89,12.9,12.88,12.89,19799,25518940
20250715,10:45,000001,未知,12.89,12.89,12.86,12.86,22548,29015710
20250715,10:50,000001,未知,12.87,12.87,12.83,12.83,21073,27082004
20250715,10:55,000001,未知,12.83,12.84,12.81,12.82,47200,60517653
20250715,11:00,000001,未知,12.82,12.83,12.8,12.81,37556,48121576
20250715,11:05,000001,未知,12.81,12.82,12.76,12.77,67458,86279674
20250715,11:10,000001,未知,12.77,12.8,12.77,12.78,31625,40416858
20250715,11:15,000001,未知,12.77,12.77,12.74,12.75,60968,77768908
20250715,11:20,000001,未知,12.75,12.77,12.74,12.76,67717,86383951
20250715,11:25,000001,未知,12.76,12.77,12.74,12.77,28091,35828037
20250715,11:30,000001,未知,12.77,12.78,12.75,12.77,20538,26225583
20250715,13:05,000001,未知,12.77,12.8,12.75,12.76,55795,71305992
20250715,13:10,000001,未知,12.75,12.76,12.75,12.75,24080,30707506
20250715,13:15,000001,未知,12.75,12.78,12.75,12.77,31136,39723430
20250715,13:20,000001,未知,12.76,12.8,12.76,12.79,24828,31748214
20250715,13:25,000001,未知,12.79,12.79,12.75,12.75,32727,41786965
20250715,13:30,000001,未知,12.76,12.78,12.74,12.77,32788,41835217
20250715,13:35,000001,未知,12.78,12.8,12.77,12.78,24041,30726754
20250715,13:40,000001,未知,12.78,12.79,12.77,12.78,11698,14946660
20250715,13:45,000001,未知,12.77,12.79,12.77,12.77,12705,16229565
20250715,13:50,000001,未知,12.77,12.77,12.75,12.76,21366,27256369
20250715,13:55,000001,未知,12.76,12.77,12.75,12.76,20913,26682453
20250715,14:00,000001,未知,12.76,12.76,12.75,12.75,17292,22051947
20250715,14:05,000001,未知,12.76,12.77,12.75,12.76,25240,32197835
20250715,14:10,000001,未知,12.76,12.78,12.75,12.77,23070,29448367
20250715,14:15,000001,未知,12.77,12.79,12.77,12.78,15256,19493799
20250715,14:20,000001,未知,12.77,12.78,12.76,12.77,17508,22354017
20250715,14:25,000001,未知,12.77,12.77,12.76,12.76,11237,14342930
20250715,14:30,000001,未知,12.76,12.78,12.76,12.77,19290,24630036
20250715,14:35,000001,未知,12.78,12.78,12.76,12.77,30015,38327076
20250715,14:40,000001,未知,12.77,12.77,12.75,12.75,30300,38663819
20250715,14:45,000001,未知,12.76,12.76,12.74,12.74,50327,64134590
20250715,14:50,000001,未知,12.74,12.75,12.72,12.73,55040,70084643
20250715,14:55,000001,未知,12.73,12.73,12.72,12.72,62831,79946694
20250715,15:00,000001,未知,12.72,12.73,12.71,12.73,53138,67616389
20250716,09:35,000001,未知,12.73,12.76,12.64,12.65,133469,169251397
20250716,09:40,000001,未知,12.64,12.67,12.57,12.62,139144,175465639
20250716,09:45,000001,未知,12.61,12.63,12.59,12.6,86979,109654059
20250716,09:50,000001,未知,12.59,12.59,12.53,12.57,121092,151990171
20250716,09:55,000001,未知,12.58,12.61,12.55,12.6,85393,107410995
20250716,10:00,000001,未知,12.61,12.61,12.57,12.58,58759,74007091
20250716,10:05,000001,未知,12.59,12.6,12.53,12.53,65098,81743739
20250716,10:10,000001,未知,12.54,12.54,12.5,12.51,109125,136605916
20250716,10:15,000001,未知,12.51,12.54,12.51,12.54,70949,88816186
20250716,10:20,000001,未知,12.53,12.57,12.52,12.56,56832,71265720
20250716,10:25,000001,未知,12.56,12.58,12.54,12.57,38825,48773739
20250716,10:30,000001,未知,12.56,12.58,12.54,12.54,26079,32756534
20250716,10:35,000001,未知,12.54,12.56,12.52,12.55,33134,41543065
20250716,10:40,000001,未知,12.55,12.57,12.54,12.54,20515,25749419
20250716,10:45,000001,未知,12.55,12.56,12.54,12.54,13284,16672414
20250716,10:50,000001,未知,12.54,12.55,12.52,12.54,34023,42636536
20250716,10:55,000001,未知,12.54,12.55,12.53,12.53,20565,25783366
20250716,11:00,000001,未知,12.53,12.54,12.51,12.52,19434,24335161
20250716,11:05,000001,未知,12.51,12.54,12.51,12.53,15588,19522756
20250716,11:10,000001,未知,12.54,12.54,12.53,12.54,12003,15042983
20250716,11:15,000001,未知,12.54,12.56,12.53,12.56,16533,20748110
20250716,11:20,000001,未知,12.55,12.57,12.55,12.56,12202,15322799
20250716,11:25,000001,未知,12.55,12.57,12.55,12.56,12993,16322365
20250716,11:30,000001,未知,12.55,12.56,12.54,12.56,12277,15403876
20250716,13:05,000001,未知,12.56,12.56,12.53,12.55,35031,43957885
20250716,13:10,000001,未知,12.55,12.56,12.54,12.56,10559,13253162
20250716,13:15,000001,未知,12.55,12.58,12.55,12.57,39832,50071240
20250716,13:20,000001,未知,12.58,12.59,12.57,12.58,36577,46019490
20250716,13:25,000001,未知,12.59,12.6,12.58,12.59,26010,32749695
20250716,13:30,000001,未知,12.59,12.59,12.57,12.57,16155,20330126
20250716,13:35,000001,未知,12.58,12.58,12.55,12.56,18157,22814880
20250716,13:40,000001,未知,12.56,12.57,12.55,12.55,13268,16661548
20250716,13:45,000001,未知,12.55,12.56,12.54,12.55,21525,27014109
20250716,13:50,000001,未知,12.55,12.56,12.52,12.52,52154,65350352
20250716,13:55,000001,未知,12.52,12.53,12.52,12.52,14968,18744726
20250716,14:00,000001,未知,12.52,12.56,12.52,12.55,30334,38038525
20250716,14:05,000001,未知,12.55,12.57,12.54,12.56,26689,33523350
20250716,14:10,000001,未知,12.57,12.59,12.56,12.59,37917,47702152
20250716,14:15,000001,未知,12.59,12.64,12.58,12.61,49133,61983629
20250716,14:20,000001,未知,12.62,12.64,12.61,12.62,17706,22357852
20250716,14:25,000001,未知,12.63,12.64,12.6,12.6,34264,43256176
20250716,14:30,000001,未知,12.6,12.62,12.6,12.6,27062,34113669
20250716,14:35,000001,未知,12.61,12.62,12.6,12.62,25138,31694001
20250716,14:40,000001,未知,12.61,12.63,12.61,12.62,41924,52893043
20250716,14:45,000001,未知,12.62,12.63,12.62,12.62,29798,37628843
20250716,14:50,000001,未知,12.63,12.65,12.63,12.64,44811,56634967
20250716,14:55,000001,未知,12.64,12.65,12.63,12.63,35840,45291015
20250716,15:00,000001,未知,12.64,12.64,12.63,12.64,28717,36290657
20250717,09:35,000001,未知,12.61,12.69,12.61,12.65,100505,127186739
20250717,09:40,000001,未知,12.65,12.67,12.62,12.66,42078,53208480
20250717,09:45,000001,未知,12.66,12.67,12.64,12.64,30114,38106832
20250717,09:50,000001,未知,12.65,12.65,12.59,12.6,36761,46344881
20250717,09:55,000001,未知,12.6,12.63,12.59,12.62,25443,32077938
20250717,10:00,000001,未知,12.63,12.64,12.59,12.6,18877,23799612
20250717,10:05,000001,未知,12.6,12.6,12.57,12.57,31572,39723214
20250717,10:10,000001,未知,12.57,12.6,12.56,12.59,19217,24167640
20250717,10:15,000001,未知,12.59,12.64,12.59,12.64,38673,48791733
20250717,10:20,000001,未知,12.62,12.62,12.6,12.61,13817,17423875
20250717,10:25,000001,未知,12.6,12.61,12.57,12.59,24730,31128856
20250717,10:30,000001,未知,12.6,12.6,12.58,12.58,19412,24434145
20250717,10:35,000001,未知,12.58,12.59,12.57,12.57,12563,15801825
20250717,10:40,000001,未知,12.57,12.6,12.57,12.59,9735,12247086
20250717,10:45,000001,未知,12.6,12.6,12.58,12.59,7264,9142883
20250717,10:50,000001,未知,12.59,12.59,12.56,12.58,14865,18686326
20250717,10:55,000001,未知,12.57,12.59,12.57,12.59,7492,9426738
20250717,11:00,000001,未知,12.58,12.59,12.56,12.58,12665,15924508
20250717,11:05,000001,未知,12.57,12.59,12.57,12.58,8025,10096230
20250717,11:10,000001,未知,12.58,12.59,12.57,12.58,6865,8637126
20250717,11:15,000001,未知,12.59,12.59,12.57,12.58,4204,5288998
20250717,11:20,000001,未知,12.58,12.6,12.58,12.59,13916,17519948
20250717,11:25,000001,未知,12.59,12.6,12.58,12.58,11474,14443549
20250717,11:30,000001,未知,12.59,12.59,12.58,12.58,8324,10474508
20250717,13:05,000001,未知,12.58,12.6,12.56,12.58,33338,41942672
20250717,13:10,000001,未知,12.58,12.6,12.57,12.58,17809,22419436
20250717,13:15,000001,未知,12.58,12.59,12.56,12.56,9075,11409783
20250717,13:20,000001,未知,12.56,12.58,12.56,12.56,11025,13854281
20250717,13:25,000001,未知,12.57,12.58,12.56,12.57,7042,8852984
20250717,13:30,000001,未知,12.57,12.58,12.55,12.57,34340,43144558
20250717,13:35,000001,未知,12.56,12.57,12.54,12.56,45144,56682491
20250717,13:40,000001,未知,12.56,12.56,12.54,12.55,23112,29013315
20250717,13:45,000001,未知,12.54,12.55,12.54,12.55,17214,21592266
20250717,13:50,000001,未知,12.54,12.56,12.54,12.56,18111,22726862
20250717,13:55,000001,未知,12.55,12.57,12.55,12.57,8496,10669241
20250717,14:00,000001,未知,12.57,12.59,12.56,12.58,16237,20424974
20250717,14:05,000001,未知,12.58,12.59,12.57,12.58,12525,15760177
20250717,14:10,000001,未知,12.58,12.59,12.57,12.59,13150,16548659
20250717,14:15,000001,未知,12.58,12.59,12.57,12.59,9127,11486390
20250717,14:20,000001,未知,12.59,12.59,12.57,12.59,6814,8574958
20250717,14:25,000001,未知,12.59,12.59,12.58,12.58,12694,15977664
20250717,14:30,000001,未知,12.59,12.59,12.58,12.58,16809,21153913
20250717,14:35,000001,未知,12.58,12.59,12.57,12.59,13643,17172666
20250717,14:40,000001,未知,12.59,12.59,12.57,12.57,14464,18197255
20250717,14:45,000001,未知,12.58,12.59,12.57,12.57,17754,22333201
20250717,14:50,000001,未知,12.58,12.58,12.57,12.58,23395,29416710
20250717,14:55,000001,未知,12.58,12.59,12.57,12.58,19065,23975633
20250717,15:00,000001,未知,12.58,12.59,12.57,12.59,25667,32304451
20250718,09:35,000001,未知,12.62,12.66,12.6,12.65,102048,128927708
20250718,09:40,000001,未知,12.65,12.65,12.6,12.6,35395,44670641
20250718,09:45,000001,未知,12.61,12.65,12.6,12.64,26816,33862351
20250718,09:50,000001,未知,12.65,12.69,12.65,12.68,77346,98037168
20250718,09:55,000001,未知,12.69,12.71,12.66,12.7,55228,70092150
20250718,10:00,000001,未知,12.7,12.74,12.69,12.72,53342,67845050
20250718,10:05,000001,未知,12.72,12.74,12.71,12.71,27744,35304828
20250718,10:10,000001,未知,12.71,12.74,12.69,12.73,38002,48330877
20250718,10:15,000001,未知,12.74,12.75,12.72,12.75,32696,41652153
20250718,10:20,000001,未知,12.75,12.75,12.71,12.72,25869,32914037
20250718,10:25,000001,未知,12.72,12.72,12.7,12.71,20980,26658920
20250718,10:30,000001,未知,12.7,12.72,12.68,12.7,29964,38042065
20250718,10:35,000001,未知,12.69,12.7,12.67,12.69,44762,56761194
20250718,10:40,000001,未知,12.68,12.71,12.68,12.69,14618,18554394
20250718,10:45,000001,未知,12.69,12.69,12.66,12.68,24286,30784993
20250718,10:50,000001,未知,12.67,12.69,12.67,12.69,28196,35760989
20250718,10:55,000001,未知,12.69,12.7,12.68,12.7,10060,12772859
20250718,11:00,000001,未知,12.69,12.72,12.69,12.72,9907,12592049
20250718,11:05,000001,未知,12.72,12.73,12.71,12.71,14826,18859167
20250718,11:10,000001,未知,12.71,12.75,12.71,12.75,37613,47888679
20250718,11:15,000001,未知,12.75,12.75,12.72,12.73,39835,50741336
20250718,11:20,000001,未知,12.72,12.72,12.71,12.72,9747,12394168
20250718,11:25,000001,未知,12.71,12.72,12.71,12.72,4888,6214739
20250718,11:30,000001,未知,12.72,12.72,12.69,12.7,19669,24986544
20250718,13:05,000001,未知,12.7,12.7,12.67,12.68,44583,56520609
20250718,13:10,000001,未知,12.67,12.69,12.66,12.69,16436,20830131
20250718,13:15,000001,未知,12.68,12.69,12.67,12.68,7920,10044825
20250718,13:20,000001,未知,12.67,12.69,12.67,12.67,20569,26073186
20250718,13:25,000001,未知,12.67,12.68,12.65,12.65,56655,71720907
20250718,13:30,000001,未知,12.65,12.67,12.65,12.66,16306,20640989
20250718,13:35,000001,未知,12.66,12.66,12.65,12.66,8528,10791767
20250718,13:40,000001,未知,12.65,12.67,12.65,12.67,15474,19581567
20250718,13:45,000001,未知,12.66,12.68,12.65,12.66,16329,20679657
20250718,13:50,000001,未知,12.65,12.66,12.65,12.66,5906,7472362
20250718,13:55,000001,未知,12.66,12.66,12.64,12.65,12260,15509390
20250718,14:00,000001,未知,12.65,12.67,12.65,12.67,10242,12964070
20250718,14:05,000001,未知,12.67,12.68,12.66,12.66,12306,15589608
20250718,14:10,000001,未知,12.67,12.67,12.65,12.66,12813,16224637
20250718,14:15,000001,未知,12.66,12.66,12.65,12.65,3157,3995172
20250718,14:20,000001,未知,12.66,12.66,12.65,12.66,17837,22571648
20250718,14:25,000001,未知,12.66,12.67,12.65,12.65,11241,14228261
20250718,14:30,000001,未知,12.66,12.66,12.65,12.65,6986,8842066
20250718,14:35,000001,未知,12.66,12.68,12.65,12.68,29231,37035488
20250718,14:40,000001,未知,12.67,12.69,12.67,12.68,15688,19899060
20250718,14:45,000001,未知,12.69,12.69,12.68,12.68,29604,37549847
20250718,14:50,000001,未知,12.69,12.69,12.68,12.68,25751,32663308
20250718,14:55,000001,未知,12.68,12.69,12.68,12.69,27096,34367755
20250718,15:00,000001,未知,12.69,12.7,12.68,12.7,34451,43732751
20250721,09:35,000001,未知,12.64,12.71,12.63,12.68,88087,111482015
20250721,09:40,000001,未知,12.68,12.7,12.65,12.66,46211,58518184
20250721,09:45,000001,未知,12.66,12.66,12.63,12.64,32909,41619883
20250721,09:50,000001,未知,12.65,12.66,12.63,12.65,36360,45981632
20250721,09:55,000001,未知,12.65,12.67,12.63,12.64,34582,43751825
20250721,10:00,000001,未知,12.64,12.64,12.61,12.61,58107,73340886
20250721,10:05,000001,未知,12.62,12.62,12.56,12.56,97409,122537361
20250721,10:10,000001,未知,12.55,12.59,12.55,12.59,38360,48237539
20250721,10:15,000001,未知,12.6,12.63,12.59,12.63,25681,32373607
20250721,10:20,000001,未知,12.63,12.63,12.62,12.63,17371,21929802
20250721,10:25,000001,未知,12.62,12.63,12.6,12.6,16915,21331929
20250721,10:30,000001,未知,12.61,12.61,12.59,12.6,10731,13517148
20250721,10:35,000001,未知,12.6,12.61,12.58,12.59,22619,28491451
20250721,10:40,000001,未知,12.58,12.59,12.57,12.59,33486,42112650
20250721,10:45,000001,未知,12.58,12.59,12.58,12.58,7731,9729003
20250721,10:50,000001,未知,12.58,12.59,12.57,12.58,9251,11639036
20250721,10:55,000001,未知,12.59,12.61,12.58,12.59,12366,15572595
20250721,11:00,000001,未知,12.59,12.6,12.58,12.59,12757,16062567
20250721,11:05,000001,未知,12.59,12.61,12.59,12.61,7514,9467671
20250721,11:10,000001,未知,12.61,12.62,12.61,12.61,9515,12000617
20250721,11:15,000001,未知,12.62,12.62,12.59,12.6,9032,11387190
20250721,11:20,000001,未知,12.59,12.6,12.57,12.58,21040,26475157
20250721,11:25,000001,未知,12.57,12.59,12.57,12.58,13147,16544944
20250721,11:30,000001,未知,12.58,12.59,12.57,12.58,9152,11514203
20250721,13:05,000001,未知,12.58,12.58,12.56,12.58,33814,42510769
20250721,13:10,000001,未知,12.57,12.59,12.57,12.57,11301,14218123
20250721,13:15,000001,未知,12.58,12.6,12.58,12.6,9963,12542583
20250721,13:20,000001,未知,12.6,12.6,12.57,12.58,15642,19680032
20250721,13:25,000001,未知,12.58,12.59,12.58,12.58,5672,7136647
20250721,13:30,000001,未知,12.58,12.6,12.58,12.58,11193,14089509
20250721,13:35,000001,未知,12.58,12.59,12.57,12.58,10852,13654116
20250721,13:40,000001,未知,12.58,12.59,12.57,12.59,13770,17323379
20250721,13:45,000001,未知,12.58,12.6,12.58,12.6,10671,13438950
20250721,13:50,000001,未知,12.6,12.6,12.58,12.58,28336,35673308
20250721,13:55,000001,未知,12.58,12.59,12.57,12.58,12807,16111550
20250721,14:00,000001,未知,12.58,12.58,12.57,12.57,11343,14260821
20250721,14:05,000001,未知,12.58,12.59,12.57,12.59,11643,14645980
20250721,14:10,000001,未知,12.58,12.6,12.58,12.6,21770,27407664
20250721,14:15,000001,未知,12.6,12.61,12.59,12.61,15196,19149170
20250721,14:20,000001,未知,12.6,12.61,12.59,12.59,15543,19590273
20250721,14:25,000001,未知,12.6,12.6,12.59,12.6,12970,16339595
20250721,14:30,000001,未知,12.6,12.6,12.59,12.59,18876,23776548
20250721,14:35,000001,未知,12.59,12.6,12.58,12.59,15430,19428413
20250721,14:40,000001,未知,12.59,12.6,12.59,12.6,27574,34728165
20250721,14:45,000001,未知,12.6,12.6,12.59,12.59,16108,20284518
20250721,14:50,000001,未知,12.6,12.6,12.59,12.59,23365,29430435
20250721,14:55,000001,未知,12.6,12.61,12.59,12.6,31741,39993901
20250721,15:00,000001,未知,12.59,12.61,12.59,12.61,23114,29134393
20250722,09:35,000001,未知,12.6,12.6,12.56,12.59,60965,76707647
20250722,09:40,000001,未知,12.59,12.59,12.56,12.56,52207,65622681
20250722,09:45,000001,未知,12.56,12.56,12.47,12.48,138900,173794016
20250722,09:50,000001,未知,12.48,12.49,12.42,12.42,150584,187418478
20250722,09:55,000001,未知,12.41,12.43,12.37,12.4,136284,168989378
20250722,10:00,000001,未知,12.39,12.41,12.33,12.33,159806,197430004
20250722,10:05,000001,未知,12.33,12.4,12.33,12.39,83901,103751425
20250722,10:10,000001,未知,12.4,12.4,12.36,12.37,40414,50045832
20250722,10:15,000001,未知,12.36,12.39,12.36,12.39,29906,37000040
20250722,10:20,000001,未知,12.38,12.41,12.38,12.4,47178,58480814
20250722,10:25,000001,未知,12.41,12.41,12.36,12.36,33734,41765315
20250722,10:30,000001,未知,12.36,12.38,12.35,12.38,43136,53327676
20250722,10:35,000001,未知,12.37,12.4,12.37,12.39,29908,37043121
20250722,10:40,000001,未知,12.39,12.42,12.38,12.42,65779,81572154
20250722,10:45,000001,未知,12.41,12.43,12.4,12.41,26070,32368809
20250722,10:50,000001,未知,12.41,12.43,12.4,12.43,46146,57287190
20250722,10:55,000001,未知,12.43,12.45,12.43,12.44,17529,21800383
20250722,11:00,000001,未知,12.43,12.44,12.42,12.42,26097,32424300
20250722,11:05,000001,未知,12.43,12.43,12.42,12.43,12583,15634667
20250722,11:10,000001,未知,12.42,12.43,12.4,12.4,23391,29036691
20250722,11:15,000001,未知,12.4,12.43,12.4,12.42,28380,35221123
20250722,11:20,000001,未知,12.43,12.44,12.42,12.43,18489,22983627
20250722,11:25,000001,未知,12.43,12.45,12.43,12.45,13718,17059388
20250722,11:30,000001,未知,12.44,12.46,12.43,12.46,18051,22473179
20250722,13:05,000001,未知,12.46,12.51,12.45,12.49,83591,104346435
20250722,13:10,000001,未知,12.5,12.54,12.48,12.52,52490,65701637
20250722,13:15,000001,未知,12.52,12.54,12.5,12.51,27872,34884275
20250722,13:20,000001,未知,12.5,12.5,12.46,12.47,23830,29737192
20250722,13:25,000001,未知,12.47,12.49,12.47,12.49,24444,30503526
20250722,13:30,000001,未知,12.49,12.52,12.48,12.51,21031,26295804
20250722,13:35,000001,未知,12.51,12.52,12.48,12.5,22371,27963021
20250722,13:40,000001,未知,12.5,12.52,12.49,12.5,18247,22816187
20250722,13:45,000001,未知,12.49,12.5,12.47,12.47,18206,22725939
20250722,13:50,000001,未知,12.48,12.48,12.46,12.48,15522,19362765
20250722,13:55,000001,未知,12.47,12.48,12.46,12.47,16118,20096619
20250722,14:00,000001,未知,12.48,12.48,12.45,12.45,20440,25471496
20250722,14:05,000001,未知,12.45,12.48,12.45,12.47,13847,17264173
20250722,14:10,000001,未知,12.48,12.48,12.46,12.46,13351,16648121
20250722,14:15,000001,未知,12.46,12.49,12.46,12.48,17281,21559475
20250722,14:20,000001,未知,12.48,12.5,12.48,12.48,13946,17412725
20250722,14:25,000001,未知,12.49,12.5,12.48,12.48,11963,14936714
20250722,14:30,000001,未知,12.49,12.5,12.48,12.5,22304,27862684
20250722,14:35,000001,未知,12.5,12.52,12.49,12.51,29310,36673254
20250722,14:40,000001,未知,12.51,12.51,12.49,12.49,17897,22375531
20250722,14:45,000001,未知,12.49,12.5,12.48,12.5,18193,22719478
20250722,14:50,000001,未知,12.49,12.5,12.48,12.48,28900,36108862
20250722,14:55,000001,未知,12.49,12.49,12.46,12.48,75338,93947047
20250722,15:00,000001,未知,12.48,12.5,12.48,12.49,25581,31947151
20250723,09:35,000001,未知,12.46,12.57,12.46,12.55,161451,202077836
20250723,09:40,000001,未知,12.55,12.56,12.52,12.55,62362,78207908
20250723,09:45,000001,未知,12.55,12.56,12.52,12.52,99812,125173136
20250723,09:50,000001,未知,12.52,12.56,12.51,12.54,40183,50364971
20250723,09:55,000001,未知,12.54,12.55,12.5,12.5,28490,35679245
20250723,10:00,000001,未知,12.5,12.54,12.5,12.54,23483,29390446
20250723,10:05,000001,未知,12.53,12.55,12.52,12.54,22973,28810395
20250723,10:10,000001,未知,12.55,12.55,12.52,12.54,23592,29575515
20250723,10:15,000001,未知,12.54,12.54,12.52,12.52,15242,19101943
20250723,10:20,000001,未知,12.52,12.53,12.5,12.5,20475,25622030
20250723,10:25,000001,未知,12.5,12.52,12.5,12.51,18530,23170433
20250723,10:30,000001,未知,12.52,12.54,12.5,12.54,14066,17613466
20250723,10:35,000001,未知,12.54,12.56,12.53,12.56,51283,64368711
20250723,10:40,000001,未知,12.55,12.55,12.53,12.55,24657,30928176
20250723,10:45,000001,未知,12.54,12.56,12.54,12.55,15048,18885513
20250723,10:50,000001,未知,12.55,12.59,12.55,12.58,39773,50002200
20250723,10:55,000001,未知,12.58,12.58,12.56,12.57,27025,33984962
20250723,11:00,000001,未知,12.57,12.6,12.57,12.59,54378,68466581
20250723,11:05,000001,未知,12.59,12.6,12.56,12.56,17305,21773429
20250723,11:10,000001,未知,12.56,12.57,12.56,12.57,11050,13885726
20250723,11:15,000001,未知,12.57,12.6,12.57,12.57,23319,29338018
20250723,11:20,000001,未知,12.58,12.59,12.57,12.57,20230,25452058
20250723,11:25,000001,未知,12.57,12.61,12.57,12.6,26337,33177316
20250723,11:30,000001,未知,12.6,12.62,12.6,12.62,26773,33772078
20250723,13:05,000001,未知,12.62,12.63,12.59,12.61,56098,70769419
20250723,13:10,000001,未知,12.61,12.61,12.56,12.57,31487,39630945
20250723,13:15,000001,未知,12.57,12.59,12.56,12.59,15399,19361407
20250723,13:20,000001,未知,12.59,12.59,12.56,12.56,24571,30890674
20250723,13:25,000001,未知,12.57,12.58,12.56,12.56,18721,23524601
20250723,13:30,000001,未知,12.55,12.57,12.55,12.56,10740,13488654
20250723,13:35,000001,未知,12.57,12.57,12.55,12.56,14545,18271845
20250723,13:40,000001,未知,12.55,12.57,12.54,12.54,16683,20942219
20250723,13:45,000001,未知,12.54,12.55,12.52,12.53,15502,19429838
20250723,13:50,000001,未知,12.53,12.54,12.52,12.53,11470,14374972
20250723,13:55,000001,未知,12.53,12.54,12.51,12.52,23384,29300053
20250723,14:00,000001,未知,12.52,12.53,12.52,12.52,6863,8594154
20250723,14:05,000001,未知,12.53,12.54,12.52,12.53,8039,10074119
20250723,14:10,000001,未知,12.53,12.54,12.52,12.52,7770,9736677
20250723,14:15,000001,未知,12.52,12.54,12.51,12.51,21231,26586968
20250723,14:20,000001,未知,12.51,12.54,12.51,12.51,17452,21851998
20250723,14:25,000001,未知,12.52,12.52,12.49,12.49,45503,56879049
20250723,14:30,000001,未知,12.5,12.52,12.49,12.5,23661,29592128
20250723,14:35,000001,未知,12.5,12.52,12.5,12.51,9244,11561263
20250723,14:40,000001,未知,12.51,12.51,12.49,12.5,13860,17322121
20250723,14:45,000001,未知,12.5,12.51,12.49,12.51,40799,50991944
20250723,14:50,000001,未知,12.5,12.51,12.5,12.51,19192,23999141
20250723,14:55,000001,未知,12.51,12.52,12.5,12.51,19415,24285204
20250723,15:00,000001,未知,12.52,12.53,12.51,12.53,31054,38894455
20250724,09:35,000001,未知,12.53,12.53,12.47,12.48,93350,116680614
20250724,09:40,000001,未知,12.49,12.49,12.42,12.45,81423,101365310
20250724,09:45,000001,未知,12.45,12.45,12.42,12.44,85867,106772667
20250724,09:50,000001,未知,12.43,12.44,12.39,12.41,114939,142611178
20250724,09:55,000001,未知,12.41,12.41,12.38,12.41,67944,84196815
20250724,10:00,000001,未知,12.41,12.42,12.39,12.41,49982,61998724
20250724,10:05,000001,未知,12.41,12.41,12.38,12.4,48566,60193080
20250724,10:10,000001,未知,12.4,12.41,12.38,12.39,72050,89279330
20250724,10:15,000001,未知,12.39,12.39,12.38,12.38,25955,32153274
20250724,10:20,000001,未知,12.39,12.4,12.38,12.4,35696,44225355
20250724,10:25,000001,未知,12.4,12.4,12.38,12.39,20953,25963628
20250724,10:30,000001,未知,12.39,12.4,12.36,12.36,105337,130355036
20250724,10:35,000001,未知,12.37,12.38,12.35,12.36,65500,80973471
20250724,10:40,000001,未知,12.36,12.37,12.36,12.37,26100,32278129
20250724,10:45,000001,未知,12.37,12.38,12.36,12.37,44918,55543089
20250724,10:50,000001,未知,12.37,12.39,12.36,12.38,36295,44898490
20250724,10:55,000001,未知,12.39,12.4,12.38,12.38,25658,31785798
20250724,11:00,000001,未知,12.39,12.39,12.37,12.38,28714,35561468
20250724,11:05,000001,未知,12.39,12.39,12.36,12.37,29392,36366353
20250724,11:10,000001,未知,12.37,12.38,12.36,12.36,27080,33491386
20250724,11:15,000001,未知,12.37,12.37,12.36,12.37,25199,31158973
20250724,11:20,000001,未知,12.37,12.38,12.36,12.37,24138,29864952
20250724,11:25,000001,未知,12.37,12.38,12.36,12.36,22783,28180840
20250724,11:30,000001,未知,12.36,12.37,12.35,12.37,38426,47508016
20250724,13:05,000001,未知,12.37,12.38,12.36,12.37,33236,41110677
20250724,13:10,000001,未知,12.36,12.38,12.36,12.36,34066,42140713
20250724,13:15,000001,未知,12.36,12.37,12.36,12.36,20696,25589451
20250724,13:20,000001,未知,12.36,12.38,12.36,12.36,19967,24693118
20250724,13:25,000001,未知,12.36,12.37,12.36,12.37,21669,26789286
20250724,13:30,000001,未知,12.37,12.38,12.36,12.38,23159,28649327
20250724,13:35,000001,未知,12.37,12.39,12.37,12.38,21074,26096444
20250724,13:40,000001,未知,12.38,12.4,12.38,12.4,16762,20775592
20250724,13:45,000001,未知,12.4,12.41,12.37,12.37,27549,34128188
20250724,13:50,000001,未知,12.38,12.38,12.36,12.37,34192,42283420
20250724,13:55,000001,未知,12.37,12.37,12.35,12.36,30180,37310134
20250724,14:00,000001,未知,12.35,12.36,12.34,12.35,83083,102588738
20250724,14:05,000001,未知,12.34,12.36,12.34,12.36,20955,25880809
20250724,14:10,000001,未知,12.35,12.36,12.34,12.35,36122,44614033
20250724,14:15,000001,未知,12.35,12.35,12.33,12.33,45513,56178448
20250724,14:20,000001,未知,12.34,12.35,12.33,12.33,23546,29060187
20250724,14:25,000001,未知,12.34,12.35,12.33,12.35,25546,31523673
20250724,14:30,000001,未知,12.35,12.35,12.34,12.35,22013,27177063
20250724,14:35,000001,未知,12.35,12.36,12.34,12.35,21070,26027502
20250724,14:40,000001,未知,12.36,12.36,12.34,12.35,31165,38489289
20250724,14:45,000001,未知,12.35,12.35,12.34,12.35,27481,33934189
20250724,14:50,000001,未知,12.35,12.35,12.33,12.34,54159,66834443
20250724,14:55,000001,未知,12.35,12.36,12.34,12.36,45302,55936820
20250724,15:00,000001,未知,12.35,12.36,12.34,12.35,44581,55050853
20250725,09:35,000001,未知,12.33,12.43,12.33,12.4,139305,172568798
20250725,09:40,000001,未知,12.4,12.46,12.38,12.43,118013,146601187
20250725,09:45,000001,未知,12.42,12.44,12.4,12.43,57420,71306385
20250725,09:50,000001,未知,12.43,12.43,12.41,12.42,39569,49144921
20250725,09:55,000001,未知,12.43,12.45,12.4,12.4,45074,56029229
20250725,10:00,000001,未知,12.4,12.41,12.38,12.38,25457,31552191
20250725,10:05,000001,未知,12.38,12.41,12.37,12.4,37248,46148799
20250725,10:10,000001,未知,12.41,12.41,12.37,12.38,17203,21311892
20250725,10:15,000001,未知,12.38,12.4,12.37,12.4,16016,19848322
20250725,10:20,000001,未知,12.39,12.4,12.38,12.38,10567,13093710
20250725,10:25,000001,未知,12.38,12.39,12.38,12.38,5293,6554771
20250725,10:30,000001,未知,12.38,12.41,12.38,12.4,26470,32806554
20250725,10:35,000001,未知,12.41,12.42,12.39,12.39,19143,23748507
20250725,10:40,000001,未知,12.39,12.4,12.38,12.39,10234,12682140
20250725,10:45,000001,未知,12.39,12.39,12.37,12.38,13409,16600705
20250725,10:50,000001,未知,12.37,12.39,12.37,12.37,7446,9217112
20250725,10:55,000001,未知,12.38,12.39,12.37,12.38,9849,12193078
20250725,11:00,000001,未知,12.38,12.38,12.37,12.37,5826,7209833
20250725,11:05,000001,未知,12.37,12.4,12.37,12.38,13568,16804923
20250725,11:10,000001,未知,12.38,12.39,12.37,12.38,7843,9711343
20250725,11:15,000001,未知,12.38,12.39,12.37,12.38,10208,12639754
20250725,11:20,000001,未知,12.38,12.38,12.36,12.36,14231,17603085
20250725,11:25,000001,未知,12.36,12.37,12.35,12.36,36587,45210964
20250725,11:30,000001,未知,12.35,12.36,12.34,12.35,21627,26699840
20250725,13:05,000001,未知,12.34,12.38,12.34,12.38,24808,30649294
20250725,13:10,000001,未知,12.38,12.38,12.35,12.36,11624,14371672
20250725,13:15,000001,未知,12.36,12.37,12.36,12.37,10267,12695060
20250725,13:20,000001,未知,12.37,12.37,12.36,12.37,13723,16965395
20250725,13:25,000001,未知,12.37,12.38,12.36,12.38,10044,12424629
20250725,13:30,000001,未知,12.37,12.38,12.36,12.37,11026,13644068
20250725,13:35,000001,未知,12.38,12.38,12.36,12.38,13486,16681585
20250725,13:40,000001,未知,12.37,12.37,12.36,12.37,11819,14613687
20250725,13:45,000001,未知,12.36,12.37,12.36,12.37,11325,14005905
20250725,13:50,000001,未知,12.37,12.37,12.35,12.36,17214,21282371
20250725,13:55,000001,未知,12.36,12.36,12.35,12.36,12922,15970287
20250725,14:00,000001,未知,12.36,12.36,12.35,12.36,13834,17094811
20250725,14:05,000001,未知,12.37,12.37,12.35,12.36,14926,18450429
20250725,14:10,000001,未知,12.36,12.37,12.35,12.35,13032,16107786
20250725,14:15,000001,未知,12.35,12.36,12.35,12.36,8566,10586821
20250725,14:20,000001,未知,12.36,12.36,12.34,12.35,26007,32116173
20250725,14:25,000001,未知,12.35,12.35,12.33,12.34,36702,45289879
20250725,14:30,000001,未知,12.34,12.34,12.33,12.33,26455,32627493
20250725,14:35,000001,未知,12.34,12.35,12.33,12.34,20261,24994754
20250725,14:40,000001,未知,12.35,12.35,12.33,12.34,15654,19313947
20250725,14:45,000001,未知,12.33,12.34,12.33,12.34,19170,23643837
20250725,14:50,000001,未知,12.34,12.35,12.33,12.35,18405,22720332
20250725,14:55,000001,未知,12.35,12.36,12.34,12.35,24513,30266252
20250725,15:00,000001,未知,12.35,12.36,12.34,12.35,14878,18372721
20250728,09:35,000001,未知,12.35,12.39,12.32,12.36,87458,108025480
20250728,09:40,000001,未知,12.35,12.39,12.35,12.39,75151,92968995
20250728,09:45,000001,未知,12.39,12.41,12.38,12.41,37968,47074824
20250728,09:50,000001,未知,12.4,12.44,12.4,12.42,66057,82033663
20250728,09:55,000001,未知,12.41,12.45,12.41,12.44,53258,66203369
20250728,10:00,000001,未知,12.43,12.48,12.43,12.48,90969,113323112
20250728,10:05,000001,未知,12.48,12.5,12.46,12.46,55568,69376915
20250728,10:10,000001,未知,12.46,12.49,12.46,12.49,41981,52381275
20250728,10:15,000001,未知,12.49,12.5,12.47,12.47,46683,58298284
20250728,10:20,000001,未知,12.48,12.49,12.47,12.48,17649,22022228
20250728,10:25,000001,未知,12.48,12.51,12.48,12.51,48124,60134202
20250728,10:30,000001,未知,12.51,12.52,12.5,12.52,42161,52751941
20250728,10:35,000001,未知,12.52,12.52,12.5,12.52,22724,28436374
20250728,10:40,000001,未知,12.51,12.53,12.49,12.5,35862,44868605
20250728,10:45,000001,未知,12.49,12.5,12.48,12.49,14353,17926539
20250728,10:50,000001,未知,12.49,12.51,12.49,12.51,20453,25565858
20250728,10:55,000001,未知,12.51,12.51,12.49,12.51,12176,15222007
20250728,11:00,000001,未知,12.5,12.51,12.49,12.49,16503,20623971
20250728,11:05,000001,未知,12.49,12.49,12.46,12.46,20516,25587632
20250728,11:10,000001,未知,12.47,12.48,12.46,12.48,10265,12799414
20250728,11:15,000001,未知,12.47,12.48,12.46,12.46,10804,13471086
20250728,11:20,000001,未知,12.47,12.47,12.45,12.46,15569,19399773
20250728,11:25,000001,未知,12.45,12.46,12.44,12.44,20132,25061282
20250728,11:30,000001,未知,12.44,12.45,12.42,12.43,18407,22883683
20250728,13:05,000001,未知,12.43,12.45,12.43,12.45,18002,22390239
20250728,13:10,000001,未知,12.44,12.46,12.44,12.44,18467,22995108
20250728,13:15,000001,未知,12.44,12.44,12.42,12.44,12526,15573377
20250728,13:20,000001,未知,12.44,12.45,12.43,12.45,8512,10589431
20250728,13:25,000001,未知,12.45,12.45,12.44,12.45,8443,10508707
20250728,13:30,000001,未知,12.45,12.45,12.43,12.44,11822,14707462
20250728,13:35,000001,未知,12.44,12.45,12.43,12.44,15155,18854599
20250728,13:40,000001,未知,12.44,12.45,12.43,12.44,22379,27843334
20250728,13:45,000001,未知,12.45,12.45,12.43,12.43,17911,22289880
20250728,13:50,000001,未知,12.44,12.45,12.42,12.42,15695,19508151
20250728,13:55,000001,未知,12.43,12.44,12.42,12.43,10887,13533900
20250728,14:00,000001,未知,12.43,12.45,12.42,12.44,11658,14493118
20250728,14:05,000001,未知,12.44,12.45,12.43,12.44,8312,10340295
20250728,14:10,000001,未知,12.45,12.45,12.44,12.44,14981,18644998
20250728,14:15,000001,未知,12.45,12.45,12.43,12.44,10662,13262021
20250728,14:20,000001,未知,12.44,12.44,12.43,12.44,9418,11709937
20250728,14:25,000001,未知,12.44,12.44,12.43,12.44,9154,11385412
20250728,14:30,000001,未知,12.44,12.44,12.43,12.44,14460,17978761
20250728,14:35,000001,未知,12.43,12.45,12.43,12.44,14386,17891819
20250728,14:40,000001,未知,12.44,12.45,12.44,12.45,21670,26973819
20250728,14:45,000001,未知,12.45,12.46,12.45,12.45,15577,19396223
20250728,14:50,000001,未知,12.45,12.46,12.45,12.46,15283,19036281
20250728,14:55,000001,未知,12.47,12.47,12.45,12.46,23606,29420557
20250728,15:00,000001,未知,12.46,12.48,12.46,12.46,28486,35510301
20250729,09:35,000001,未知,12.46,12.48,12.43,12.46,51076,63620731
20250729,09:40,000001,未知,12.46,12.51,12.46,12.49,39400,49217511
20250729,09:45,000001,未知,12.49,12.5,12.46,12.47,32891,41033048
20250729,09:50,000001,未知,12.48,12.49,12.42,12.43,46514,57915695
20250729,09:55,000001,未知,12.43,12.44,12.42,12.44,20175,25071207
20250729,10:00,000001,未知,12.44,12.44,12.42,12.43,19646,24415975
20250729,10:05,000001,未知,12.43,12.43,12.41,12.42,23487,29161824
20250729,10:10,000001,未知,12.43,12.48,12.42,12.47,28569,35573564
20250729,10:15,000001,未知,12.46,12.47,12.43,12.43,13326,16592537
20250729,10:20,000001,未知,12.43,12.45,12.43,12.44,11262,14004400
20250729,10:25,000001,未知,12.43,12.44,12.4,12.41,30300,37616082
20250729,10:30,000001,未知,12.41,12.41,12.38,12.39,40525,50226361
20250729,10:35,000001,未知,12.39,12.4,12.36,12.37,35751,44245783
20250729,10:40,000001,未知,12.37,12.39,12.36,12.38,15707,19436448
20250729,10:45,000001,未知,12.39,12.39,12.36,12.38,25312,31322932
20250729,10:50,000001,未知,12.38,12.39,12.37,12.38,17164,21246497
20250729,10:55,000001,未知,12.38,12.39,12.37,12.38,9836,12182182
20250729,11:00,000001,未知,12.39,12.39,12.37,12.37,20529,25418765
20250729,11:05,000001,未知,12.38,12.38,12.37,12.37,9922,12276677
20250729,11:10,000001,未知,12.37,12.37,12.35,12.35,37177,45949845
20250729,11:15,000001,未知,12.36,12.37,12.35,12.37,23968,29618647
20250729,11:20,000001,未知,12.36,12.37,12.36,12.37,15152,18735566
20250729,11:25,000001,未知,12.37,12.39,12.36,12.37,11299,13981907
20250729,11:30,000001,未知,12.37,12.38,12.36,12.37,13117,16217580
20250729,13:05,000001,未知,12.37,12.39,12.36,12.39,23019,28486505
20250729,13:10,000001,未知,12.38,12.39,12.37,12.39,11512,14253243
20250729,13:15,000001,未知,12.38,12.4,12.38,12.39,13830,17129330
20250729,13:20,000001,未知,12.38,12.4,12.37,12.4,12877,15946795
20250729,13:25,000001,未知,12.39,12.4,12.39,12.39,9058,11227032
20250729,13:30,000001,未知,12.4,12.4,12.37,12.38,8305,10283374
20250729,13:35,000001,未知,12.38,12.38,12.37,12.38,6919,8563732
20250729,13:40,000001,未知,12.38,12.38,12.35,12.35,31307,38690848
20250729,13:45,000001,未知,12.35,12.36,12.34,12.35,25042,30923884
20250729,13:50,000001,未知,12.35,12.37,12.35,12.36,8962,11073332
20250729,13:55,000001,未知,12.36,12.37,12.36,12.36,7860,9716397
20250729,14:00,000001,未知,12.36,12.37,12.36,12.36,8785,10859125
20250729,14:05,000001,未知,12.37,12.37,12.36,12.37,22449,27752241
20250729,14:10,000001,未知,12.37,12.37,12.36,12.37,9351,11561095
20250729,14:15,000001,未知,12.37,12.37,12.35,12.36,19296,23849116
20250729,14:20,000001,未知,12.36,12.37,12.35,12.36,12471,15414843
20250729,14:25,000001,未知,12.37,12.37,12.36,12.37,11136,13768782
20250729,14:30,000001,未知,12.36,12.38,12.36,12.38,12005,14848987
20250729,14:35,000001,未知,12.37,12.38,12.35,12.36,28361,35057047
20250729,14:40,000001,未知,12.35,12.36,12.34,12.35,36239,44753066
20250729,14:45,000001,未知,12.35,12.36,12.34,12.35,19462,24029877
20250729,14:50,000001,未知,12.36,12.36,12.34,12.35,24778,30594239
20250729,14:55,000001,未知,12.34,12.35,12.34,12.35,31732,39165530
20250729,15:00,000001,未知,12.34,12.36,12.34,12.34,25957,32041493
20250730,09:35,000001,未知,12.35,12.42,12.34,12.38,93241,115382782
20250730,09:40,000001,未知,12.38,12.42,12.38,12.41,51275,63585423
20250730,09:45,000001,未知,12.41,12.41,12.36,12.39,27777,34388709
20250730,09:50,000001,未知,12.39,12.42,12.39,12.42,42835,53161584
20250730,09:55,000001,未知,12.43,12.51,12.43,12.51,145806,181809111
20250730,10:00,000001,未知,12.51,12.61,12.51,12.56,219208,275667682
20250730,10:05,000001,未知,12.56,12.6,12.56,12.59,81238,102269640
20250730,10:10,000001,未知,12.58,12.62,12.58,12.59,99926,125962512
20250730,10:15,000001,未知,12.59,12.62,12.58,12.6,76726,96703190
20250730,10:20,000001,未知,12.6,12.64,12.6,12.62,90158,113801422
20250730,10:25,000001,未知,12.62,12.64,12.56,12.57,63294,79805532
20250730,10:30,000001,未知,12.57,12.57,12.54,12.57,36962,46404930
20250730,10:35,000001,未知,12.57,12.58,12.55,12.55,24068,30224045
20250730,10:40,000001,未知,12.56,12.57,12.55,12.57,19307,24246583
20250730,10:45,000001,未知,12.56,12.6,12.56,12.59,21801,27437850
20250730,10:50,000001,未知,12.59,12.62,12.58,12.6,22192,27958802
20250730,10:55,000001,未知,12.6,12.6,12.58,12.58,14693,18496153
20250730,11:00,000001,未知,12.59,12.6,12.56,12.57,14352,18054688
20250730,11:05,000001,未知,12.57,12.57,12.56,12.56,17204,21614301
20250730,11:10,000001,未知,12.56,12.57,12.55,12.56,14132,17753297
20250730,11:15,000001,未知,12.55,12.58,12.55,12.58,10962,13776084
20250730,11:20,000001,未知,12.57,12.58,12.55,12.55,9237,11607654
20250730,11:25,000001,未知,12.55,12.57,12.55,12.56,10632,13356073
20250730,11:30,000001,未知,12.57,12.58,12.56,12.58,12149,15271095
20250730,13:05,000001,未知,12.58,12.59,12.56,12.59,25183,31668707
20250730,13:10,000001,未知,12.59,12.6,12.56,12.56,20744,26116477
20250730,13:15,000001,未知,12.56,12.57,12.55,12.55,9178,11527288
20250730,13:20,000001,未知,12.55,12.58,12.54,12.57,28347,35591310
20250730,13:25,000001,未知,12.58,12.6,12.57,12.6,10745,13521087
20250730,13:30,000001,未知,12.59,12.6,12.58,12.59,13545,17056629
20250730,13:35,000001,未知,12.59,12.61,12.58,12.58,25143,31671724
20250730,13:40,000001,未知,12.58,12.59,12.56,12.57,15973,20086340
20250730,13:45,000001,未知,12.57,12.58,12.55,12.56,18919,23767224
20250730,13:50,000001,未知,12.55,12.56,12.52,12.53,38059,47702755
20250730,13:55,000001,未知,12.52,12.53,12.51,12.52,21634,27088883
20250730,14:00,000001,未知,12.52,12.53,12.5,12.53,40082,50149795
20250730,14:05,000001,未知,12.51,12.51,12.47,12.47,43552,54390180
20250730,14:10,000001,未知,12.48,12.49,12.46,12.48,24698,30813463
20250730,14:15,000001,未知,12.48,12.48,12.47,12.48,14326,17874038
20250730,14:20,000001,未知,12.48,12.5,12.48,12.5,18915,23624304
20250730,14:25,000001,未知,12.5,12.51,12.49,12.5,17621,22027701
20250730,14:30,000001,未知,12.5,12.51,12.49,12.51,15683,19606577
20250730,14:35,000001,未知,12.51,12.51,12.49,12.49,7430,9287037
20250730,14:40,000001,未知,12.5,12.5,12.49,12.49,8158,10194791
20250730,14:45,000001,未知,12.5,12.5,12.48,12.48,15925,19890035
20250730,14:50,000001,未知,12.48,12.49,12.48,12.49,14549,18168057
20250730,14:55,000001,未知,12.49,12.5,12.48,12.49,22139,27649881
20250730,15:00,000001,未知,12.49,12.51,12.49,12.49,25441,31787936
20250731,09:35,000001,未知,12.51,12.53,12.39,12.4,104952,130669348
20250731,09:40,000001,未知,12.4,12.42,12.38,12.4,53745,66625540
20250731,09:45,000001,未知,12.39,12.4,12.36,12.4,99777,123475278
20250731,09:50,000001,未知,12.39,12.4,12.34,12.35,102580,126738395
20250731,09:55,000001,未知,12.35,12.37,12.33,12.35,50669,62592489
20250731,10:00,000001,未知,12.35,12.36,12.3,12.32,128475,158379966
20250731,10:05,000001,未知,12.32,12.33,12.28,12.31,87656,107802984
20250731,10:10,000001,未知,12.31,12.32,12.3,12.31,33183,40835060
20250731,10:15,000001,未知,12.31,12.33,12.3,12.33,31318,38563563
20250731,10:20,000001,未知,12.33,12.33,12.3,12.33,27102,33374997
20250731,10:25,000001,未知,12.33,12.34,12.31,12.31,13119,16160515
20250731,10:30,000001,未知,12.31,12.32,12.3,12.3,30088,37027616
20250731,10:35,000001,未知,12.31,12.32,12.3,12.31,10159,12503563
20250731,10:40,000001,未知,12.32,12.35,12.31,12.35,17480,21559070
20250731,10:45,000001,未知,12.35,12.35,12.32,12.32,12755,15724713
20250731,10:50,000001,未知,12.32,12.35,12.31,12.35,16747,20646542
20250731,10:55,000001,未知,12.35,12.35,12.33,12.35,11341,13995022
20250731,11:00,000001,未知,12.34,12.35,12.33,12.33,9279,11448378
20250731,11:05,000001,未知,12.33,12.34,12.33,12.33,12374,15259993
20250731,11:10,000001,未知,12.33,12.33,12.31,12.31,11497,14167467
20250731,11:15,000001,未知,12.31,12.32,12.3,12.31,23924,29452582
20250731,11:20,000001,未知,12.31,12.32,12.31,12.31,10232,12597074
20250731,11:25,000001,未知,12.31,12.31,12.29,12.29,35346,43479299
20250731,11:30,000001,未知,12.29,12.3,12.29,12.3,19990,24574613
20250731,13:05,000001,未知,12.29,12.31,12.29,12.31,22971,28252086
20250731,13:10,000001,未知,12.3,12.31,12.28,12.29,29579,36350707
20250731,13:15,000001,未知,12.29,12.29,12.27,12.28,36691,45059360
20250731,13:20,000001,未知,12.27,12.28,12.25,12.26,46817,57424923
20250731,13:25,000001,未知,12.26,12.26,12.24,12.24,48266,59123238
20250731,13:30,000001,未知,12.24,12.25,12.23,12.24,26411,32329399
20250731,13:35,000001,未知,12.25,12.26,12.24,12.25,18018,22069188
20250731,13:40,000001,未知,12.25,12.25,12.22,12.22,42926,52512786
20250731,13:45,000001,未知,12.23,12.25,12.22,12.24,29821,36485564
20250731,13:50,000001,未知,12.24,12.27,12.23,12.27,13815,16918889
20250731,13:55,000001,未知,12.27,12.27,12.25,12.25,9771,11974859
20250731,14:00,000001,未知,12.25,12.29,12.25,12.29,24542,30111415
20250731,14:05,000001,未知,12.29,12.29,12.27,12.29,37024,45455103
20250731,14:10,000001,未知,12.29,12.3,12.26,12.26,20741,25460827
20250731,14:15,000001,未知,12.26,12.28,12.25,12.28,18407,22576681
20250731,14:20,000001,未知,12.28,12.28,12.25,12.26,14068,17248722
20250731,14:25,000001,未知,12.25,12.26,12.24,12.25,22620,27714919
20250731,14:30,000001,未知,12.25,12.26,12.24,12.25,25705,31490033
20250731,14:35,000001,未知,12.24,12.25,12.22,12.23,50622,61944708
20250731,14:40,000001,未知,12.24,12.25,12.23,12.23,22973,28118411
20250731,14:45,000001,未知,12.24,12.24,12.23,12.23,32829,40167500
20250731,14:50,000001,未知,12.23,12.23,12.22,12.23,39347,48096639
20250731,14:55,000001,未知,12.23,12.25,12.22,12.24,50848,62195644
20250731,15:00,000001,未知,12.23,12.26,12.23,12.23,51481,62985105
20250801,09:35,000001,未知,12.24,12.32,12.24,12.3,111701,137244149
20250801,09:40,000001,未知,12.3,12.32,12.25,12.25,59387,73030510
20250801,09:45,000001,未知,12.25,12.27,12.2,12.21,54487,66629597
20250801,09:50,000001,未知,12.22,12.23,12.2,12.2,38646,47201563
20250801,09:55,000001,未知,12.2,12.21,12.16,12.16,74675,90997557
20250801,10:00,000001,未知,12.16,12.18,12.15,12.17,47001,57175435
20250801,10:05,000001,未知,12.16,12.22,12.16,12.21,38874,47410472
20250801,10:10,000001,未知,12.2,12.23,12.19,12.22,19098,23331738
20250801,10:15,000001,未知,12.23,12.24,12.22,12.24,14910,18243782
20250801,10:20,000001,未知,12.24,12.27,12.23,12.26,36041,44133485
20250801,10:25,000001,未知,12.26,12.27,12.24,12.24,14182,17382130
20250801,10:30,000001,未知,12.25,12.28,12.23,12.26,21033,25767595
20250801,10:35,000001,未知,12.27,12.27,12.24,12.25,19886,24378766
20250801,10:40,000001,未知,12.25,12.27,12.25,12.27,13736,16838222
20250801,10:45,000001,未知,12.27,12.27,12.26,12.27,7701,9447324
20250801,10:50,000001,未知,12.26,12.28,12.24,12.26,12086,14819179
20250801,10:55,000001,未知,12.26,12.28,12.25,12.28,7535,9241303
20250801,11:00,000001,未知,12.27,12.29,12.26,12.28,16559,20327508
20250801,11:05,000001,未知,12.28,12.31,12.28,12.28,28518,35059818
20250801,11:10,000001,未知,12.29,12.29,12.26,12.27,12816,15731942
20250801,11:15,000001,未知,12.26,12.28,12.26,12.27,5273,6469747
20250801,11:20,000001,未知,12.27,12.32,12.27,12.31,27402,33719242
20250801,11:25,000001,未知,12.31,12.32,12.29,12.29,11834,14552876
20250801,11:30,000001,未知,12.3,12.31,12.29,12.3,17773,21871544
20250801,13:05,000001,未知,12.31,12.31,12.28,12.29,20772,25544945
20250801,13:10,000001,未知,12.29,12.3,12.27,12.27,8394,10309781
20250801,13:15,000001,未知,12.27,12.28,12.26,12.26,7969,9777981
20250801,13:20,000001,未知,12.26,12.27,12.25,12.26,8883,10889930
20250801,13:25,000001,未知,12.26,12.27,12.25,12.26,11228,13766595
20250801,13:30,000001,未知,12.26,12.27,12.24,12.27,22695,27817315
20250801,13:35,000001,未知,12.27,12.29,12.27,12.28,13395,16446471
20250801,13:40,000001,未知,12.27,12.29,12.26,12.27,15482,18997176
20250801,13:45,000001,未知,12.27,12.27,12.25,12.26,6664,8170521
20250801,13:50,000001,未知,12.26,12.26,12.25,12.26,4560,5588253
20250801,13:55,000001,未知,12.26,12.27,12.25,12.26,5414,6635990
20250801,14:00,000001,未知,12.25,12.26,12.24,12.25,8298,10167896
20250801,14:05,000001,未知,12.25,12.25,12.23,12.23,16849,20620455
20250801,14:10,000001,未知,12.22,12.24,12.22,12.23,10142,12407925
20250801,14:15,000001,未知,12.24,12.25,12.23,12.25,5964,7300348
20250801,14:20,000001,未知,12.25,12.27,12.24,12.26,8194,10040726
20250801,14:25,000001,未知,12.26,12.27,12.25,12.27,10974,13460354
20250801,14:30,000001,未知,12.26,12.27,12.26,12.26,13556,16626087
20250801,14:35,000001,未知,12.27,12.27,12.26,12.26,11934,14638130
20250801,14:40,000001,未知,12.27,12.27,12.25,12.25,15879,19463222
20250801,14:45,000001,未知,12.25,12.27,12.25,12.27,13839,16970274
20250801,14:50,000001,未知,12.27,12.29,12.27,12.28,20797,25544616
20250801,14:55,000001,未知,12.29,12.29,12.27,12.28,21866,26857858
20250801,15:00,000001,未知,12.28,12.29,12.27,12.28,17285,21224037
20250804,09:35,000001,未知,12.24,12.3,12.23,12.3,79681,97811754
20250804,09:40,000001,未知,12.3,12.33,12.27,12.33,67329,82894944
20250804,09:45,000001,未知,12.33,12.33,12.29,12.32,57218,70436596
20250804,09:50,000001,未知,12.32,12.36,12.32,12.36,66582,82151260
20250804,09:55,000001,未知,12.35,12.37,12.34,12.36,56170,69376225
20250804,10:00,000001,未知,12.36,12.38,12.35,12.35,49577,61308814
20250804,10:05,000001,未知,12.36,12.38,12.35,12.36,34370,42483154
20250804,10:10,000001,未知,12.35,12.35,12.3,12.31,30976,38174068
20250804,10:15,000001,未知,12.31,12.33,12.3,12.31,29717,36588785
20250804,10:20,000001,未知,12.3,12.32,12.29,12.3,24127,29684378
20250804,10:25,000001,未知,12.31,12.32,12.29,12.31,24314,29908593
20250804,10:30,000001,未知,12.31,12.32,12.29,12.3,15316,18844286
20250804,10:35,000001,未知,12.31,12.32,12.29,12.29,21791,26796015
20250804,10:40,000001,未知,12.3,12.3,12.27,12.28,30667,37660365
20250804,10:45,000001,未知,12.27,12.3,12.26,12.3,17262,21186692
20250804,10:50,000001,未知,12.3,12.31,12.28,12.31,12392,15235144
20250804,10:55,000001,未知,12.3,12.33,12.29,12.3,23519,28940059
20250804,11:00,000001,未知,12.29,12.3,12.28,12.3,7717,9483242
20250804,11:05,000001,未知,12.29,12.35,12.29,12.34,21949,27053884
20250804,11:10,000001,未知,12.34,12.37,12.32,12.35,30804,38032353
20250804,11:15,000001,未知,12.35,12.36,12.33,12.33,20383,25172913
20250804,11:20,000001,未知,12.34,12.35,12.34,12.34,10343,12772138
20250804,11:25,000001,未知,12.34,12.35,12.33,12.33,4960,6120299
20250804,11:30,000001,未知,12.33,12.34,12.32,12.33,5042,6219050
20250804,13:05,000001,未知,12.32,12.34,12.3,12.3,15756,19409663
20250804,13:10,000001,未知,12.31,12.32,12.3,12.31,8234,10134061
20250804,13:15,000001,未知,12.3,12.31,12.28,12.29,9320,11459711
20250804,13:20,000001,未知,12.29,12.3,12.27,12.27,12306,15116003
20250804,13:25,000001,未知,12.27,12.28,12.27,12.28,11930,14642877
20250804,13:30,000001,未知,12.28,12.29,12.27,12.28,11589,14225983
20250804,13:35,000001,未知,12.28,12.29,12.27,12.29,10600,13016392
20250804,13:40,000001,未知,12.28,12.29,12.27,12.28,5430,6667416
20250804,13:45,000001,未知,12.27,12.29,12.27,12.28,12375,15189346
20250804,13:50,000001,未知,12.28,12.29,12.27,12.28,7883,9678963
20250804,13:55,000001,未知,12.28,12.28,12.27,12.28,11305,13873656
20250804,14:00,000001,未知,12.27,12.28,12.26,12.27,11069,13582941
20250804,14:05,000001,未知,12.27,12.28,12.27,12.28,6269,7695091
20250804,14:10,000001,未知,12.28,12.29,12.28,12.29,8804,10813300
20250804,14:15,000001,未知,12.28,12.3,12.27,12.29,13639,16754170
20250804,14:20,000001,未知,12.3,12.31,12.29,12.31,12143,14939764
20250804,14:25,000001,未知,12.3,12.32,12.3,12.3,9911,12196079
20250804,14:30,000001,未知,12.3,12.31,12.29,12.3,11563,14224609
20250804,14:35,000001,未知,12.3,12.32,12.29,12.3,13476,16581182
20250804,14:40,000001,未知,12.3,12.31,12.29,12.3,7403,9107742
20250804,14:45,000001,未知,12.3,12.31,12.29,12.3,11378,13991233
20250804,14:50,000001,未知,12.3,12.31,12.29,12.29,27949,34362407
20250804,14:55,000001,未知,12.29,12.3,12.28,12.29,27708,34058057
20250804,15:00,000001,未知,12.29,12.3,12.28,12.3,12444,15298845
20250805,09:35,000001,未知,12.3,12.32,12.28,12.31,37124,45677600
20250805,09:40,000001,未知,12.31,12.32,12.28,12.31,28410,34954938
20250805,09:45,000001,未知,12.31,12.34,12.3,12.33,38103,46953168
20250805,09:50,000001,未知,12.32,12.34,12.32,12.32,21677,26731368
20250805,09:55,000001,未知,12.32,12.36,12.32,12.36,30111,37174987
20250805,10:00,000001,未知,12.35,12.37,12.35,12.36,41619,51441061
20250805,10:05,000001,未知,12.37,12.38,12.35,12.38,64960,80350542
20250805,10:10,000001,未知,12.37,12.38,12.35,12.36,26567,32850373
20250805,10:15,000001,未知,12.36,12.38,12.34,12.35,18305,22634170
20250805,10:20,000001,未知,12.34,12.35,12.34,12.34,7890,9741239
20250805,10:25,000001,未知,12.34,12.38,12.34,12.37,26918,33294570
20250805,10:30,000001,未知,12.37,12.39,12.37,12.37,28715,35540663
20250805,10:35,000001,未知,12.37,12.38,12.36,12.37,12065,14923984
20250805,10:40,000001,未知,12.37,12.37,12.36,12.37,6172,7631158
20250805,10:45,000001,未知,12.36,12.38,12.36,12.38,22541,27898441
20250805,10:50,000001,未知,12.38,12.39,12.37,12.38,12308,15238639
20250805,10:55,000001,未知,12.38,12.39,12.36,12.37,11133,13772034
20250805,11:00,000001,未知,12.36,12.37,12.36,12.37,4172,5158949
20250805,11:05,000001,未知,12.36,12.38,12.36,12.38,10782,13336066
20250805,11:10,000001,未知,12.38,12.39,12.37,12.38,14176,17556830
20250805,11:15,000001,未知,12.38,12.39,12.37,12.38,17468,21625796
20250805,11:20,000001,未知,12.38,12.39,12.37,12.39,11279,13967374
20250805,11:25,000001,未知,12.39,12.41,12.39,12.41,47023,58294244
20250805,11:30,000001,未知,12.41,12.42,12.4,12.41,20208,25076470
20250805,13:05,000001,未知,12.41,12.43,12.41,12.43,31672,39332643
20250805,13:10,000001,未知,12.42,12.44,12.42,12.43,35199,43752057
20250805,13:15,000001,未知,12.43,12.47,12.43,12.45,56879,70837675
20250805,13:20,000001,未知,12.45,12.46,12.44,12.45,19385,24127234
20250805,13:25,000001,未知,12.44,12.47,12.44,12.47,25832,32177659
20250805,13:30,000001,未知,12.46,12.47,12.45,12.47,25237,31449220
20250805,13:35,000001,未知,12.47,12.47,12.44,12.46,25153,31319605
20250805,13:40,000001,未知,12.46,12.47,12.45,12.47,24219,30179580
20250805,13:45,000001,未知,12.46,12.48,12.46,12.47,28445,35473977
20250805,13:50,000001,未知,12.47,12.48,12.46,12.46,15053,18777520
20250805,13:55,000001,未知,12.47,12.47,12.45,12.46,11799,14705058
20250805,14:00,000001,未知,12.46,12.46,12.44,12.45,18114,22555276
20250805,14:05,000001,未知,12.45,12.47,12.45,12.46,13078,16293398
20250805,14:10,000001,未知,12.46,12.47,12.45,12.46,13089,16310349
20250805,14:15,000001,未知,12.47,12.48,12.46,12.47,17252,21517249
20250805,14:20,000001,未知,12.48,12.49,12.47,12.48,26147,32635374
20250805,14:25,000001,未知,12.49,12.49,12.48,12.48,17653,22044057
20250805,14:30,000001,未知,12.49,12.49,12.48,12.49,22195,27719155
20250805,14:35,000001,未知,12.49,12.49,12.47,12.48,15225,19008068
20250805,14:40,000001,未知,12.48,12.49,12.47,12.49,17143,21396269
20250805,14:45,000001,未知,12.48,12.5,12.48,12.48,24380,30448394
20250805,14:50,000001,未知,12.49,12.49,12.47,12.48,28257,35269352
20250805,14:55,000001,未知,12.48,12.49,12.47,12.48,35269,44014356
20250805,15:00,000001,未知,12.48,12.48,12.47,12.47,25677,32030234
20250806,09:35,000001,未知,12.47,12.52,12.47,12.51,59503,74348763
20250806,09:40,000001,未知,12.51,12.51,12.48,12.49,37685,47101914
20250806,09:45,000001,未知,12.5,12.51,12.47,12.51,28784,35946222
20250806,09:50,000001,未知,12.5,12.5,12.43,12.45,33209,41375857
20250806,09:55,000001,未知,12.45,12.48,12.44,12.45,22348,27842258
20250806,10:00,000001,未知,12.45,12.46,12.44,12.45,14569,18136702
20250806,10:05,000001,未知,12.44,12.45,12.41,12.42,27008,33553461
20250806,10:10,000001,未知,12.43,12.45,12.4,12.44,25121,31204699
20250806,10:15,000001,未知,12.45,12.46,12.43,12.45,15176,18884797
20250806,10:20,000001,未知,12.45,12.45,12.43,12.43,6828,8492284
20250806,10:25,000001,未知,12.44,12.45,12.43,12.45,7808,9713313
20250806,10:30,000001,未知,12.45,12.45,12.44,12.45,9617,11970019
20250806,10:35,000001,未知,12.45,12.46,12.44,12.45,5667,7056039
20250806,10:40,000001,未知,12.46,12.46,12.43,12.43,13613,16943138
20250806,10:45,000001,未知,12.43,12.45,12.43,12.43,7376,9175629
20250806,10:50,000001,未知,12.44,12.45,12.42,12.43,13035,16206501
20250806,10:55,000001,未知,12.42,12.44,12.42,12.42,6193,7697672
20250806,11:00,000001,未知,12.43,12.45,12.42,12.43,11249,13992448
20250806,11:05,000001,未知,12.43,12.45,12.43,12.43,10192,12683040
20250806,11:10,000001,未知,12.43,12.44,12.41,12.41,20620,25613220
20250806,11:15,000001,未知,12.42,12.43,12.41,12.43,8463,10512473
20250806,11:20,000001,未知,12.42,12.43,12.41,12.43,13603,16898280
20250806,11:25,000001,未知,12.43,12.45,12.42,12.44,6401,7960971
20250806,11:30,000001,未知,12.44,12.44,12.42,12.42,12008,14925775
20250806,13:05,000001,未知,12.43,12.43,12.41,12.43,20416,25359550
20250806,13:10,000001,未知,12.43,12.43,12.41,12.42,6523,8101217
20250806,13:15,000001,未知,12.42,12.43,12.41,12.42,12879,15994620
20250806,13:20,000001,未知,12.42,12.44,12.42,12.44,7354,9141325
20250806,13:25,000001,未知,12.44,12.44,12.42,12.44,9418,11705489
20250806,13:30,000001,未知,12.43,12.44,12.42,12.44,7546,9380775
20250806,13:35,000001,未知,12.44,12.44,12.42,12.44,8290,10306065
20250806,13:40,000001,未知,12.44,12.44,12.42,12.44,14533,18071386
20250806,13:45,000001,未知,12.43,12.44,12.42,12.44,7138,8874625
20250806,13:50,000001,未知,12.43,12.45,12.43,12.44,6664,8288175
20250806,13:55,000001,未知,12.44,12.46,12.43,12.44,14562,18124317
20250806,14:00,000001,未知,12.44,12.46,12.44,12.45,11868,14774130
20250806,14:05,000001,未知,12.45,12.47,12.44,12.47,11820,14724996
20250806,14:10,000001,未知,12.47,12.47,12.45,12.46,11214,13976877
20250806,14:15,000001,未知,12.46,12.46,12.45,12.46,9912,12349512
20250806,14:20,000001,未知,12.46,12.47,12.45,12.46,6574,8190825
20250806,14:25,000001,未知,12.45,12.46,12.45,12.46,5413,6742341
20250806,14:30,000001,未知,12.46,12.46,12.44,12.45,16584,20650850
20250806,14:35,000001,未知,12.45,12.46,12.44,12.46,18671,23242915
20250806,14:40,000001,未知,12.46,12.47,12.45,12.46,11881,14803114
20250806,14:45,000001,未知,12.46,12.47,12.45,12.45,12181,15178565
20250806,14:50,000001,未知,12.46,12.46,12.45,12.46,8086,10070514
20250806,14:55,000001,未知,12.46,12.47,12.45,12.46,18430,22955018
20250806,15:00,000001,未知,12.47,12.47,12.45,12.46,16415,20446926
20250807,09:35,000001,未知,12.44,12.48,12.42,12.43,63130,78550875
20250807,09:40,000001,未知,12.43,12.44,12.39,12.43,51944,64449334
20250807,09:45,000001,未知,12.43,12.48,12.43,12.47,31053,38680434
20250807,09:50,000001,未知,12.48,12.53,12.47,12.52,56675,70869976
20250807,09:55,000001,未知,12.53,12.53,12.5,12.51,36706,45958356
20250807,10:00,000001,未知,12.51,12.51,12.48,12.48,18435,23043248
20250807,10:05,000001,未知,12.49,12.51,12.48,12.51,13527,16900765
20250807,10:10,000001,未知,12.5,12.51,12.48,12.49,12990,16229850
20250807,10:15,000001,未知,12.49,12.52,12.48,12.48,22484,28118213
20250807,10:20,000001,未知,12.48,12.51,12.48,12.5,27941,34900251
20250807,10:25,000001,未知,12.5,12.5,12.47,12.47,11512,14375269
20250807,10:30,000001,未知,12.47,12.48,12.46,12.46,19921,24830150
20250807,10:35,000001,未知,12.46,12.47,12.44,12.46,15942,19849447
20250807,10:40,000001,未知,12.46,12.48,12.45,12.47,11639,14507864
20250807,10:45,000001,未知,12.48,12.5,12.47,12.49,11827,14764622
20250807,10:50,000001,未知,12.49,12.49,12.46,12.48,7340,9157991
20250807,10:55,000001,未知,12.48,12.5,12.48,12.49,8410,10501028
20250807,11:00,000001,未知,12.49,12.49,12.48,12.48,4061,5071029
20250807,11:05,000001,未知,12.48,12.49,12.47,12.47,7206,8993664
20250807,11:10,000001,未知,12.48,12.49,12.47,12.49,12163,15172981
20250807,11:15,000001,未知,12.48,12.5,12.48,12.48,16386,20471929
20250807,11:20,000001,未知,12.48,12.48,12.47,12.48,6937,8654543
20250807,11:25,000001,未知,12.48,12.49,12.47,12.48,9547,11918032
20250807,11:30,000001,未知,12.48,12.49,12.47,12.49,7213,9005057
20250807,13:05,000001,未知,12.49,12.5,12.48,12.49,8944,11168857
20250807,13:10,000001,未知,12.49,12.5,12.48,12.49,6769,8454036
20250807,13:15,000001,未知,12.49,12.51,12.49,12.49,17296,21621097
20250807,13:20,000001,未知,12.49,12.51,12.49,12.51,8110,10137990
20250807,13:25,000001,未知,12.5,12.51,12.5,12.5,7024,8781834
20250807,13:30,000001,未知,12.5,12.51,12.49,12.5,11211,14011067
20250807,13:35,000001,未知,12.5,12.5,12.48,12.48,8560,10688302
20250807,13:40,000001,未知,12.48,12.5,12.48,12.48,4126,5152995
20250807,13:45,000001,未知,12.48,12.49,12.48,12.49,7859,9811050
20250807,13:50,000001,未知,12.48,12.49,12.47,12.49,5574,6956926
20250807,13:55,000001,未知,12.48,12.48,12.47,12.48,5997,7481344
20250807,14:00,000001,未知,12.47,12.48,12.46,12.47,8967,11180878
20250807,14:05,000001,未知,12.47,12.49,12.46,12.48,8894,11098003
20250807,14:10,000001,未知,12.48,12.49,12.47,12.48,9078,11329427
20250807,14:15,000001,未知,12.47,12.49,12.47,12.47,11050,13788589
20250807,14:20,000001,未知,12.48,12.48,12.45,12.46,17890,22285336
20250807,14:25,000001,未知,12.47,12.48,12.46,12.48,4847,6045914
20250807,14:30,000001,未知,12.47,12.48,12.46,12.46,7956,9918759
20250807,14:35,000001,未知,12.47,12.48,12.46,12.47,9986,12450496
20250807,14:40,000001,未知,12.47,12.48,12.46,12.47,6553,8169263
20250807,14:45,000001,未知,12.47,12.48,12.46,12.46,12680,15811265
20250807,14:50,000001,未知,12.47,12.48,12.46,12.47,9414,11738185
20250807,14:55,000001,未知,12.47,12.47,12.46,12.47,18075,22535054
20250807,15:00,000001,未知,12.47,12.47,12.46,12.47,20204,25187462
20250808,09:35,000001,未知,12.48,12.53,12.48,12.51,66184,82743305
20250808,09:40,000001,未知,12.52,12.53,12.49,12.5,33775,42236270
20250808,09:45,000001,未知,12.49,12.51,12.46,12.47,29232,36493481
20250808,09:50,000001,未知,12.46,12.48,12.44,12.44,21257,26491088
20250808,09:55,000001,未知,12.45,12.45,12.43,12.43,21438,26673681
20250808,10:00,000001,未知,12.43,12.45,12.43,12.44,11413,14196117
20250808,10:05,000001,未知,12.45,12.46,12.43,12.46,15422,19195989
20250808,10:10,000001,未知,12.46,12.48,12.45,12.47,37366,46573985
20250808,10:15,000001,未知,12.47,12.51,12.47,12.51,23049,28779693
20250808,10:20,000001,未知,12.51,12.52,12.5,12.5,37608,47043365
20250808,10:25,000001,未知,12.5,12.5,12.47,12.47,22325,27864958
20250808,10:30,000001,未知,12.46,12.46,12.43,12.45,26545,33032218
20250808,10:35,000001,未知,12.45,12.45,12.43,12.44,21482,26719999
20250808,10:40,000001,未知,12.45,12.46,12.44,12.45,13118,16328174
20250808,10:45,000001,未知,12.44,12.45,12.42,12.43,31696,39382240
20250808,10:50,000001,未知,12.42,12.45,12.42,12.45,17785,22114891
20250808,10:55,000001,未知,12.43,12.46,12.43,12.46,5540,6892914
20250808,11:00,000001,未知,12.45,12.46,12.44,12.45,4840,6024966
20250808,11:05,000001,未知,12.45,12.45,12.42,12.42,23391,29073296
20250808,11:10,000001,未知,12.42,12.44,12.42,12.43,11343,14093720
20250808,11:15,000001,未知,12.44,12.45,12.43,12.44,4455,5540470
20250808,11:20,000001,未知,12.44,12.46,12.43,12.45,8947,11139526
20250808,11:25,000001,未知,12.46,12.46,12.44,12.45,3861,4804981
20250808,11:30,000001,未知,12.44,12.45,12.43,12.43,6436,8003745
20250808,13:05,000001,未知,12.43,12.44,12.42,12.43,13895,17268213
20250808,13:10,000001,未知,12.44,12.44,12.43,12.44,4181,5198747
20250808,13:15,000001,未知,12.43,12.45,12.42,12.44,8433,10485476
20250808,13:20,000001,未知,12.44,12.45,12.43,12.43,7002,8709577
20250808,13:25,000001,未知,12.43,12.44,12.43,12.43,5931,7374023
20250808,13:30,000001,未知,12.44,12.44,12.41,12.42,35464,44024932
20250808,13:35,000001,未知,12.42,12.42,12.4,12.41,19093,23696644
20250808,13:40,000001,未知,12.42,12.42,12.41,12.42,3487,4329690
20250808,13:45,000001,未知,12.41,12.43,12.41,12.41,9502,11799917
20250808,13:50,000001,未知,12.41,12.42,12.41,12.42,6808,8452869
20250808,13:55,000001,未知,12.41,12.42,12.4,12.4,19847,24628834
20250808,14:00,000001,未知,12.41,12.41,12.4,12.41,11324,14048825
20250808,14:05,000001,未知,12.41,12.42,12.4,12.42,11763,14599711
20250808,14:10,000001,未知,12.42,12.43,12.41,12.43,6456,8019580
20250808,14:15,000001,未知,12.42,12.43,12.41,12.41,5866,7284109
20250808,14:20,000001,未知,12.42,12.42,12.41,12.41,8014,9947738
20250808,14:25,000001,未知,12.42,12.42,12.4,12.41,5923,7351660
20250808,14:30,000001,未知,12.42,12.42,12.39,12.4,55166,68402255
20250808,14:35,000001,未知,12.4,12.41,12.39,12.41,23514,29175675
20250808,14:40,000001,未知,12.4,12.41,12.4,12.4,8227,10207003
20250808,14:45,000001,未知,12.41,12.41,12.4,12.41,9516,11805795
20250808,14:50,000001,未知,12.41,12.41,12.4,12.41,19371,24034754
20250808,14:55,000001,未知,12.41,12.41,12.4,12.4,16214,20109069
20250808,15:00,000001,未知,12.41,12.41,12.39,12.4,16291,20200370
20250811,09:35,000001,未知,12.4,12.41,12.33,12.34,70302,86934995
20250811,09:40,000001,未知,12.34,12.35,12.29,12.3,86731,106806832
20250811,09:45,000001,未知,12.3,12.32,12.29,12.31,52966,65167389
20250811,09:50,000001,未知,12.32,12.34,12.3,12.34,27565,33952889
20250811,09:55,000001,未知,12.35,12.35,12.32,12.35,14599,18017084
20250811,10:00,000001,未知,12.34,12.35,12.32,12.32,17691,21819451
20250811,10:05,000001,未知,12.33,12.34,12.29,12.31,79128,97344106
20250811,10:10,000001,未知,12.3,12.31,12.29,12.29,31430,38641423
20250811,10:15,000001,未知,12.3,12.3,12.28,12.28,51582,63370727
20250811,10:20,000001,未知,12.29,12.31,12.28,12.3,16372,20129171
20250811,10:25,000001,未知,12.3,12.31,12.29,12.31,9138,11243798
20250811,10:30,000001,未知,12.31,12.31,12.29,12.3,7633,9387851
20250811,10:35,000001,未知,12.3,12.31,12.29,12.31,8164,10043112
20250811,10:40,000001,未知,12.31,12.32,12.3,12.3,13439,16538149
20250811,10:45,000001,未知,12.3,12.32,12.3,12.31,13713,16881101
20250811,10:50,000001,未知,12.31,12.32,12.29,12.3,12820,15769156
20250811,10:55,000001,未知,12.31,12.32,12.3,12.32,7793,9591061
20250811,11:00,000001,未知,12.31,12.33,12.31,12.33,8262,10181669
20250811,11:05,000001,未知,12.33,12.35,12.32,12.33,10460,12902096
20250811,11:10,000001,未知,12.33,12.34,12.32,12.32,6404,7896479
20250811,11:15,000001,未知,12.33,12.33,12.31,12.31,28131,34681581
20250811,11:20,000001,未知,12.32,12.32,12.31,12.31,7536,9280992
20250811,11:25,000001,未知,12.32,12.32,12.3,12.31,9996,12302823
20250811,11:30,000001,未知,12.31,12.33,12.31,12.32,7177,8839232
20250811,13:05,000001,未知,12.31,12.32,12.3,12.31,25229,31065149
20250811,13:10,000001,未知,12.32,12.33,12.29,12.32,35450,43636335
20250811,13:15,000001,未知,12.33,12.33,12.31,12.31,9778,12041786
20250811,13:20,000001,未知,12.32,12.33,12.31,12.31,10757,13251517
20250811,13:25,000001,未知,12.32,12.32,12.3,12.31,11375,14003581
20250811,13:30,000001,未知,12.31,12.32,12.31,12.32,6897,8494896
20250811,13:35,000001,未知,12.32,12.32,12.31,12.31,6050,7451851
20250811,13:40,000001,未知,12.31,12.33,12.31,12.32,13640,16806884
20250811,13:45,000001,未知,12.32,12.32,12.31,12.32,6925,8528860
20250811,13:50,000001,未知,12.32,12.32,12.31,12.32,8708,10723642
20250811,13:55,000001,未知,12.32,12.32,12.31,12.32,5982,7367968
20250811,14:00,000001,未知,12.31,12.32,12.3,12.31,12972,15968798
20250811,14:05,000001,未知,12.31,12.33,12.31,12.32,12231,15067344
20250811,14:10,000001,未知,12.32,12.33,12.3,12.31,17829,21945280
20250811,14:15,000001,未知,12.31,12.31,12.3,12.31,12351,15201333
20250811,14:20,000001,未知,12.31,12.31,12.3,12.3,13855,17052769
20250811,14:25,000001,未知,12.31,12.32,12.3,12.32,9959,12258118
20250811,14:30,000001,未知,12.32,12.32,12.31,12.32,12033,14819829
20250811,14:35,000001,未知,12.32,12.32,12.31,12.32,8470,10430975
20250811,14:40,000001,未知,12.32,12.32,12.3,12.3,13840,17035078
20250811,14:45,000001,未知,12.31,12.31,12.3,12.31,13915,17120962
20250811,14:50,000001,未知,12.31,12.31,12.3,12.3,17996,22144217
20250811,14:55,000001,未知,12.31,12.31,12.29,12.3,27571,33909218
20250811,15:00,000001,未知,12.3,12.3,12.29,12.3,21508,26451341
20250812,09:35,000001,未知,12.3,12.35,12.3,12.35,57128,70445333
20250812,09:40,000001,未知,12.36,12.36,12.32,12.33,31884,39356171
20250812,09:45,000001,未知,12.34,12.36,12.33,12.35,32767,40452970
20250812,09:50,000001,未知,12.35,12.35,12.33,12.34,16394,20229928
20250812,09:55,000001,未知,12.34,12.35,12.32,12.35,18231,22492690
20250812,10:00,000001,未知,12.35,12.36,12.33,12.35,26242,32405523
20250812,10:05,000001,未知,12.35,12.37,12.35,12.37,23675,29260919
20250812,10:10,000001,未知,12.37,12.38,12.36,12.37,26445,32706139
20250812,10:15,000001,未知,12.38,12.39,12.37,12.37,30089,37252116
20250812,10:20,000001,未知,12.38,12.4,12.38,12.38,35881,44451949
20250812,10:25,000001,未知,12.39,12.4,12.37,12.37,22282,27594078
20250812,10:30,000001,未知,12.37,12.38,12.36,12.37,8277,10239406
20250812,10:35,000001,未知,12.36,12.38,12.36,12.38,11308,13985320
20250812,10:40,000001,未知,12.37,12.38,12.36,12.36,11807,14612232
20250812,10:45,000001,未知,12.36,12.37,12.35,12.35,5998,7412315
20250812,10:50,000001,未知,12.35,12.36,12.34,12.36,8135,10048638
20250812,10:55,000001,未知,12.35,12.36,12.34,12.34,9948,12285560
20250812,11:00,000001,未知,12.35,12.35,12.33,12.34,7148,8818749
20250812,11:05,000001,未知,12.33,12.35,12.33,12.34,4958,6117461
20250812,11:10,000001,未知,12.34,12.36,12.34,12.36,7140,8819995
20250812,11:15,000001,未知,12.35,12.38,12.35,12.37,17190,21265805
20250812,11:20,000001,未知,12.36,12.38,12.36,12.37,9072,11219150
20250812,11:25,000001,未知,12.37,12.37,12.34,12.34,16067,19856573
20250812,11:30,000001,未知,12.34,12.36,12.34,12.36,4599,5679603
20250812,13:05,000001,未知,12.36,12.37,12.32,12.33,18273,22551293
20250812,13:10,000001,未知,12.34,12.34,12.32,12.32,7950,9801781
20250812,13:15,000001,未知,12.33,12.34,12.32,12.32,8883,10954038
20250812,13:20,000001,未知,12.32,12.33,12.32,12.33,8835,10888584
20250812,13:25,000001,未知,12.33,12.34,12.32,12.33,10307,12706720
20250812,13:30,000001,未知,12.33,12.34,12.32,12.34,8542,10531733
20250812,13:35,000001,未知,12.34,12.34,12.31,12.34,13408,16528997
20250812,13:40,000001,未知,12.33,12.34,12.32,12.32,5523,6810702
20250812,13:45,000001,未知,12.32,12.34,12.32,12.34,4853,5986757
20250812,13:50,000001,未知,12.33,12.34,12.32,12.33,6023,7426969
20250812,13:55,000001,未知,12.33,12.34,12.32,12.33,10794,13302620
20250812,14:00,000001,未知,12.32,12.33,12.32,12.32,6808,8388263
20250812,14:05,000001,未知,12.32,12.34,12.32,12.33,8185,10093871
20250812,14:10,000001,未知,12.33,12.33,12.32,12.33,11967,14748856
20250812,14:15,000001,未知,12.32,12.33,12.32,12.33,4608,5679552
20250812,14:20,000001,未知,12.33,12.33,12.31,12.32,14553,17929139
20250812,14:25,000001,未知,12.32,12.34,12.32,12.33,15139,18660449
20250812,14:30,000001,未知,12.33,12.34,12.32,12.33,5884,7253818
20250812,14:35,000001,未知,12.33,12.34,12.32,12.32,6823,8410154
20250812,14:40,000001,未知,12.32,12.33,12.32,12.33,5716,7044364
20250812,14:45,000001,未知,12.32,12.33,12.32,12.32,7241,8924191
20250812,14:50,000001,未知,12.32,12.33,12.32,12.33,16741,20628722
20250812,14:55,000001,未知,12.33,12.33,12.32,12.32,18297,22550902
20250812,15:00,000001,未知,12.32,12.34,12.32,12.33,12038,14840909
20250813,09:35,000001,未知,12.37,12.4,12.35,12.39,62401,77218501
20250813,09:40,000001,未知,12.39,12.39,12.33,12.34,30006,37060987
20250813,09:45,000001,未知,12.34,12.35,12.33,12.34,15400,19005042
20250813,09:50,000001,未知,12.35,12.35,12.32,12.33,18846,23244906
20250813,09:55,000001,未知,12.33,12.35,12.33,12.34,19969,24636552
20250813,10:00,000001,未知,12.33,12.34,12.32,12.34,13531,16684601
20250813,10:05,000001,未知,12.34,12.34,12.3,12.31,30493,37555490
20250813,10:10,000001,未知,12.3,12.31,12.27,12.28,65174,80090230
20250813,10:15,000001,未知,12.27,12.3,12.27,12.29,19758,24277791
20250813,10:20,000001,未知,12.29,12.31,12.29,12.29,15898,19551725
20250813,10:25,000001,未知,12.29,12.32,12.29,12.31,18192,22379232
20250813,10:30,000001,未知,12.31,12.32,12.3,12.3,10255,12627196
20250813,10:35,000001,未知,12.3,12.32,12.3,12.32,13449,16554064
20250813,10:40,000001,未知,12.32,12.32,12.3,12.31,14804,18212353
20250813,10:45,000001,未知,12.3,12.32,12.3,12.32,12879,15854228
20250813,10:50,000001,未知,12.32,12.34,12.31,12.33,12363,15240776
20250813,10:55,000001,未知,12.33,12.34,12.31,12.31,5685,7008801
20250813,11:00,000001,未知,12.32,12.32,12.3,12.31,8186,10075682
20250813,11:05,000001,未知,12.3,12.31,12.29,12.31,11727,14422887
20250813,11:10,000001,未知,12.3,12.32,12.3,12.32,13146,16180179
20250813,11:15,000001,未知,12.32,12.34,12.31,12.34,18994,23421980
20250813,11:20,000001,未知,12.34,12.36,12.33,12.34,20867,25770134
20250813,11:25,000001,未知,12.35,12.35,12.31,12.31,15600,19221497
20250813,11:30,000001,未知,12.31,12.33,12.31,12.32,11509,14175016
20250813,13:05,000001,未知,12.33,12.33,12.3,12.32,27773,34197492
20250813,13:10,000001,未知,12.32,12.32,12.3,12.3,35471,43658900
20250813,13:15,000001,未知,12.3,12.31,12.29,12.31,14027,17255121
20250813,13:20,000001,未知,12.31,12.32,12.29,12.3,14745,18146532
20250813,13:25,000001,未知,12.3,12.3,12.28,12.3,38965,47867732
20250813,13:30,000001,未知,12.3,12.3,12.28,12.29,39672,48772345
20250813,13:35,000001,未知,12.29,12.29,12.27,12.27,48514,59574394
20250813,13:40,000001,未知,12.27,12.29,12.27,12.28,18105,22233758
20250813,13:45,000001,未知,12.29,12.29,12.28,12.29,6466,7945507
20250813,13:50,000001,未知,12.29,12.29,12.28,12.29,12057,14815427
20250813,13:55,000001,未知,12.29,12.29,12.28,12.29,15477,19011149
20250813,14:00,000001,未知,12.29,12.29,12.27,12.28,21799,26768234
20250813,14:05,000001,未知,12.28,12.29,12.27,12.28,16784,20612631
20250813,14:10,000001,未知,12.29,12.29,12.27,12.28,15300,18787037
20250813,14:15,000001,未知,12.27,12.29,12.27,12.27,13614,16716370
20250813,14:20,000001,未知,12.27,12.28,12.27,12.28,16719,20520467
20250813,14:25,000001,未知,12.27,12.27,12.26,12.27,44646,54771270
20250813,14:30,000001,未知,12.27,12.27,12.25,12.26,45453,55717800
20250813,14:35,000001,未知,12.25,12.26,12.23,12.25,59717,73118550
20250813,14:40,000001,未知,12.24,12.25,12.24,12.25,25580,31325100
20250813,14:45,000001,未知,12.25,12.25,12.24,12.25,24760,30313594
20250813,14:50,000001,未知,12.24,12.26,12.24,12.25,29300,35887347
20250813,14:55,000001,未知,12.25,12.26,12.24,12.25,30249,37054897
20250813,15:00,000001,未知,12.25,12.27,12.25,12.26,25488,31244861
20250814,09:35,000001,未知,12.27,12.28,12.26,12.28,45018,55239084
20250814,09:40,000001,未知,12.27,12.3,12.27,12.29,54219,66629907
20250814,09:45,000001,未知,12.29,12.33,12.29,12.31,58468,72022168
20250814,09:50,000001,未知,12.31,12.33,12.3,12.32,106332,130993293
20250814,09:55,000001,未知,12.32,12.33,12.31,12.31,56729,69898071
20250814,10:00,000001,未知,12.31,12.33,12.31,12.31,36815,45358655
20250814,10:05,000001,未知,12.32,12.32,12.3,12.31,23662,29132996
20250814,10:10,000001,未知,12.31,12.33,12.3,12.33,27588,33978224
20250814,10:15,000001,未知,12.33,12.34,12.32,12.33,35502,43781415
20250814,10:20,000001,未知,12.33,12.33,12.31,12.31,18144,22348889
20250814,10:25,000001,未知,12.32,12.32,12.31,12.32,20409,25138847
20250814,10:30,000001,未知,12.32,12.32,12.3,12.32,15769,19417351
20250814,10:35,000001,未知,12.32,12.32,12.31,12.32,12429,15309412
20250814,10:40,000001,未知,12.32,12.33,12.3,12.3,18091,22278018
20250814,10:45,000001,未知,12.3,12.31,12.28,12.29,19951,24523192
20250814,10:50,000001,未知,12.28,12.29,12.27,12.28,12829,15757779
20250814,10:55,000001,未知,12.29,12.32,12.28,12.31,11816,14537296
20250814,11:00,000001,未知,12.31,12.32,12.3,12.32,12062,14846399
20250814,11:05,000001,未知,12.31,12.33,12.31,12.33,33043,40712653
20250814,11:10,000001,未知,12.33,12.34,12.32,12.32,35329,43562212
20250814,11:15,000001,未知,12.33,12.33,12.31,12.32,16193,19947495
20250814,11:20,000001,未知,12.31,12.32,12.29,12.29,18413,22647907
20250814,11:25,000001,未知,12.3,12.31,12.29,12.3,8054,9905760
20250814,11:30,000001,未知,12.29,12.3,12.28,12.29,20168,24781068
20250814,13:05,000001,未知,12.29,12.29,12.26,12.28,24876,30535153
20250814,13:10,000001,未知,12.28,12.28,12.26,12.26,14268,17505205
20250814,13:15,000001,未知,12.27,12.27,12.26,12.26,19964,24485922
20250814,13:20,000001,未知,12.26,12.27,12.25,12.26,18139,22234030
20250814,13:25,000001,未知,12.26,12.26,12.22,12.23,43471,53224518
20250814,13:30,000001,未知,12.22,12.23,12.21,12.23,28965,35400876
20250814,13:35,000001,未知,12.23,12.24,12.22,12.22,17974,21978045
20250814,13:40,000001,未知,12.22,12.25,12.22,12.25,10996,13454572
20250814,13:45,000001,未知,12.25,12.26,12.23,12.24,14082,17246787
20250814,13:50,000001,未知,12.24,12.26,12.23,12.23,9492,11622345
20250814,13:55,000001,未知,12.24,12.24,12.22,12.23,26855,32838326
20250814,14:00,000001,未知,12.23,12.23,12.22,12.23,13353,16327230
20250814,14:05,000001,未知,12.24,12.24,12.23,12.24,8711,10658442
20250814,14:10,000001,未知,12.24,12.24,12.23,12.23,14380,17596131
20250814,14:15,000001,未知,12.23,12.24,12.23,12.24,7213,8825366
20250814,14:20,000001,未知,12.24,12.24,12.22,12.23,19981,24437172
20250814,14:25,000001,未知,12.24,12.24,12.22,12.24,12518,15309969
20250814,14:30,000001,未知,12.24,12.24,12.22,12.23,11950,14613194
20250814,14:35,000001,未知,12.24,12.24,12.22,12.23,12412,15173822
20250814,14:40,000001,未知,12.23,12.24,12.22,12.22,15530,18989538
20250814,14:45,000001,未知,12.22,12.23,12.22,12.23,16421,20072211
20250814,14:50,000001,未知,12.22,12.22,12.19,12.19,101995,124469709
20250814,14:55,000001,未知,12.2,12.21,12.19,12.2,21746,26531192
20250814,15:00,000001,未知,12.2,12.21,12.19,12.2,38716,47236008
20250815,09:35,000001,未知,12.23,12.23,12.1,12.1,148392,180145375
20250815,09:40,000001,未知,12.1,12.11,12.06,12.06,158025,190838511
20250815,09:45,000001,未知,12.06,12.06,12.02,12.03,105125,126556777
20250815,09:50,000001,未知,12.02,12.07,12.01,12.06,75935,91373695
20250815,09:55,000001,未知,12.06,12.07,12.03,12.04,44371,53451345
20250815,10:00,000001,未知,12.04,12.05,12.02,12.03,55267,66510155
20250815,10:05,000001,未知,12.04,12.04,12.02,12.02,57024,68608692
20250815,10:10,000001,未知,12.02,12.03,12,12.01,93468,112300547
20250815,10:15,000001,未知,12.01,12.02,11.98,12.02,119161,142964106
20250815,10:20,000001,未知,12.02,12.03,12,12,38358,46092452
20250815,10:25,000001,未知,12.01,12.01,11.97,11.97,92630,110980510
20250815,10:30,000001,未知,11.97,11.98,11.95,11.95,76132,91088812
20250815,10:35,000001,未知,11.96,11.99,11.94,11.99,61090,73080562
20250815,10:40,000001,未知,11.99,12,11.97,11.98,26310,31530176
20250815,10:45,000001,未知,11.98,11.99,11.97,11.98,19076,22847660
20250815,10:50,000001,未知,11.98,11.98,11.97,11.97,20390,24414723
20250815,10:55,000001,未知,11.97,11.99,11.96,11.99,19124,22902950
20250815,11:00,000001,未知,11.99,11.99,11.97,11.97,16911,20256508
20250815,11:05,000001,未知,11.97,12,11.96,12,17860,21404877
20250815,11:10,000001,未知,12,12,11.98,11.99,31316,37545696
20250815,11:15,000001,未知,11.98,11.99,11.96,11.97,27859,33380847
20250815,11:20,000001,未知,11.97,11.97,11.95,11.97,45651,54601064
20250815,11:25,000001,未知,11.96,12,11.95,11.99,33522,40135513
20250815,11:30,000001,未知,11.99,12,11.98,12,24403,29253638
20250815,13:05,000001,未知,12,12.02,11.99,12,64431,77310318
20250815,13:10,000001,未知,12.01,12.03,12,12.02,23378,28083619
20250815,13:15,000001,未知,12.01,12.02,12,12.01,14174,17023040
20250815,13:20,000001,未知,12,12.02,12,12.02,16099,19333903
20250815,13:25,000001,未知,12.01,12.05,12.01,12.04,39554,47605729
20250815,13:30,000001,未知,12.04,12.06,12.03,12.05,26747,32231313
20250815,13:35,000001,未知,12.05,12.05,12.03,12.04,22158,26679652
20250815,13:40,000001,未知,12.04,12.05,12.02,12.03,12656,15229124
20250815,13:45,000001,未知,12.02,12.04,12.02,12.04,19427,23378546
20250815,13:50,000001,未知,12.04,12.08,12.03,12.08,33855,40829061
20250815,13:55,000001,未知,12.08,12.08,12.05,12.07,14319,17280551
20250815,14:00,000001,未知,12.07,12.07,12.04,12.05,12290,14809675
20250815,14:05,000001,未知,12.05,12.08,12.05,12.06,26842,32378561
20250815,14:10,000001,未知,12.06,12.07,12.04,12.06,17466,21055202
20250815,14:15,000001,未知,12.05,12.08,12.05,12.07,18564,22398974
20250815,14:20,000001,未知,12.07,12.08,12.06,12.07,10794,13028039
20250815,14:25,000001,未知,12.06,12.08,12.06,12.06,13991,16887633
20250815,14:30,000001,未知,12.07,12.08,12.06,12.07,19267,23249458
20250815,14:35,000001,未知,12.07,12.08,12.06,12.08,10017,12091886
20250815,14:40,000001,未知,12.07,12.09,12.06,12.08,29464,35587666
20250815,14:45,000001,未知,12.08,12.09,12.07,12.08,17343,20954014
20250815,14:50,000001,未知,12.09,12.09,12.07,12.08,24944,30132846
20250815,14:55,000001,未知,12.08,12.09,12.07,12.08,31222,37704859
20250815,15:00,000001,未知,12.09,12.09,12.07,12.08,22101,26695459
20250818,09:35,000001,未知,12.06,12.09,12.04,12.08,94354,113784475
20250818,09:40,000001,未知,12.08,12.09,12.05,12.07,42339,51100622
20250818,09:45,000001,未知,12.07,12.1,12.06,12.07,48512,58589553
20250818,09:50,000001,未知,12.08,12.09,12.05,12.07,40833,49312927
20250818,09:55,000001,未知,12.08,12.08,12.06,12.07,25996,31382517
20250818,10:00,000001,未知,12.07,12.07,12.06,12.07,16889,20378226
20250818,10:05,000001,未知,12.07,12.07,12.03,12.04,55685,67057866
20250818,10:10,000001,未知,12.04,12.07,12.04,12.05,47391,57113095
20250818,10:15,000001,未知,12.07,12.07,12.04,12.05,46624,56162074
20250818,10:20,000001,未知,12.06,12.06,12.05,12.05,12301,14827386
20250818,10:25,000001,未知,12.06,12.07,12.04,12.05,25401,30618320
20250818,10:30,000001,未知,12.05,12.06,12.05,12.06,21823,26305412
20250818,10:35,000001,未知,12.05,12.06,12.04,12.06,27169,32739661
20250818,10:40,000001,未知,12.06,12.07,12.04,12.06,15715,18946220
20250818,10:45,000001,未知,12.06,12.07,12.05,12.06,11560,13944806
20250818,10:50,000001,未知,12.06,12.09,12.06,12.08,38358,46334395
20250818,10:55,000001,未知,12.09,12.09,12.07,12.08,16370,19778758
20250818,11:00,000001,未知,12.07,12.08,12.06,12.08,11883,14346018
20250818,11:05,000001,未知,12.08,12.09,12.07,12.09,16851,20358184
20250818,11:10,000001,未知,12.09,12.11,12.08,12.11,54239,65654639
20250818,11:15,000001,未知,12.11,12.12,12.1,12.11,18870,22854210
20250818,11:20,000001,未知,12.11,12.14,12.11,12.12,43709,53022414
20250818,11:25,000001,未知,12.12,12.13,12.12,12.12,14520,17607648
20250818,11:30,000001,未知,12.12,12.14,12.12,12.13,15373,18644673
20250818,13:05,000001,未知,12.12,12.14,12.12,12.13,30482,36976090
20250818,13:10,000001,未知,12.13,12.15,12.13,12.14,28653,34772035
20250818,13:15,000001,未知,12.14,12.15,12.13,12.13,16231,19708004
20250818,13:20,000001,未知,12.13,12.13,12.12,12.12,17057,20683602
20250818,13:25,000001,未知,12.13,12.13,12.11,12.11,13260,16070693
20250818,13:30,000001,未知,12.11,12.12,12.11,12.11,9510,11519011
20250818,13:35,000001,未知,12.11,12.12,12.11,12.11,9294,11259816
20250818,13:40,000001,未知,12.11,12.12,12.1,12.1,11007,13328031
20250818,13:45,000001,未知,12.1,12.11,12.09,12.1,14289,17296780
20250818,13:50,000001,未知,12.1,12.11,12.1,12.11,7755,9388167
20250818,13:55,000001,未知,12.1,12.11,12.08,12.1,21078,25494641
20250818,14:00,000001,未知,12.09,12.09,12.07,12.08,37596,45421920
20250818,14:05,000001,未知,12.07,12.08,12.06,12.06,22696,27394423
20250818,14:10,000001,未知,12.06,12.07,12.05,12.05,30218,36440401
20250818,14:15,000001,未知,12.05,12.07,12.05,12.06,16040,19341355
20250818,14:20,000001,未知,12.06,12.07,12.04,12.05,30472,36729586
20250818,14:25,000001,未知,12.05,12.06,12.04,12.06,28164,33943721
20250818,14:30,000001,未知,12.06,12.06,12.05,12.06,8726,10516663
20250818,14:35,000001,未知,12.06,12.07,12.05,12.07,14098,17011217
20250818,14:40,000001,未知,12.07,12.08,12.06,12.08,21905,26441317
20250818,14:45,000001,未知,12.07,12.08,12.07,12.08,12736,15376685
20250818,14:50,000001,未知,12.08,12.08,12.07,12.07,20402,24630815
20250818,14:55,000001,未知,12.07,12.09,12.07,12.08,29519,35647459
20250818,15:00,000001,未知,12.08,12.09,12.07,12.08,25105,30329452
20250819,09:35,000001,未知,12.1,12.12,12.08,12.1,61611,74524054
20250819,09:40,000001,未知,12.11,12.11,12.07,12.08,56353,68121195
20250819,09:45,000001,未知,12.08,12.1,12.07,12.09,22446,27126432
20250819,09:50,000001,未知,12.09,12.1,12.06,12.06,23695,28611997
20250819,09:55,000001,未知,12.07,12.09,12.06,12.08,22235,26859362
20250819,10:00,000001,未知,12.08,12.1,12.08,12.08,19654,23756245
20250819,10:05,000001,未知,12.08,12.11,12.08,12.09,39880,48229215
20250819,10:10,000001,未知,12.09,12.09,12.06,12.06,36166,43682566
20250819,10:15,000001,未知,12.06,12.1,12.06,12.1,19089,23071260
20250819,10:20,000001,未知,12.1,12.11,12.09,12.09,21070,25493654
20250819,10:25,000001,未知,12.09,12.1,12.07,12.08,37170,44949287
20250819,10:30,000001,未知,12.08,12.08,12.05,12.08,34103,41136182
20250819,10:35,000001,未知,12.08,12.08,12.07,12.07,5065,6116425
20250819,10:40,000001,未知,12.07,12.09,12.07,12.07,7799,9419340
20250819,10:45,000001,未知,12.07,12.08,12.06,12.07,13816,16668933
20250819,10:50,000001,未知,12.06,12.07,12.06,12.07,5655,6822183
20250819,10:55,000001,未知,12.07,12.07,12.06,12.06,7432,8965075
20250819,11:00,000001,未知,12.06,12.07,12.06,12.07,6883,8302380
20250819,11:05,000001,未知,12.07,12.07,12.06,12.07,9747,11760468
20250819,11:10,000001,未知,12.07,12.07,12.06,12.06,7482,9029445
20250819,11:15,000001,未知,12.07,12.07,12.06,12.07,4275,5158413
20250819,11:20,000001,未知,12.07,12.07,12.04,12.04,32721,39439428
20250819,11:25,000001,未知,12.05,12.05,12.04,12.05,14423,17368881
20250819,11:30,000001,未知,12.04,12.05,12.04,12.05,11859,14283979
20250819,13:05,000001,未知,12.05,12.07,12.04,12.06,20822,25098688
20250819,13:10,000001,未知,12.07,12.07,12.05,12.05,8721,10516698
20250819,13:15,000001,未知,12.06,12.07,12.05,12.05,12188,14699427
20250819,13:20,000001,未知,12.05,12.07,12.05,12.06,19903,24008723
20250819,13:25,000001,未知,12.06,12.07,12.05,12.06,9497,11455421
20250819,13:30,000001,未知,12.05,12.07,12.05,12.06,14109,17016124
20250819,13:35,000001,未知,12.06,12.07,12.05,12.05,7442,8973628
20250819,13:40,000001,未知,12.05,12.06,12.04,12.05,22213,26757551
20250819,13:45,000001,未知,12.04,12.06,12.04,12.05,9758,11755415
20250819,13:50,000001,未知,12.04,12.05,12.03,12.04,15635,18823289
20250819,13:55,000001,未知,12.04,12.05,12.03,12.04,28616,34450179
20250819,14:00,000001,未知,12.04,12.04,12.03,12.03,14161,17037107
20250819,14:05,000001,未知,12.04,12.04,12.02,12.04,21459,25816146
20250819,14:10,000001,未知,12.04,12.06,12.03,12.05,24904,29989664
20250819,14:15,000001,未知,12.05,12.07,12.05,12.06,14768,17805774
20250819,14:20,000001,未知,12.06,12.07,12.04,12.05,14807,17843730
20250819,14:25,000001,未知,12.04,12.05,12.03,12.04,14361,17291491
20250819,14:30,000001,未知,12.03,12.05,12.03,12.04,17677,21280141
20250819,14:35,000001,未知,12.04,12.05,12.03,12.05,10725,12910290
20250819,14:40,000001,未知,12.05,12.05,12.04,12.05,7446,8970066
20250819,14:45,000001,未知,12.05,12.06,12.04,12.06,16046,19339358
20250819,14:50,000001,未知,12.06,12.06,12.05,12.05,12451,15006236
20250819,14:55,000001,未知,12.05,12.06,12.05,12.05,16807,20254807
20250819,15:00,000001,未知,12.05,12.06,12.05,12.06,17715,21359219
20250820,09:35,000001,未知,12.06,12.06,11.99,12.04,94363,113485674
20250820,09:40,000001,未知,12.04,12.08,12.03,12.05,43707,52720314
20250820,09:45,000001,未知,12.05,12.08,12.04,12.08,30558,36882706
20250820,09:50,000001,未知,12.07,12.11,12.07,12.09,61902,74855214
20250820,09:55,000001,未知,12.09,12.1,12.08,12.08,19413,23468916
20250820,10:00,000001,未知,12.08,12.1,12.08,12.08,27195,32881291
20250820,10:05,000001,未知,12.08,12.09,12.07,12.08,49617,59910891
20250820,10:10,000001,未知,12.08,12.09,12.07,12.08,20321,24551103
20250820,10:15,000001,未知,12.07,12.11,12.07,12.1,69457,83986014
20250820,10:20,000001,未知,12.1,12.12,12.09,12.1,46356,56125309
20250820,10:25,000001,未知,12.09,12.1,12.08,12.09,15819,19124806
20250820,10:30,000001,未知,12.09,12.1,12.08,12.08,11942,14431858
20250820,10:35,000001,未知,12.08,12.1,12.08,12.09,13431,16244451
20250820,10:40,000001,未知,12.1,12.1,12.07,12.08,19070,23043530
20250820,10:45,000001,未知,12.07,12.09,12.07,12.09,9338,11282020
20250820,10:50,000001,未知,12.09,12.09,12.07,12.07,17410,21031542
20250820,10:55,000001,未知,12.08,12.08,12.06,12.07,24765,29886471
20250820,11:00,000001,未知,12.07,12.08,12.05,12.05,48057,57988109
20250820,11:05,000001,未知,12.06,12.07,12.04,12.07,40372,48653006
20250820,11:10,000001,未知,12.06,12.08,12.06,12.07,15485,18687134
20250820,11:15,000001,未知,12.07,12.08,12.06,12.06,8402,10141549
20250820,11:20,000001,未知,12.07,12.07,12.05,12.07,14515,17502146
20250820,11:25,000001,未知,12.06,12.07,12.05,12.05,7891,9513980
20250820,11:30,000001,未知,12.06,12.06,12.03,12.04,9290,11186919
20250820,13:05,000001,未知,12.04,12.05,12.04,12.04,13908,16749136
20250820,13:10,000001,未知,12.05,12.06,12.04,12.04,8529,10275326
20250820,13:15,000001,未知,12.04,12.07,12.04,12.06,8561,10324614
20250820,13:20,000001,未知,12.06,12.07,12.05,12.06,11061,13342073
20250820,13:25,000001,未知,12.06,12.08,12.06,12.07,22778,27493893
20250820,13:30,000001,未知,12.07,12.08,12.06,12.06,9549,11527512
20250820,13:35,000001,未知,12.07,12.07,12.06,12.06,3178,3834065
20250820,13:40,000001,未知,12.07,12.07,12.05,12.06,14584,17586086
20250820,13:45,000001,未知,12.05,12.06,12.04,12.05,13466,16229173
20250820,13:50,000001,未知,12.05,12.06,12.04,12.04,8253,9944621
20250820,13:55,000001,未知,12.05,12.06,12.04,12.04,8682,10458475
20250820,14:00,000001,未知,12.06,12.06,12.04,12.05,7607,9163523
20250820,14:05,000001,未知,12.05,12.06,12.04,12.06,11735,14138095
20250820,14:10,000001,未知,12.06,12.06,12.05,12.06,8240,9932589
20250820,14:15,000001,未知,12.06,12.06,12.05,12.05,10070,12142377
20250820,14:20,000001,未知,12.06,12.06,12.05,12.06,13589,16380094
20250820,14:25,000001,未知,12.05,12.06,12.04,12.05,31407,37836723
20250820,14:30,000001,未知,12.05,12.06,12.04,12.06,15278,18410911
20250820,14:35,000001,未知,12.06,12.06,12.05,12.06,6109,7365336
20250820,14:40,000001,未知,12.06,12.06,12.05,12.05,7496,9036290
20250820,14:45,000001,未知,12.05,12.06,12.05,12.05,10214,12311920
20250820,14:50,000001,未知,12.05,12.07,12.05,12.06,34383,41469841
20250820,14:55,000001,未知,12.07,12.07,12.06,12.07,24570,29640141
20250820,15:00,000001,未知,12.07,12.08,12.06,12.07,26816,32365617
20250821,09:35,000001,未知,12.05,12.07,12.03,12.05,63193,76133264
20250821,09:40,000001,未知,12.05,12.07,12.04,12.07,36017,43399111
20250821,09:45,000001,未知,12.07,12.09,12.06,12.09,57924,69960443
20250821,09:50,000001,未知,12.09,12.09,12.07,12.08,48339,58397960
20250821,09:55,000001,未知,12.08,12.1,12.08,12.09,35203,42561876
20250821,10:00,000001,未知,12.09,12.11,12.08,12.09,52849,63962746
20250821,10:05,000001,未知,12.09,12.13,12.08,12.13,74866,90717234
20250821,10:10,000001,未知,12.13,12.16,12.13,12.15,77913,94651701
20250821,10:15,000001,未知,12.16,12.19,12.14,12.16,111056,135218720
20250821,10:20,000001,未知,12.16,12.18,12.16,12.17,30913,37619412
20250821,10:25,000001,未知,12.16,12.17,12.14,12.16,22131,26899050
20250821,10:30,000001,未知,12.16,12.18,12.16,12.17,39215,47730288
20250821,10:35,000001,未知,12.18,12.18,12.17,12.17,31342,38164594
20250821,10:40,000001,未知,12.16,12.17,12.14,12.16,16171,19656454
20250821,10:45,000001,未知,12.16,12.17,12.15,12.16,14628,17786037
20250821,10:50,000001,未知,12.16,12.17,12.14,12.14,13158,15991662
20250821,10:55,000001,未知,12.15,12.16,12.14,12.14,12258,14888641
20250821,11:00,000001,未知,12.14,12.15,12.13,12.14,10686,12969884
20250821,11:05,000001,未知,12.14,12.14,12.13,12.13,13007,15781006
20250821,11:10,000001,未知,12.13,12.14,12.12,12.12,7936,9625292
20250821,11:15,000001,未知,12.13,12.14,12.12,12.12,10734,13021485
20250821,11:20,000001,未知,12.13,12.13,12.12,12.12,8117,9841110
20250821,11:25,000001,未知,12.13,12.14,12.12,12.14,17433,21143353
20250821,11:30,000001,未知,12.13,12.16,12.13,12.15,20483,24885933
20250821,13:05,000001,未知,12.15,12.16,12.14,12.15,16338,19850921
20250821,13:10,000001,未知,12.15,12.15,12.14,12.15,8155,9904423
20250821,13:15,000001,未知,12.14,12.16,12.14,12.16,8523,10356896
20250821,13:20,000001,未知,12.16,12.16,12.14,12.15,10855,13183955
20250821,13:25,000001,未知,12.14,12.15,12.14,12.15,6832,8298182
20250821,13:30,000001,未知,12.15,12.16,12.14,12.15,9767,11867760
20250821,13:35,000001,未知,12.15,12.16,12.14,12.15,8042,9770341
20250821,13:40,000001,未知,12.15,12.16,12.14,12.16,12087,14692917
20250821,13:45,000001,未知,12.16,12.17,12.15,12.17,17864,21724018
20250821,13:50,000001,未知,12.17,12.17,12.15,12.15,36095,43894862
20250821,13:55,000001,未知,12.15,12.16,12.14,12.15,10984,13344711
20250821,14:00,000001,未知,12.14,12.16,12.14,12.16,10356,12576907
20250821,14:05,000001,未知,12.15,12.16,12.14,12.15,10499,12755873
20250821,14:10,000001,未知,12.15,12.15,12.14,12.15,7630,9264693
20250821,14:15,000001,未知,12.14,12.16,12.14,12.16,20780,25253783
20250821,14:20,000001,未知,12.16,12.17,12.15,12.17,34387,41816405
20250821,14:25,000001,未知,12.17,12.17,12.15,12.15,20342,24739928
20250821,14:30,000001,未知,12.15,12.16,12.14,12.15,26602,32315948
20250821,14:35,000001,未知,12.16,12.16,12.13,12.14,16886,20509030
20250821,14:40,000001,未知,12.13,12.15,12.12,12.13,24023,29149712
20250821,14:45,000001,未知,12.13,12.14,12.12,12.13,11779,14291811
20250821,14:50,000001,未知,12.14,12.15,12.13,12.14,16535,20070045
20250821,14:55,000001,未知,12.14,12.15,12.13,12.15,22467,27274949
20250821,15:00,000001,未知,12.14,12.16,12.14,12.15,24018,29179928
20250822,09:35,000001,未知,12.15,12.17,12.1,12.11,87834,106584803
20250822,09:40,000001,未知,12.11,12.11,12.08,12.08,72770,88047007
20250822,09:45,000001,未知,12.08,12.09,12.05,12.07,95587,115310713
20250822,09:50,000001,未知,12.07,12.07,12.02,12.03,112921,135951145
20250822,09:55,000001,未知,12.04,12.04,12.03,12.03,64067,77100196
20250822,10:00,000001,未知,12.02,12.04,12.02,12.03,46541,56000504
20250822,10:05,000001,未知,12.03,12.05,12.02,12.05,23088,27804009
20250822,10:10,000001,未知,12.05,12.05,12.03,12.03,34954,42072224
20250822,10:15,000001,未知,12.04,12.04,12.02,12.03,23594,28378704
20250822,10:20,000001,未知,12.03,12.04,12.02,12.03,74270,89308086
20250822,10:25,000001,未知,12.02,12.04,12.02,12.03,33217,39948899
20250822,10:30,000001,未知,12.02,12.03,12.01,12.01,35371,42508934
20250822,10:35,000001,未知,12.01,12.03,12.01,12.02,33515,40280749
20250822,10:40,000001,未知,12.02,12.03,12.02,12.02,13496,16224924
20250822,10:45,000001,未知,12.03,12.03,12.02,12.02,22116,26590171
20250822,10:50,000001,未知,12.02,12.03,12.01,12.01,49333,59264752
20250822,10:55,000001,未知,12.02,12.03,12.01,12.02,15549,18688818
20250822,11:00,000001,未知,12.03,12.04,12.02,12.02,10949,13170179
20250822,11:05,000001,未知,12.02,12.03,12.01,12.02,27779,33380529
20250822,11:10,000001,未知,12.02,12.03,12.01,12.02,19173,23049295
20250822,11:15,000001,未知,12.02,12.04,12.01,12.03,16031,19274611
20250822,11:20,000001,未知,12.03,12.03,12.02,12.02,10284,12364963
20250822,11:25,000001,未知,12.03,12.04,12.02,12.03,16549,19905145
20250822,11:30,000001,未知,12.03,12.03,12.02,12.02,14863,17869537
20250822,13:05,000001,未知,12.02,12.04,12,12.01,88625,106452137
20250822,13:10,000001,未知,12.01,12.01,11.99,11.99,82127,98500036
20250822,13:15,000001,未知,11.99,12,11.99,11.99,39037,46817359
20250822,13:20,000001,未知,11.99,12,11.99,12,19926,23905384
20250822,13:25,000001,未知,12,12.01,11.99,12,21218,25459864
20250822,13:30,000001,未知,12.01,12.02,12,12.01,18362,22051113
20250822,13:35,000001,未知,12.01,12.02,12,12,21359,25643624
20250822,13:40,000001,未知,12,12.01,12,12,13544,16261880
20250822,13:45,000001,未知,12,12.02,12,12.01,13687,16440207
20250822,13:50,000001,未知,12.02,12.03,12.01,12.03,23308,28022792
20250822,13:55,000001,未知,12.03,12.04,12.02,12.03,16801,20221221
20250822,14:00,000001,未知,12.04,12.05,12.03,12.04,14499,17461247
20250822,14:05,000001,未知,12.04,12.06,12.04,12.04,21808,26272448
20250822,14:10,000001,未知,12.05,12.05,12.04,12.05,21552,25965298
20250822,14:15,000001,未知,12.05,12.06,12.04,12.04,11637,14021469
20250822,14:20,000001,未知,12.04,12.05,12.04,12.04,10692,12877566
20250822,14:25,000001,未知,12.05,12.05,12.03,12.05,23335,28097445
20250822,14:30,000001,未知,12.05,12.06,12.04,12.06,33837,40783286
20250822,14:35,000001,未知,12.06,12.07,12.05,12.06,23050,27803589
20250822,14:40,000001,未知,12.07,12.07,12.04,12.04,36561,44068962
20250822,14:45,000001,未知,12.05,12.06,12.04,12.05,23452,28255860
20250822,14:50,000001,未知,12.04,12.06,12.04,12.05,24994,30124293
20250822,14:55,000001,未知,12.06,12.07,12.05,12.06,49190,59315914
20250822,15:00,000001,未知,12.06,12.07,12.05,12.06,37808,45595994
20250825,09:35,000001,未知,12.12,12.21,12.11,12.2,407345,495506161
20250825,09:40,000001,未知,12.21,12.29,12.21,12.29,340631,417747529
20250825,09:45,000001,未知,12.29,12.37,12.29,12.34,242328,298954851
20250825,09:50,000001,未知,12.34,12.36,12.34,12.34,137977,170395541
20250825,09:55,000001,未知,12.35,12.35,12.31,12.31,95490,117796467
20250825,10:00,000001,未知,12.31,12.32,12.28,12.29,54227,66683497
20250825,10:05,000001,未知,12.28,12.35,12.28,12.34,90805,111923442
20250825,10:10,000001,未知,12.34,12.37,12.34,12.35,113701,140529962
20250825,10:15,000001,未知,12.36,12.37,12.35,12.37,49841,61608816
20250825,10:20,000001,未知,12.36,12.38,12.36,12.38,53525,66203322
20250825,10:25,000001,未知,12.38,12.4,12.37,12.37,106521,131999053
20250825,10:30,000001,未知,12.37,12.39,12.37,12.39,35092,43454685
20250825,10:35,000001,未知,12.38,12.39,12.36,12.37,41925,51884669
20250825,10:40,000001,未知,12.38,12.39,12.36,12.38,33204,41092314
20250825,10:45,000001,未知,12.39,12.4,12.38,12.39,38057,47156753
20250825,10:50,000001,未知,12.4,12.4,12.38,12.39,48705,60375414
20250825,10:55,000001,未知,12.39,12.41,12.39,12.4,33745,41845819
20250825,11:00,000001,未知,12.4,12.42,12.4,12.41,29579,36701298
20250825,11:05,000001,未知,12.42,12.44,12.41,12.43,55957,69552532
20250825,11:10,000001,未知,12.44,12.45,12.43,12.44,44165,54936512
20250825,11:15,000001,未知,12.45,12.45,12.41,12.42,35273,43869265
20250825,11:20,000001,未知,12.43,12.43,12.39,12.4,25243,31317163
20250825,11:25,000001,未知,12.4,12.42,12.38,12.42,32199,39912911
20250825,11:30,000001,未知,12.41,12.42,12.38,12.41,34995,43389287
20250825,13:05,000001,未知,12.42,12.44,12.41,12.44,67904,84350182
20250825,13:10,000001,未知,12.43,12.46,12.43,12.45,107322,133581207
20250825,13:15,000001,未知,12.46,12.52,12.46,12.5,157986,197406115
20250825,13:20,000001,未知,12.5,12.5,12.46,12.49,53846,67217328
20250825,13:25,000001,未知,12.5,12.5,12.44,12.44,39898,49741188
20250825,13:30,000001,未知,12.44,12.45,12.43,12.45,33702,41936805
20250825,13:35,000001,未知,12.44,12.45,12.42,12.42,22397,27842227
20250825,13:40,000001,未知,12.42,12.44,12.42,12.42,20181,25072808
20250825,13:45,000001,未知,12.43,12.43,12.41,12.42,11772,14624423
20250825,13:50,000001,未知,12.43,12.44,12.42,12.43,11903,14794296
20250825,13:55,000001,未知,12.43,12.43,12.42,12.43,13127,16310786
20250825,14:00,000001,未知,12.42,12.44,12.42,12.43,10959,13618889
20250825,14:05,000001,未知,12.43,12.44,12.42,12.43,15181,18874663
20250825,14:10,000001,未知,12.43,12.45,12.42,12.44,19751,24566340
20250825,14:15,000001,未知,12.43,12.45,12.43,12.43,12025,14958736
20250825,14:20,000001,未知,12.43,12.45,12.43,12.44,14322,17813570
20250825,14:25,000001,未知,12.44,12.44,12.42,12.44,25754,32031645
20250825,14:30,000001,未知,12.44,12.45,12.42,12.45,19061,23709575
20250825,14:35,000001,未知,12.45,12.45,12.42,12.43,38904,48373434
20250825,14:40,000001,未知,12.43,12.44,12.42,12.43,27931,34712633
20250825,14:45,000001,未知,12.44,12.44,12.42,12.43,20521,25510620
20250825,14:50,000001,未知,12.43,12.45,12.43,12.44,26086,32461488
20250825,14:55,000001,未知,12.45,12.45,12.43,12.45,61250,76181971
20250825,15:00,000001,未知,12.45,12.45,12.44,12.45,32775,40794330
20250826,09:35,000001,未知,12.45,12.5,12.42,12.45,125394,156306175
20250826,09:40,000001,未知,12.46,12.46,12.37,12.37,84654,104977288
20250826,09:45,000001,未知,12.38,12.39,12.36,12.38,69161,85577230
20250826,09:50,000001,未知,12.38,12.38,12.34,12.34,68779,84956098
20250826,09:55,000001,未知,12.35,12.36,12.32,12.34,72165,89035567
20250826,10:00,000001,未知,12.34,12.36,12.34,12.34,38828,47946682
20250826,10:05,000001,未知,12.35,12.38,12.35,12.36,31603,39057145
20250826,10:10,000001,未知,12.35,12.36,12.34,12.36,39054,48221205
20250826,10:15,000001,未知,12.36,12.36,12.34,12.35,38236,47220544
20250826,10:20,000001,未知,12.35,12.36,12.33,12.35,33893,41814216
20250826,10:25,000001,未知,12.35,12.35,12.34,12.34,15730,19418800
20250826,10:30,000001,未知,12.35,12.35,12.34,12.34,14032,17320098
20250826,10:35,000001,未知,12.34,12.35,12.32,12.33,53404,65841163
20250826,10:40,000001,未知,12.33,12.34,12.32,12.33,28107,34652350
20250826,10:45,000001,未知,12.34,12.34,12.33,12.33,12486,15398435
20250826,10:50,000001,未知,12.34,12.35,12.33,12.35,15458,19073110
20250826,10:55,000001,未知,12.35,12.36,12.34,12.34,18651,23031939
20250826,11:00,000001,未知,12.35,12.36,12.34,12.34,10590,13076124
20250826,11:05,000001,未知,12.35,12.35,12.34,12.35,7263,8967023
20250826,11:10,000001,未知,12.34,12.35,12.33,12.33,20114,24822338
20250826,11:15,000001,未知,12.34,12.34,12.32,12.32,24670,30416677
20250826,11:20,000001,未知,12.32,12.34,12.32,12.34,13664,16847181
20250826,11:25,000001,未知,12.34,12.35,12.33,12.35,9923,12245623
20250826,11:30,000001,未知,12.35,12.36,12.34,12.35,16098,19877674
20250826,13:05,000001,未知,12.36,12.36,12.32,12.33,37316,46047985
20250826,13:10,000001,未知,12.33,12.33,12.31,12.33,45182,55639499
20250826,13:15,000001,未知,12.32,12.34,12.32,12.33,9079,11195930
20250826,13:20,000001,未知,12.32,12.33,12.32,12.33,6472,7977724
20250826,13:25,000001,未知,12.33,12.33,12.32,12.33,15610,19234110
20250826,13:30,000001,未知,12.33,12.34,12.32,12.33,18456,22754238
20250826,13:35,000001,未知,12.33,12.34,12.32,12.33,10277,12671938
20250826,13:40,000001,未知,12.33,12.34,12.32,12.32,15383,18965421
20250826,13:45,000001,未知,12.32,12.33,12.31,12.32,31887,39284063
20250826,13:50,000001,未知,12.31,12.33,12.3,12.32,44469,54754993
20250826,13:55,000001,未知,12.32,12.33,12.31,12.33,14044,17302077
20250826,14:00,000001,未知,12.33,12.34,12.32,12.32,14615,18019942
20250826,14:05,000001,未知,12.33,12.35,12.32,12.35,18654,23009452
20250826,14:10,000001,未知,12.35,12.35,12.33,12.35,12827,15830973
20250826,14:15,000001,未知,12.34,12.35,12.33,12.35,12525,15457004
20250826,14:20,000001,未知,12.34,12.35,12.34,12.35,8884,10966694
20250826,14:25,000001,未知,12.34,12.36,12.34,12.35,20330,25100932
20250826,14:30,000001,未知,12.35,12.36,12.34,12.36,19778,24437314
20250826,14:35,000001,未知,12.35,12.36,12.35,12.35,15928,19680523
20250826,14:40,000001,未知,12.35,12.37,12.35,12.37,12637,15620853
20250826,14:45,000001,未知,12.37,12.37,12.35,12.36,30473,37670785
20250826,14:50,000001,未知,12.36,12.36,12.33,12.33,29836,36828806
20250826,14:55,000001,未知,12.34,12.35,12.33,12.35,30904,38121655
20250826,15:00,000001,未知,12.34,12.36,12.34,12.36,46076,56925105
20250827,09:35,000001,未知,12.32,12.34,12.29,12.32,62526,77016110
20250827,09:40,000001,未知,12.32,12.32,12.28,12.28,66016,81142028
20250827,09:45,000001,未知,12.29,12.31,12.27,12.3,51736,63579223
20250827,09:50,000001,未知,12.3,12.31,12.29,12.31,25597,31486989
20250827,09:55,000001,未知,12.31,12.34,12.29,12.33,57774,71161210
20250827,10:00,000001,未知,12.32,12.33,12.28,12.28,36656,45097775
20250827,10:05,000001,未知,12.28,12.3,12.27,12.29,39101,48026585
20250827,10:10,000001,未知,12.28,12.31,12.28,12.31,18412,22639721
20250827,10:15,000001,未知,12.31,12.32,12.3,12.3,24631,30302970
20250827,10:20,000001,未知,12.29,12.3,12.27,12.28,42686,52423793
20250827,10:25,000001,未知,12.28,12.28,12.25,12.26,83813,102804921
20250827,10:30,000001,未知,12.27,12.27,12.26,12.27,15440,18939658
20250827,10:35,000001,未知,12.26,12.29,12.25,12.27,37901,46522125
20250827,10:40,000001,未知,12.26,12.27,12.25,12.26,19963,24475676
20250827,10:45,000001,未知,12.26,12.26,12.24,12.25,38368,47006524
20250827,10:50,000001,未知,12.25,12.27,12.25,12.27,13548,16606533
20250827,10:55,000001,未知,12.26,12.28,12.26,12.27,8196,10054624
20250827,11:00,000001,未知,12.27,12.28,12.26,12.27,6520,7999520
20250827,11:05,000001,未知,12.26,12.27,12.25,12.26,17540,21506147
20250827,11:10,000001,未知,12.26,12.27,12.25,12.26,12643,15501300
20250827,11:15,000001,未知,12.26,12.27,12.25,12.27,6953,8526464
20250827,11:20,000001,未知,12.26,12.27,12.25,12.27,11577,14193139
20250827,11:25,000001,未知,12.26,12.27,12.25,12.26,23823,29197111
20250827,11:30,000001,未知,12.27,12.27,12.25,12.26,8104,9937153
20250827,13:05,000001,未知,12.26,12.28,12.25,12.27,22102,27095998
20250827,13:10,000001,未知,12.28,12.28,12.24,12.25,38145,46740298
20250827,13:15,000001,未知,12.25,12.25,12.21,12.22,66772,81673274
20250827,13:20,000001,未知,12.23,12.23,12.2,12.21,68962,84232472
20250827,13:25,000001,未知,12.21,12.21,12.19,12.19,64243,78363083
20250827,13:30,000001,未知,12.19,12.2,12.17,12.17,60945,74256668
20250827,13:35,000001,未知,12.17,12.18,12.16,12.16,42894,52206819
20250827,13:40,000001,未知,12.16,12.17,12.14,12.15,66189,80407299
20250827,13:45,000001,未知,12.15,12.16,12.14,12.14,40644,49380318
20250827,13:50,000001,未知,12.14,12.14,12.11,12.12,59145,71717996
20250827,13:55,000001,未知,12.12,12.13,12.12,12.12,39080,47384310
20250827,14:00,000001,未知,12.12,12.13,12.09,12.1,68425,82846338
20250827,14:05,000001,未知,12.1,12.12,12.1,12.12,30630,37098794
20250827,14:10,000001,未知,12.12,12.14,12.11,12.13,23745,28785784
20250827,14:15,000001,未知,12.13,12.14,12.12,12.13,22235,26969842
20250827,14:20,000001,未知,12.13,12.14,12.11,12.11,20639,25012225
20250827,14:25,000001,未知,12.1,12.11,12.09,12.1,46675,56465698
20250827,14:30,000001,未知,12.1,12.11,12.09,12.09,35489,42930676
20250827,14:35,000001,未知,12.09,12.11,12.07,12.1,72088,87125991
20250827,14:40,000001,未知,12.11,12.11,12.08,12.09,31962,38662862
20250827,14:45,000001,未知,12.09,12.09,12.07,12.09,38148,46094226
20250827,14:50,000001,未知,12.08,12.09,12.06,12.08,66107,79828067
20250827,14:55,000001,未知,12.09,12.09,12.06,12.06,56660,68380879
20250827,15:00,000001,未知,12.06,12.07,12.05,12.06,48602,58601923
20250828,09:35,000001,未知,12.09,12.09,12.02,12.07,101010,121748625
20250828,09:40,000001,未知,12.06,12.07,12.04,12.05,53687,64715943
20250828,09:45,000001,未知,12.06,12.06,12.03,12.04,68192,82078167
20250828,09:50,000001,未知,12.03,12.06,12.02,12.06,54925,66130094
20250828,09:55,000001,未知,12.07,12.07,12.04,12.06,26336,31749663
20250828,10:00,000001,未知,12.07,12.07,12.04,12.05,28816,34747473
20250828,10:05,000001,未知,12.04,12.06,12.03,12.03,32196,38770586
20250828,10:10,000001,未知,12.04,12.04,12.02,12.04,41501,49935574
20250828,10:15,000001,未知,12.04,12.04,12.02,12.03,29988,36085555
20250828,10:20,000001,未知,12.03,12.04,12.02,12.03,16534,19886919
20250828,10:25,000001,未知,12.03,12.04,12.03,12.03,7538,9070060
20250828,10:30,000001,未知,12.03,12.06,12.03,12.04,31234,37627122
20250828,10:35,000001,未知,12.05,12.05,12.04,12.04,13137,15823045
20250828,10:40,000001,未知,12.05,12.06,12.04,12.06,14187,17095914
20250828,10:45,000001,未知,12.06,12.07,12.05,12.05,27121,32722492
20250828,10:50,000001,未知,12.06,12.07,12.05,12.06,15032,18125989
20250828,10:55,000001,未知,12.06,12.08,12.06,12.08,12551,15143626
20250828,11:00,000001,未知,12.08,12.1,12.07,12.1,32602,39402789
20250828,11:05,000001,未知,12.09,12.11,12.08,12.08,45435,54955970
20250828,11:10,000001,未知,12.07,12.11,12.07,12.11,22752,27517326
20250828,11:15,000001,未知,12.1,12.13,12.1,12.12,49564,60065784
20250828,11:20,000001,未知,12.13,12.13,12.1,12.1,38751,46933212
20250828,11:25,000001,未知,12.1,12.1,12.06,12.06,36382,43944826
20250828,11:30,000001,未知,12.07,12.08,12.05,12.05,47715,57558403
20250828,13:05,000001,未知,12.06,12.07,12.04,12.05,47046,56711015
20250828,13:10,000001,未知,12.04,12.05,12.03,12.04,32520,39140664
20250828,13:15,000001,未知,12.04,12.05,12.04,12.04,14122,17010932
20250828,13:20,000001,未知,12.04,12.04,12.03,12.04,24175,29101976
20250828,13:25,000001,未知,12.04,12.05,12.03,12.03,35649,42917962
20250828,13:30,000001,未知,12.03,12.03,12,12,114913,138120679
20250828,13:35,000001,未知,12.01,12.01,11.98,11.99,134413,161245411
20250828,13:40,000001,未知,11.99,12,11.97,12,43761,52467176
20250828,13:45,000001,未知,11.99,12.01,11.99,12,19311,23168807
20250828,13:50,000001,未知,12,12.02,12,12.02,14675,17624534
20250828,13:55,000001,未知,12.02,12.02,12.01,12.01,20039,24070854
20250828,14:00,000001,未知,12.01,12.02,12,12,13188,15840522
20250828,14:05,000001,未知,12,12.02,12,12.01,23050,27680257
20250828,14:10,000001,未知,12.01,12.04,12.01,12.03,34071,40985895
20250828,14:15,000001,未知,12.04,12.06,12.03,12.04,19266,23209646
20250828,14:20,000001,未知,12.05,12.06,12.04,12.05,12156,14647787
20250828,14:25,000001,未知,12.04,12.05,12.03,12.03,14681,17672978
20250828,14:30,000001,未知,12.04,12.04,12.03,12.04,12858,15475173
20250828,14:35,000001,未知,12.04,12.04,12.03,12.04,11946,14374802
20250828,14:40,000001,未知,12.04,12.05,12.03,12.04,16015,19280576
20250828,14:45,000001,未知,12.05,12.07,12.04,12.07,28282,34098671
20250828,14:50,000001,未知,12.06,12.07,12.06,12.07,18826,22713851
20250828,14:55,000001,未知,12.06,12.07,12.06,12.06,43586,52574763
20250828,15:00,000001,未知,12.06,12.08,12.05,12.08,57853,69827870
20250829,09:35,000001,未知,12.05,12.14,12.03,12.13,159205,192580746
20250829,09:40,000001,未知,12.13,12.15,12.1,12.12,136513,165594655
20250829,09:45,000001,未知,12.12,12.16,12.11,12.15,95404,115892237
20250829,09:50,000001,未知,12.16,12.18,12.13,12.17,81859,99559674
20250829,09:55,000001,未知,12.17,12.18,12.15,12.18,56528,68795590
20250829,10:00,000001,未知,12.19,12.22,12.17,12.21,74968,91423393
20250829,10:05,000001,未知,12.22,12.22,12.17,12.18,63571,77609362
20250829,10:10,000001,未知,12.19,12.19,12.15,12.17,41206,50153933
20250829,10:15,000001,未知,12.18,12.19,12.16,12.19,31432,38272943
20250829,10:20,000001,未知,12.19,12.2,12.17,12.17,38970,47518808
20250829,10:25,000001,未知,12.18,12.18,12.15,12.16,45978,55906496
20250829,10:30,000001,未知,12.17,12.18,12.12,12.13,53532,65015788
20250829,10:35,000001,未知,12.13,12.13,12.08,12.09,63448,76815868
20250829,10:40,000001,未知,12.1,12.1,12.07,12.08,70980,85799203
20250829,10:45,000001,未知,12.08,12.09,12.06,12.07,65308,78878260
20250829,10:50,000001,未知,12.08,12.09,12.07,12.08,38396,46377811
20250829,10:55,000001,未知,12.09,12.09,12.07,12.09,19345,23376285
20250829,11:00,000001,未知,12.09,12.09,12.07,12.07,23131,27940789
20250829,11:05,000001,未知,12.08,12.08,12.07,12.07,18032,21775078
20250829,11:10,000001,未知,12.08,12.08,12.05,12.05,54345,65539492
20250829,11:15,000001,未知,12.05,12.06,12.04,12.06,20799,25060208
20250829,11:20,000001,未知,12.06,12.08,12.04,12.08,23208,27981112
20250829,11:25,000001,未知,12.09,12.09,12.06,12.06,8886,10725485
20250829,11:30,000001,未知,12.07,12.07,12.05,12.05,7585,9143620
20250829,13:05,000001,未知,12.06,12.06,12.04,12.05,35783,43110563
20250829,13:10,000001,未知,12.05,12.08,12.04,12.06,27661,33361765
20250829,13:15,000001,未知,12.06,12.07,12.04,12.05,36517,43998960
20250829,13:20,000001,未知,12.05,12.05,12.03,12.04,17486,21054234
20250829,13:25,000001,未知,12.04,12.05,12.03,12.04,15368,18503972
20250829,13:30,000001,未知,12.04,12.05,12.03,12.04,12630,15203439
20250829,13:35,000001,未知,12.03,12.07,12.03,12.07,18452,22237198
20250829,13:40,000001,未知,12.07,12.08,12.06,12.07,7357,8878444
20250829,13:45,000001,未知,12.07,12.08,12.06,12.06,10327,12466134
20250829,13:50,000001,未知,12.06,12.08,12.06,12.07,9283,11203041
20250829,13:55,000001,未知,12.07,12.08,12.06,12.08,18579,22423538
20250829,14:00,000001,未知,12.08,12.1,12.07,12.08,22492,27190549
20250829,14:05,000001,未知,12.09,12.12,12.08,12.1,35690,43202779
20250829,14:10,000001,未知,12.1,12.1,12.08,12.08,15158,18327364
20250829,14:15,000001,未知,12.08,12.1,12.08,12.08,14232,17196974
20250829,14:20,000001,未知,12.08,12.09,12.08,12.09,5306,6411723
20250829,14:25,000001,未知,12.09,12.1,12.08,12.09,10861,13129611
20250829,14:30,000001,未知,12.1,12.1,12.08,12.09,9483,11463949
20250829,14:35,000001,未知,12.09,12.1,12.08,12.1,14791,17884663
20250829,14:40,000001,未知,12.09,12.1,12.08,12.09,27389,33105324
20250829,14:45,000001,未知,12.09,12.1,12.08,12.09,24869,30065268
20250829,14:50,000001,未知,12.09,12.1,12.09,12.09,21522,26028964
20250829,14:55,000001,未知,12.1,12.1,12.07,12.07,43510,52565901
20250829,15:00,000001,未知,12.08,12.09,12.05,12.05,57751,69658445
20250901,09:35,000001,未知,12.05,12.05,11.91,11.93,213443,255269793
20250901,09:40,000001,未知,11.93,11.99,11.93,11.96,84282,100786338
20250901,09:45,000001,未知,11.96,11.97,11.93,11.96,84699,101165112
20250901,09:50,000001,未知,11.97,11.97,11.92,11.93,91011,108659644
20250901,09:55,000001,未知,11.92,11.94,11.92,11.93,56215,67055261
20250901,10:00,000001,未知,11.93,11.96,11.93,11.95,35827,42775649
20250901,10:05,000001,未知,11.95,11.99,11.95,11.97,47156,56453051
20250901,10:10,000001,未知,11.96,11.98,11.95,11.95,37648,45060740
20250901,10:15,000001,未知,11.95,11.97,11.94,11.94,39632,47367324
20250901,10:20,000001,未知,11.94,11.95,11.93,11.94,44504,53126091
20250901,10:25,000001,未知,11.93,11.94,11.92,11.93,39132,46678495
20250901,10:30,000001,未知,11.94,11.95,11.92,11.95,50782,60625701
20250901,10:35,000001,未知,11.95,11.97,11.93,11.97,21048,25156995
20250901,10:40,000001,未知,11.97,11.98,11.95,11.98,13260,15868038
20250901,10:45,000001,未知,11.98,11.98,11.96,11.97,16522,19779717
20250901,10:50,000001,未知,11.97,11.97,11.95,11.95,9260,11076702
20250901,10:55,000001,未知,11.95,11.96,11.95,11.96,6808,8139261
20250901,11:00,000001,未知,11.96,11.96,11.94,11.94,19016,22716923
20250901,11:05,000001,未知,11.94,11.95,11.93,11.93,22732,27145267
20250901,11:10,000001,未知,11.94,11.94,11.91,11.92,64648,77070276
20250901,11:15,000001,未知,11.91,11.92,11.91,11.92,47152,56180379
20250901,11:20,000001,未知,11.92,11.92,11.9,11.91,63207,75259781
20250901,11:25,000001,未知,11.91,11.91,11.88,11.88,135689,161424667
20250901,11:30,000001,未知,11.88,11.89,11.86,11.86,78027,92622765
20250901,13:05,000001,未知,11.87,11.87,11.85,11.86,61980,73519291
20250901,13:10,000001,未知,11.86,11.88,11.85,11.87,35803,42466594
20250901,13:15,000001,未知,11.87,11.87,11.85,11.87,28714,34057544
20250901,13:20,000001,未知,11.87,11.87,11.85,11.86,22643,26860982
20250901,13:25,000001,未知,11.86,11.87,11.86,11.86,20265,24043862
20250901,13:30,000001,未知,11.86,11.87,11.86,11.86,17830,21151304
20250901,13:35,000001,未知,11.86,11.87,11.86,11.87,21437,25432401
20250901,13:40,000001,未知,11.87,11.87,11.86,11.86,16606,19701197
20250901,13:45,000001,未知,11.86,11.87,11.85,11.86,20691,24538984
20250901,13:50,000001,未知,11.85,11.87,11.85,11.87,18057,21416289
20250901,13:55,000001,未知,11.86,11.86,11.85,11.85,22950,27214939
20250901,14:00,000001,未知,11.85,11.87,11.85,11.86,16299,19326073
20250901,14:05,000001,未知,11.87,11.87,11.86,11.87,10408,12350325
20250901,14:10,000001,未知,11.87,11.87,11.86,11.87,18451,21890845
20250901,14:15,000001,未知,11.87,11.88,11.86,11.87,11507,13656431
20250901,14:20,000001,未知,11.87,11.89,11.87,11.88,9635,11445147
20250901,14:25,000001,未知,11.88,11.9,11.88,11.89,20727,24647005
20250901,14:30,000001,未知,11.89,11.89,11.87,11.89,21183,25171431
20250901,14:35,000001,未知,11.88,11.89,11.87,11.88,20862,24787559
20250901,14:40,000001,未知,11.88,11.89,11.87,11.88,9214,10943551
20250901,14:45,000001,未知,11.88,11.89,11.87,11.88,15880,18868063
20250901,14:50,000001,未知,11.88,11.89,11.87,11.88,16979,20175095
20250901,14:55,000001,未知,11.88,11.89,11.87,11.87,43028,51100134
20250901,15:00,000001,未知,11.87,11.89,11.86,11.89,35610,42307593
20250902,09:35,000001,未知,11.85,11.88,11.84,11.84,66554,78924052
20250902,09:40,000001,未知,11.85,11.87,11.84,11.86,37943,44963299
20250902,09:45,000001,未知,11.85,11.88,11.85,11.87,52814,62667735
20250902,09:50,000001,未知,11.88,11.94,11.87,11.9,63368,75435615
20250902,09:55,000001,未知,11.9,11.91,11.88,11.89,25994,30908427
20250902,10:00,000001,未知,11.88,11.91,11.88,11.9,33100,39377754
20250902,10:05,000001,未知,11.9,11.92,11.89,11.91,41850,49829189
20250902,10:10,000001,未知,11.91,11.93,11.9,11.92,54314,64726970
20250902,10:15,000001,未知,11.92,11.94,11.91,11.91,54147,64602455
20250902,10:20,000001,未知,11.91,11.91,11.89,11.9,23290,27725782
20250902,10:25,000001,未知,11.9,11.91,11.89,11.9,25076,29827513
20250902,10:30,000001,未知,11.9,11.93,11.9,11.92,28720,34234766
20250902,10:35,000001,未知,11.93,11.95,11.92,11.93,49374,58921718
20250902,10:40,000001,未知,11.94,11.94,11.92,11.92,48158,57464905
20250902,10:45,000001,未知,11.92,11.93,11.89,11.89,17619,20983349
20250902,10:50,000001,未知,11.89,11.91,11.89,11.9,20522,24413852
20250902,10:55,000001,未知,11.9,11.95,11.89,11.95,47291,56400123
20250902,11:00,000001,未知,11.95,11.95,11.88,11.89,35867,42740402
20250902,11:05,000001,未知,11.88,11.89,11.86,11.87,42364,50296347
20250902,11:10,000001,未知,11.88,11.89,11.86,11.88,15827,18796883
20250902,11:15,000001,未知,11.88,11.9,11.87,11.89,11834,14063406
20250902,11:20,000001,未知,11.89,11.9,11.86,11.88,21264,25247327
20250902,11:25,000001,未知,11.88,11.92,11.88,11.92,20044,23860362
20250902,11:30,000001,未知,11.92,11.96,11.92,11.94,78298,93541862
20250902,13:05,000001,未知,11.94,11.97,11.93,11.97,64472,77056667
20250902,13:10,000001,未知,11.96,11.98,11.96,11.97,45898,54947600
20250902,13:15,000001,未知,11.97,11.97,11.92,11.93,20250,24198527
20250902,13:20,000001,未知,11.93,11.93,11.91,11.92,24686,29424195
20250902,13:25,000001,未知,11.92,11.93,11.91,11.92,9644,11493118
20250902,13:30,000001,未知,11.91,11.92,11.9,11.9,16206,19294299
20250902,13:35,000001,未知,11.91,11.91,11.89,11.91,14906,17742305
20250902,13:40,000001,未知,11.91,11.92,11.9,11.91,9330,11114955
20250902,13:45,000001,未知,11.91,11.93,11.91,11.93,12367,14739764
20250902,13:50,000001,未知,11.93,11.94,11.92,11.92,17999,21471616
20250902,13:55,000001,未知,11.93,11.94,11.92,11.93,11129,13277483
20250902,14:00,000001,未知,11.93,11.96,11.93,11.95,19990,23880262
20250902,14:05,000001,未知,11.95,11.96,11.94,11.96,38048,45487978
20250902,14:10,000001,未知,11.96,11.96,11.94,11.96,16825,20109761
20250902,14:15,000001,未知,11.95,11.99,11.95,11.98,60532,72456866
20250902,14:20,000001,未知,11.98,11.99,11.96,11.98,36166,43317598
20250902,14:25,000001,未知,11.97,11.98,11.96,11.97,11920,14268655
20250902,14:30,000001,未知,11.96,11.98,11.96,11.97,12187,14586482
20250902,14:35,000001,未知,11.97,11.98,11.96,11.97,16680,19961044
20250902,14:40,000001,未知,11.98,11.98,11.97,11.97,16030,19197787
20250902,14:45,000001,未知,11.97,11.98,11.96,11.97,25321,30307651
20250902,14:50,000001,未知,11.97,11.98,11.96,11.97,21241,25424591
20250902,14:55,000001,未知,11.97,11.98,11.96,11.98,30241,36210660
20250902,15:00,000001,未知,11.98,11.99,11.97,11.98,25016,29965590
20250903,09:35,000001,未知,11.98,12,11.92,11.96,78995,94542138
20250903,09:40,000001,未知,11.96,12,11.94,11.97,74002,88608534
20250903,09:45,000001,未知,11.96,11.97,11.93,11.95,44864,53603553
20250903,09:50,000001,未知,11.96,11.99,11.94,11.95,39285,46999652
20250903,09:55,000001,未知,11.95,11.97,11.94,11.95,12159,14530859
20250903,10:00,000001,未知,11.95,11.95,11.91,11.92,23597,28155319
20250903,10:05,000001,未知,11.92,11.93,11.88,11.9,46350,55178301
20250903,10:10,000001,未知,11.89,11.9,11.87,11.87,43064,51175190
20250903,10:15,000001,未知,11.87,11.89,11.87,11.88,17467,20754189
20250903,10:20,000001,未知,11.89,11.89,11.87,11.89,18445,21913982
20250903,10:25,000001,未知,11.88,11.89,11.86,11.87,33499,39775291
20250903,10:30,000001,未知,11.87,11.88,11.84,11.86,41802,49557602
20250903,10:35,000001,未知,11.85,11.86,11.82,11.83,47784,56580892
20250903,10:40,000001,未知,11.83,11.86,11.82,11.86,23337,27626383
20250903,10:45,000001,未知,11.85,11.86,11.84,11.86,17132,20304845
20250903,10:50,000001,未知,11.85,11.86,11.84,11.85,29557,35011430
20250903,10:55,000001,未知,11.85,11.86,11.84,11.84,19516,23122153
20250903,11:00,000001,未知,11.84,11.85,11.82,11.83,42615,50426299
20250903,11:05,000001,未知,11.83,11.83,11.81,11.81,36303,42911060
20250903,11:10,000001,未知,11.81,11.82,11.8,11.81,39361,46492726
20250903,11:15,000001,未知,11.81,11.82,11.81,11.82,10250,12108975
20250903,11:20,000001,未知,11.82,11.83,11.81,11.83,19177,22674125
20250903,11:25,000001,未知,11.83,11.84,11.82,11.83,13339,15782112
20250903,11:30,000001,未知,11.84,11.84,11.81,11.82,17615,20828975
20250903,13:05,000001,未知,11.82,11.84,11.8,11.83,49930,58986269
20250903,13:10,000001,未知,11.82,11.83,11.8,11.83,27184,32119043
20250903,13:15,000001,未知,11.83,11.83,11.81,11.82,9750,11523622
20250903,13:20,000001,未知,11.82,11.83,11.82,11.83,9256,10942785
20250903,13:25,000001,未知,11.82,11.83,11.82,11.82,10389,12281310
20250903,13:30,000001,未知,11.82,11.83,11.81,11.82,18146,21441622
20250903,13:35,000001,未知,11.82,11.82,11.8,11.8,20610,24337795
20250903,13:40,000001,未知,11.8,11.81,11.79,11.8,47339,55857687
20250903,13:45,000001,未知,11.79,11.8,11.78,11.79,22219,26200411
20250903,13:50,000001,未知,11.79,11.79,11.77,11.77,34324,40431258
20250903,13:55,000001,未知,11.77,11.79,11.77,11.78,16118,18989163
20250903,14:00,000001,未知,11.79,11.79,11.77,11.79,14048,16548486
20250903,14:05,000001,未知,11.78,11.79,11.78,11.79,11793,13896894
20250903,14:10,000001,未知,11.79,11.8,11.78,11.8,14936,17610285
20250903,14:15,000001,未知,11.79,11.8,11.78,11.8,15707,18513912
20250903,14:20,000001,未知,11.79,11.79,11.78,11.78,16834,19835596
20250903,14:25,000001,未知,11.79,11.79,11.77,11.79,18254,21502547
20250903,14:30,000001,未知,11.78,11.79,11.77,11.78,13484,15889813
20250903,14:35,000001,未知,11.78,11.79,11.78,11.79,15872,18711535
20250903,14:40,000001,未知,11.79,11.79,11.77,11.78,16313,19217519
20250903,14:45,000001,未知,11.77,11.78,11.75,11.76,50251,59134395
20250903,14:50,000001,未知,11.76,11.77,11.75,11.75,33301,39151493
20250903,14:55,000001,未知,11.75,11.76,11.74,11.75,52578,61762276
20250903,15:00,000001,未知,11.75,11.76,11.74,11.75,39081,45922463
20250904,09:35,000001,未知,11.76,11.77,11.67,11.67,113444,132813231
20250904,09:40,000001,未知,11.68,11.68,11.61,11.61,117383,136591626
20250904,09:45,000001,未知,11.61,11.66,11.6,11.66,105946,123089854
20250904,09:50,000001,未知,11.66,11.66,11.61,11.66,54453,63349725
20250904,09:55,000001,未知,11.66,11.69,11.65,11.66,32541,37961045
20250904,10:00,000001,未知,11.67,11.69,11.65,11.68,36116,42162119
20250904,10:05,000001,未知,11.68,11.7,11.67,11.69,28309,33084509
20250904,10:10,000001,未知,11.69,11.71,11.68,11.7,29948,35035763
20250904,10:15,000001,未知,11.69,11.71,11.68,11.69,30402,35552998
20250904,10:20,000001,未知,11.7,11.72,11.69,11.7,20298,23757091
20250904,10:25,000001,未知,11.7,11.71,11.69,11.7,9999,11699762
20250904,10:30,000001,未知,11.7,11.73,11.7,11.73,21668,25379492
20250904,10:35,000001,未知,11.72,11.73,11.7,11.7,14357,16824668
20250904,10:40,000001,未知,11.7,11.71,11.68,11.68,24120,28202185
20250904,10:45,000001,未知,11.68,11.69,11.67,11.68,12026,14047714
20250904,10:50,000001,未知,11.69,11.69,11.67,11.67,11191,13069545
20250904,10:55,000001,未知,11.67,11.68,11.66,11.67,21607,25217036
20250904,11:00,000001,未知,11.67,11.68,11.65,11.66,18428,21493580
20250904,11:05,000001,未知,11.66,11.69,11.66,11.68,8502,9924187
20250904,11:10,000001,未知,11.67,11.69,11.66,11.67,16180,18881355
20250904,11:15,000001,未知,11.67,11.68,11.66,11.68,23353,27255074
20250904,11:20,000001,未知,11.68,11.69,11.66,11.68,16704,19497470
20250904,11:25,000001,未知,11.68,11.7,11.68,11.69,10945,12796962
20250904,11:30,000001,未知,11.68,11.69,11.66,11.67,11916,13908700
20250904,13:05,000001,未知,11.68,11.71,11.67,11.68,23859,27894508
20250904,13:10,000001,未知,11.68,11.71,11.67,11.7,32607,38124753
20250904,13:15,000001,未知,11.7,11.72,11.69,11.71,20824,24383659
20250904,13:20,000001,未知,11.71,11.73,11.71,11.72,24371,28561138
20250904,13:25,000001,未知,11.72,11.73,11.71,11.71,10898,12775756
20250904,13:30,000001,未知,11.72,11.73,11.71,11.71,15293,17921675
20250904,13:35,000001,未知,11.71,11.73,11.71,11.71,10838,12700707
20250904,13:40,000001,未知,11.72,11.73,11.71,11.72,14036,16448185
20250904,13:45,000001,未知,11.72,11.72,11.7,11.71,9523,11152283
20250904,13:50,000001,未知,11.72,11.73,11.71,11.71,14508,17001550
20250904,13:55,000001,未知,11.71,11.76,11.71,11.76,26701,31348193
20250904,14:00,000001,未知,11.76,11.77,11.75,11.76,20465,24067566
20250904,14:05,000001,未知,11.75,11.76,11.72,11.72,15432,18109058
20250904,14:10,000001,未知,11.72,11.73,11.7,11.72,16604,19445871
20250904,14:15,000001,未知,11.72,11.73,11.7,11.71,12883,15088550
20250904,14:20,000001,未知,11.72,11.72,11.7,11.71,11728,13735510
20250904,14:25,000001,未知,11.71,11.72,11.7,11.7,13737,16079730
20250904,14:30,000001,未知,11.71,11.72,11.69,11.72,20830,24376265
20250904,14:35,000001,未知,11.72,11.72,11.69,11.69,30582,35788633
20250904,14:40,000001,未知,11.69,11.71,11.68,11.71,29650,34664569
20250904,14:45,000001,未知,11.71,11.75,11.7,11.74,33004,38725802
20250904,14:50,000001,未知,11.74,11.76,11.73,11.76,31122,36563939
20250904,14:55,000001,未知,11.76,11.76,11.72,11.72,37469,43995711
20250904,15:00,000001,未知,11.72,11.74,11.72,11.74,28500,33435132
20250905,09:35,000001,未知,11.73,11.73,11.66,11.71,50207,58744808
20250905,09:40,000001,未知,11.71,11.72,11.68,11.68,28730,33598780
20250905,09:45,000001,未知,11.69,11.69,11.66,11.67,37708,44005310
20250905,09:50,000001,未知,11.67,11.67,11.64,11.65,46344,54009696
20250905,09:55,000001,未知,11.64,11.68,11.64,11.66,22446,26169614
20250905,10:00,000001,未知,11.67,11.68,11.66,11.67,21417,24999940
20250905,10:05,000001,未知,11.67,11.68,11.65,11.67,22226,25930703
20250905,10:10,000001,未知,11.67,11.69,11.66,11.69,18712,21844602
20250905,10:15,000001,未知,11.69,11.69,11.66,11.66,23162,27042397
20250905,10:20,000001,未知,11.65,11.67,11.65,11.67,21110,24610051
20250905,10:25,000001,未知,11.67,11.68,11.66,11.67,10438,12177485
20250905,10:30,000001,未知,11.67,11.69,11.66,11.68,14801,17282194
20250905,10:35,000001,未知,11.68,11.69,11.66,11.69,22993,26851694
20250905,10:40,000001,未知,11.7,11.7,11.67,11.68,11711,13685750
20250905,10:45,000001,未知,11.68,11.7,11.67,11.68,15580,18209393
20250905,10:50,000001,未知,11.68,11.69,11.67,11.68,8063,9419295
20250905,10:55,000001,未知,11.68,11.69,11.67,11.68,10102,11803622
20250905,11:00,000001,未知,11.68,11.68,11.67,11.68,4740,5534807
20250905,11:05,000001,未知,11.67,11.68,11.67,11.68,5866,6849197
20250905,11:10,000001,未知,11.68,11.68,11.66,11.67,14073,16423988
20250905,11:15,000001,未知,11.67,11.68,11.66,11.67,7943,9268613
20250905,11:20,000001,未知,11.67,11.68,11.66,11.68,7832,9140138
20250905,11:25,000001,未知,11.68,11.69,11.67,11.68,8715,10177824
20250905,11:30,000001,未知,11.68,11.68,11.66,11.67,7927,9247690
20250905,13:05,000001,未知,11.67,11.68,11.65,11.67,24167,28185700
20250905,13:10,000001,未知,11.67,11.68,11.67,11.68,6197,7234118
20250905,13:15,000001,未知,11.68,11.68,11.66,11.67,9192,10725831
20250905,13:20,000001,未知,11.67,11.68,11.66,11.67,8143,9502452
20250905,13:25,000001,未知,11.66,11.67,11.65,11.67,17328,20207322
20250905,13:30,000001,未知,11.66,11.67,11.65,11.66,10312,12023558
20250905,13:35,000001,未知,11.66,11.67,11.66,11.67,8664,10104061
20250905,13:40,000001,未知,11.66,11.67,11.65,11.67,16825,19626045
20250905,13:45,000001,未知,11.67,11.68,11.66,11.67,10489,12239891
20250905,13:50,000001,未知,11.67,11.68,11.66,11.68,8276,9659741
20250905,13:55,000001,未知,11.68,11.69,11.67,11.67,12291,14354304
20250905,14:00,000001,未知,11.68,11.68,11.67,11.68,9678,11298146
20250905,14:05,000001,未知,11.67,11.69,11.67,11.68,15731,18375343
20250905,14:10,000001,未知,11.69,11.7,11.68,11.7,20909,24446853
20250905,14:15,000001,未知,11.7,11.7,11.69,11.69,14243,16659610
20250905,14:20,000001,未知,11.7,11.71,11.69,11.7,11044,12924190
20250905,14:25,000001,未知,11.69,11.7,11.69,11.69,12907,15093496
20250905,14:30,000001,未知,11.69,11.72,11.69,11.7,24599,28789056
20250905,14:35,000001,未知,11.7,11.72,11.7,11.7,17722,20747116
20250905,14:40,000001,未知,11.7,11.72,11.7,11.72,20360,23845238
20250905,14:45,000001,未知,11.72,11.73,11.71,11.71,29300,34326268
20250905,14:50,000001,未知,11.71,11.73,11.71,11.72,18384,21549158
20250905,14:55,000001,未知,11.73,11.73,11.71,11.71,26337,30855026
20250905,15:00,000001,未知,11.71,11.73,11.71,11.72,23718,27796237
20250908,09:35,000001,未知,11.71,11.76,11.69,11.75,65267,76518938
20250908,09:40,000001,未知,11.75,11.76,11.73,11.76,29172,34268610
20250908,09:45,000001,未知,11.75,11.77,11.74,11.74,36661,43105057
20250908,09:50,000001,未知,11.75,11.77,11.74,11.76,31086,36560068
20250908,09:55,000001,未知,11.77,11.77,11.73,11.73,33436,39268054
20250908,10:00,000001,未知,11.73,11.75,11.71,11.72,23684,27770362
20250908,10:05,000001,未知,11.72,11.73,11.71,11.73,16210,18995748
20250908,10:10,000001,未知,11.73,11.73,11.7,11.7,47391,55538437
20250908,10:15,000001,未知,11.71,11.72,11.7,11.72,38149,44658848
20250908,10:20,000001,未知,11.72,11.72,11.69,11.71,33020,38652772
20250908,10:25,000001,未知,11.71,11.73,11.7,11.72,19998,23435523
20250908,10:30,000001,未知,11.72,11.73,11.71,11.71,17021,19943916
20250908,10:35,000001,未知,11.71,11.75,11.71,11.74,18608,21835151
20250908,10:40,000001,未知,11.74,11.75,11.72,11.75,17079,20046934
20250908,10:45,000001,未知,11.75,11.77,11.74,11.75,35076,41239890
20250908,10:50,000001,未知,11.74,11.75,11.72,11.72,12985,15241037
20250908,10:55,000001,未知,11.72,11.73,11.71,11.72,8443,9896712
20250908,11:00,000001,未知,11.71,11.72,11.7,11.7,14198,16629406
20250908,11:05,000001,未知,11.71,11.73,11.7,11.72,9090,10649076
20250908,11:10,000001,未知,11.72,11.73,11.71,11.71,6048,7086469
20250908,11:15,000001,未知,11.71,11.72,11.7,11.71,9646,11296558
20250908,11:20,000001,未知,11.72,11.72,11.71,11.72,3624,4245813
20250908,11:25,000001,未知,11.71,11.72,11.7,11.7,9355,10955895
20250908,11:30,000001,未知,11.71,11.72,11.7,11.72,7691,9010301
20250908,13:05,000001,未知,11.71,11.73,11.7,11.72,20627,24158114
20250908,13:10,000001,未知,11.72,11.72,11.71,11.72,3955,4633646
20250908,13:15,000001,未知,11.71,11.73,11.7,11.71,27447,32138357
20250908,13:20,000001,未知,11.7,11.72,11.69,11.69,40113,46935156
20250908,13:25,000001,未知,11.69,11.7,11.68,11.69,27345,31973711
20250908,13:30,000001,未知,11.7,11.7,11.68,11.68,29261,34199602
20250908,13:35,000001,未知,11.69,11.69,11.67,11.68,28530,33322710
20250908,13:40,000001,未知,11.68,11.69,11.67,11.69,14805,17293671
20250908,13:45,000001,未知,11.68,11.7,11.68,11.69,6551,7657221
20250908,13:50,000001,未知,11.69,11.7,11.69,11.7,4751,5555092
20250908,13:55,000001,未知,11.69,11.7,11.69,11.7,3072,3592524
20250908,14:00,000001,未知,11.7,11.7,11.69,11.7,8955,10471721
20250908,14:05,000001,未知,11.7,11.71,11.69,11.7,11902,13924271
20250908,14:10,000001,未知,11.7,11.71,11.7,11.7,5301,6206088
20250908,14:15,000001,未知,11.7,11.71,11.7,11.71,6622,7753197
20250908,14:20,000001,未知,11.71,11.72,11.7,11.71,8652,10130714
20250908,14:25,000001,未知,11.71,11.72,11.7,11.72,6892,8070777
20250908,14:30,000001,未知,11.71,11.72,11.7,11.7,12803,14990550
20250908,14:35,000001,未知,11.71,11.71,11.7,11.71,6188,7243172
20250908,14:40,000001,未知,11.7,11.72,11.7,11.71,11074,12967498
20250908,14:45,000001,未知,11.7,11.71,11.7,11.7,22044,25796445
20250908,14:50,000001,未知,11.7,11.71,11.69,11.7,16259,19020671
20250908,14:55,000001,未知,11.7,11.7,11.69,11.69,35639,41671023
20250908,15:00,000001,未知,11.69,11.71,11.69,11.7,22705,26558092
20250909,09:35,000001,未知,11.71,11.73,11.7,11.72,44042,51594243
20250909,09:40,000001,未知,11.72,11.74,11.72,11.73,37303,43755919
20250909,09:45,000001,未知,11.72,11.73,11.71,11.72,20492,24019307
20250909,09:50,000001,未知,11.72,11.78,11.71,11.77,98650,115926453
20250909,09:55,000001,未知,11.78,11.78,11.74,11.74,28480,33502204
20250909,10:00,000001,未知,11.75,11.76,11.73,11.74,31286,36742005
20250909,10:05,000001,未知,11.73,11.74,11.71,11.73,23863,27978423
20250909,10:10,000001,未知,11.74,11.74,11.71,11.72,19646,23028355
20250909,10:15,000001,未知,11.71,11.73,11.71,11.72,12390,14523979
20250909,10:20,000001,未知,11.72,11.73,11.71,11.72,8432,9884086
20250909,10:25,000001,未知,11.73,11.74,11.72,11.73,9045,10608786
20250909,10:30,000001,未知,11.73,11.74,11.72,11.73,9268,10869299
20250909,10:35,000001,未知,11.73,11.75,11.73,11.75,7456,8753240
20250909,10:40,000001,未知,11.74,11.76,11.74,11.75,18524,21773769
20250909,10:45,000001,未知,11.76,11.76,11.74,11.75,8611,10113588
20250909,10:50,000001,未知,11.74,11.75,11.73,11.73,7323,8598465
20250909,10:55,000001,未知,11.73,11.75,11.73,11.74,10646,12501927
20250909,11:00,000001,未知,11.75,11.76,11.72,11.73,33591,39451285
20250909,11:05,000001,未知,11.74,11.74,11.73,11.74,6343,7441938
20250909,11:10,000001,未知,11.74,11.74,11.73,11.74,2719,3190535
20250909,11:15,000001,未知,11.74,11.74,11.72,11.73,7920,9288193
20250909,11:20,000001,未知,11.73,11.75,11.73,11.74,7341,8616731
20250909,11:25,000001,未知,11.74,11.75,11.73,11.73,9447,11085981
20250909,11:30,000001,未知,11.73,11.74,11.72,11.72,6928,8125293
20250909,13:05,000001,未知,11.73,11.73,11.71,11.71,31595,37020030
20250909,13:10,000001,未知,11.72,11.73,11.71,11.72,5873,6882415
20250909,13:15,000001,未知,11.72,11.73,11.71,11.71,15562,18237679
20250909,13:20,000001,未知,11.72,11.72,11.7,11.71,24400,28569277
20250909,13:25,000001,未知,11.71,11.71,11.7,11.7,17547,20538160
20250909,13:30,000001,未知,11.7,11.71,11.69,11.69,21031,24600291
20250909,13:35,000001,未知,11.69,11.7,11.68,11.7,19910,23272973
20250909,13:40,000001,未知,11.69,11.7,11.68,11.69,12008,14038841
20250909,13:45,000001,未知,11.69,11.7,11.68,11.68,9792,11443620
20250909,13:50,000001,未知,11.68,11.7,11.68,11.69,7720,9022318
20250909,13:55,000001,未知,11.69,11.7,11.69,11.7,10063,11770255
20250909,14:00,000001,未知,11.7,11.71,11.69,11.7,15506,18142550
20250909,14:05,000001,未知,11.69,11.71,11.68,11.7,17086,19972689
20250909,14:10,000001,未知,11.7,11.72,11.7,11.71,16364,19166776
20250909,14:15,000001,未知,11.71,11.73,11.71,11.72,10949,12830782
20250909,14:20,000001,未知,11.72,11.74,11.71,11.73,20461,24000596
20250909,14:25,000001,未知,11.74,11.74,11.72,11.74,14668,17207977
20250909,14:30,000001,未知,11.73,11.74,11.72,11.72,8763,10278028
20250909,14:35,000001,未知,11.73,11.74,11.72,11.73,18887,22165338
20250909,14:40,000001,未知,11.74,11.74,11.73,11.73,8274,9707967
20250909,14:45,000001,未知,11.73,11.74,11.73,11.73,10375,12173871
20250909,14:50,000001,未知,11.73,11.75,11.73,11.74,26976,31671593
20250909,14:55,000001,未知,11.75,11.75,11.74,11.74,22932,26930405
20250909,15:00,000001,未知,11.74,11.76,11.74,11.75,24051,28259907
20250910,09:35,000001,未知,11.74,11.74,11.71,11.73,34014,39887506
20250910,09:40,000001,未知,11.73,11.74,11.71,11.72,21305,24982379
20250910,09:45,000001,未知,11.71,11.73,11.71,11.73,16365,19176872
20250910,09:50,000001,未知,11.73,11.74,11.72,11.73,13115,15379970
20250910,09:55,000001,未知,11.72,11.74,11.72,11.74,21870,25639887
20250910,10:00,000001,未知,11.74,11.74,11.73,11.74,9233,10835191
20250910,10:05,000001,未知,11.74,11.75,11.73,11.73,17476,20513093
20250910,10:10,000001,未知,11.74,11.77,11.74,11.76,49586,58281042
20250910,10:15,000001,未知,11.76,11.77,11.75,11.76,18354,21591548
20250910,10:20,000001,未知,11.77,11.77,11.74,11.75,19536,22967169
20250910,10:25,000001,未知,11.75,11.75,11.73,11.73,9267,10881861
20250910,10:30,000001,未知,11.74,11.74,11.72,11.74,13400,15719422
20250910,10:35,000001,未知,11.74,11.76,11.73,11.74,19689,23139214
20250910,10:40,000001,未知,11.75,11.76,11.74,11.76,23831,28013737
20250910,10:45,000001,未知,11.76,11.77,11.74,11.75,23946,28150248
20250910,10:50,000001,未知,11.75,11.76,11.74,11.74,11823,13885930
20250910,10:55,000001,未知,11.75,11.77,11.74,11.77,15163,17825946
20250910,11:00,000001,未知,11.76,11.79,11.75,11.77,58968,69460847
20250910,11:05,000001,未知,11.76,11.76,11.74,11.76,12342,14505957
20250910,11:10,000001,未知,11.75,11.78,11.75,11.77,10613,12484302
20250910,11:15,000001,未知,11.76,11.78,11.76,11.78,14933,17571743
20250910,11:20,000001,未知,11.77,11.78,11.77,11.78,7541,8881669
20250910,11:25,000001,未知,11.78,11.78,11.77,11.78,12650,14900201
20250910,11:30,000001,未知,11.77,11.78,11.76,11.78,12565,14790942
20250910,13:05,000001,未知,11.78,11.78,11.76,11.76,11554,13601279
20250910,13:10,000001,未知,11.76,11.77,11.74,11.75,20341,23901486
20250910,13:15,000001,未知,11.75,11.76,11.74,11.76,6289,7390188
20250910,13:20,000001,未知,11.76,11.77,11.75,11.77,6592,7754085
20250910,13:25,000001,未知,11.77,11.77,11.76,11.76,3426,4030741
20250910,13:30,000001,未知,11.77,11.78,11.76,11.78,8913,10490148
20250910,13:35,000001,未知,11.77,11.78,11.77,11.78,10193,12005436
20250910,13:40,000001,未知,11.78,11.79,11.77,11.78,19047,22439403
20250910,13:45,000001,未知,11.78,11.79,11.78,11.78,10945,12895920
20250910,13:50,000001,未知,11.78,11.79,11.77,11.78,22090,26017085
20250910,13:55,000001,未知,11.78,11.78,11.77,11.77,7889,9291227
20250910,14:00,000001,未知,11.78,11.78,11.77,11.78,7952,9365765
20250910,14:05,000001,未知,11.77,11.79,11.77,11.78,25186,29669789
20250910,14:10,000001,未知,11.78,11.79,11.77,11.79,15942,18792350
20250910,14:15,000001,未知,11.79,11.79,11.78,11.79,11357,13383057
20250910,14:20,000001,未知,11.78,11.79,11.77,11.77,14237,16765928
20250910,14:25,000001,未知,11.77,11.78,11.77,11.77,9682,11401723
20250910,14:30,000001,未知,11.77,11.78,11.77,11.78,11014,12971010
20250910,14:35,000001,未知,11.79,11.79,11.77,11.78,20637,24301773
20250910,14:40,000001,未知,11.78,11.78,11.77,11.78,7916,9319931
20250910,14:45,000001,未知,11.77,11.78,11.76,11.77,20816,24503176
20250910,14:50,000001,未知,11.77,11.78,11.76,11.77,16565,19497091
20250910,14:55,000001,未知,11.76,11.77,11.76,11.76,18980,22329414
20250910,15:00,000001,未知,11.77,11.77,11.76,11.77,17520,20617376
20250911,09:35,000001,未知,11.77,11.8,11.76,11.78,63564,74872726
20250911,09:40,000001,未知,11.78,11.78,11.75,11.76,24470,28791435
20250911,09:45,000001,未知,11.75,11.75,11.71,11.74,47026,55170741
20250911,09:50,000001,未知,11.74,11.75,11.73,11.74,15037,17652110
20250911,09:55,000001,未知,11.74,11.77,11.74,11.75,20799,24445276
20250911,10:00,000001,未知,11.74,11.76,11.73,11.73,13412,15749672
20250911,10:05,000001,未知,11.74,11.75,11.73,11.74,22002,25820077
20250911,10:10,000001,未知,11.74,11.74,11.72,11.72,24997,29324498
20250911,10:15,000001,未知,11.73,11.73,11.71,11.72,27414,32125758
20250911,10:20,000001,未知,11.72,11.73,11.71,11.71,17813,20862979
20250911,10:25,000001,未知,11.71,11.73,11.71,11.73,9588,11238701
20250911,10:30,000001,未知,11.73,11.74,11.73,11.73,8682,10185828
20250911,10:35,000001,未知,11.74,11.74,11.71,11.71,14090,16514911
20250911,10:40,000001,未知,11.72,11.72,11.71,11.72,8992,10537039
20250911,10:45,000001,未知,11.72,11.72,11.71,11.72,3857,4519394
20250911,10:50,000001,未知,11.71,11.72,11.71,11.72,21043,24651726
20250911,10:55,000001,未知,11.71,11.73,11.71,11.72,14473,16953889
20250911,11:00,000001,未知,11.72,11.74,11.72,11.74,9331,10946506
20250911,11:05,000001,未知,11.74,11.75,11.74,11.74,11514,13521963
20250911,11:10,000001,未知,11.74,11.75,11.73,11.74,11458,13452013
20250911,11:15,000001,未知,11.75,11.75,11.73,11.74,11760,13803144
20250911,11:20,000001,未知,11.74,11.74,11.72,11.72,40187,47102937
20250911,11:25,000001,未知,11.72,11.73,11.72,11.73,22953,26906354
20250911,11:30,000001,未知,11.72,11.75,11.72,11.74,13000,15259433
20250911,13:05,000001,未知,11.73,11.75,11.73,11.74,28747,33749620
20250911,13:10,000001,未知,11.75,11.75,11.74,11.75,7230,8491687
20250911,13:15,000001,未知,11.74,11.77,11.74,11.77,23821,28008496
20250911,13:20,000001,未知,11.76,11.78,11.76,11.78,24298,28607058
20250911,13:25,000001,未知,11.78,11.79,11.77,11.77,23684,27897493
20250911,13:30,000001,未知,11.77,11.78,11.77,11.78,10429,12281076
20250911,13:35,000001,未知,11.78,11.79,11.77,11.78,18274,21535960
20250911,13:40,000001,未知,11.78,11.79,11.77,11.79,8293,9768899
20250911,13:45,000001,未知,11.79,11.79,11.78,11.79,9392,11068581
20250911,13:50,000001,未知,11.79,11.8,11.78,11.78,26881,31693351
20250911,13:55,000001,未知,11.79,11.79,11.77,11.77,6496,7654456
20250911,14:00,000001,未知,11.78,11.78,11.77,11.77,6544,7707463
20250911,14:05,000001,未知,11.78,11.79,11.77,11.78,12970,15279604
20250911,14:10,000001,未知,11.78,11.8,11.78,11.8,15458,18224850
20250911,14:15,000001,未知,11.79,11.8,11.78,11.79,13495,15907275
20250911,14:20,000001,未知,11.78,11.8,11.78,11.79,12408,14631186
20250911,14:25,000001,未知,11.79,11.8,11.79,11.79,11066,13053425
20250911,14:30,000001,未知,11.8,11.81,11.79,11.81,36802,43439301
20250911,14:35,000001,未知,11.8,11.81,11.79,11.8,18580,21927340
20250911,14:40,000001,未知,11.81,11.83,11.8,11.83,57962,68493604
20250911,14:45,000001,未知,11.83,11.83,11.82,11.83,23935,28310535
20250911,14:50,000001,未知,11.83,11.84,11.82,11.84,30748,36386101
20250911,14:55,000001,未知,11.84,11.84,11.82,11.83,37487,44352442
20250911,15:00,000001,未知,11.83,11.85,11.83,11.85,21470,25429631
20250912,09:35,000001,未知,11.83,11.88,11.83,11.85,86337,102335947
20250912,09:40,000001,未知,11.86,11.86,11.83,11.84,28067,33238384
20250912,09:45,000001,未知,11.84,11.84,11.82,11.82,19977,23623403
20250912,09:50,000001,未知,11.83,11.84,11.82,11.82,14303,16918258
20250912,09:55,000001,未知,11.83,11.85,11.81,11.82,24297,28740415
20250912,10:00,000001,未知,11.82,11.82,11.81,11.82,22434,26502802
20250912,10:05,000001,未知,11.81,11.82,11.79,11.79,31159,36775989
20250912,10:10,000001,未知,11.79,11.82,11.79,11.82,14057,16592596
20250912,10:15,000001,未知,11.81,11.83,11.81,11.82,14176,16755259
20250912,10:20,000001,未知,11.81,11.82,11.81,11.82,5297,6257529
20250912,10:25,000001,未知,11.81,11.82,11.79,11.8,27746,32739832
20250912,10:30,000001,未知,11.8,11.81,11.8,11.8,6491,7661795
20250912,10:35,000001,未知,11.81,11.81,11.79,11.79,20861,24613765
20250912,10:40,000001,未知,11.8,11.81,11.79,11.81,12313,14533658
20250912,10:45,000001,未知,11.81,11.82,11.8,11.8,8624,10183926
20250912,10:50,000001,未知,11.8,11.82,11.8,11.8,18384,21712261
20250912,10:55,000001,未知,11.81,11.82,11.8,11.81,12899,15230794
20250912,11:00,000001,未知,11.81,11.82,11.8,11.8,5979,7057672
20250912,11:05,000001,未知,11.8,11.81,11.79,11.8,21678,25568096
20250912,11:10,000001,未知,11.8,11.81,11.79,11.79,26599,31374838
20250912,11:15,000001,未知,11.78,11.8,11.78,11.78,8771,10339195
20250912,11:20,000001,未知,11.78,11.79,11.78,11.78,12893,15193090
20250912,11:25,000001,未知,11.78,11.79,11.78,11.79,11961,14092729
20250912,11:30,000001,未知,11.79,11.8,11.79,11.8,11741,13846635
20250912,13:05,000001,未知,11.79,11.8,11.77,11.77,40068,47208450
20250912,13:10,000001,未知,11.77,11.79,11.77,11.78,5394,6355055
20250912,13:15,000001,未知,11.79,11.79,11.77,11.77,16233,19122453
20250912,13:20,000001,未知,11.77,11.78,11.77,11.77,6797,8003251
20250912,13:25,000001,未知,11.77,11.78,11.77,11.78,5118,6025806
20250912,13:30,000001,未知,11.77,11.78,11.76,11.76,27098,31888717
20250912,13:35,000001,未知,11.76,11.76,11.74,11.75,37256,43784084
20250912,13:40,000001,未知,11.75,11.75,11.74,11.75,18082,21243552
20250912,13:45,000001,未知,11.75,11.75,11.73,11.73,35665,41868721
20250912,13:50,000001,未知,11.73,11.74,11.73,11.73,13053,15315457
20250912,13:55,000001,未知,11.73,11.74,11.73,11.74,13806,16201493
20250912,14:00,000001,未知,11.74,11.74,11.72,11.73,26082,30596105
20250912,14:05,000001,未知,11.73,11.74,11.72,11.73,13564,15904491
20250912,14:10,000001,未知,11.72,11.73,11.72,11.72,21796,25548798
20250912,14:15,000001,未知,11.73,11.73,11.71,11.71,20132,23586791
20250912,14:20,000001,未知,11.71,11.72,11.71,11.72,23927,28033674
20250912,14:25,000001,未知,11.72,11.72,11.71,11.71,19159,22444644
20250912,14:30,000001,未知,11.71,11.72,11.7,11.71,28772,33692854
20250912,14:35,000001,未知,11.71,11.72,11.71,11.72,8954,10490999
20250912,14:40,000001,未知,11.71,11.72,11.71,11.72,9575,11220145
20250912,14:45,000001,未知,11.71,11.73,11.71,11.72,31051,36394552
20250912,14:50,000001,未知,11.71,11.72,11.71,11.72,11640,13638130
20250912,14:55,000001,未知,11.71,11.72,11.71,11.72,19745,23129186
20250912,15:00,000001,未知,11.71,11.72,11.71,11.72,20374,23869626
20250915,09:35,000001,未知,11.7,11.7,11.65,11.69,71008,82938110
20250915,09:40,000001,未知,11.7,11.7,11.67,11.67,30606,35772613
20250915,09:45,000001,未知,11.68,11.69,11.67,11.68,24228,28307399
20250915,09:50,000001,未知,11.69,11.69,11.67,11.68,16300,19038559
20250915,09:55,000001,未知,11.68,11.68,11.66,11.66,38070,44402486
20250915,10:00,000001,未知,11.66,11.68,11.66,11.67,17961,20957448
20250915,10:05,000001,未知,11.67,11.67,11.66,11.67,19016,22177911
20250915,10:10,000001,未知,11.66,11.67,11.66,11.67,14092,16436347
20250915,10:15,000001,未知,11.67,11.68,11.66,11.67,14456,16866141
20250915,10:20,000001,未知,11.66,11.68,11.66,11.66,17535,20457833
20250915,10:25,000001,未知,11.66,11.67,11.66,11.67,10222,11923720
20250915,10:30,000001,未知,11.67,11.68,11.66,11.68,13374,15605009
20250915,10:35,000001,未知,11.67,11.7,11.67,11.7,29479,34448593
20250915,10:40,000001,未知,11.7,11.7,11.68,11.69,6512,7610556
20250915,10:45,000001,未知,11.69,11.7,11.68,11.69,19859,23214598
20250915,10:50,000001,未知,11.69,11.7,11.68,11.69,8691,10159660
20250915,10:55,000001,未知,11.69,11.7,11.68,11.7,7407,8659466
20250915,11:00,000001,未知,11.69,11.7,11.68,11.68,13087,15302293
20250915,11:05,000001,未知,11.68,11.7,11.68,11.7,9207,10763111
20250915,11:10,000001,未知,11.69,11.7,11.69,11.7,8492,9931903
20250915,11:15,000001,未知,11.7,11.71,11.69,11.7,9951,11639231
20250915,11:20,000001,未知,11.7,11.72,11.69,11.72,8397,9827730
20250915,11:25,000001,未知,11.71,11.72,11.7,11.72,4494,5262508
20250915,11:30,000001,未知,11.72,11.72,11.7,11.71,5179,6064863
20250915,13:05,000001,未知,11.7,11.71,11.68,11.69,19087,22324325
20250915,13:10,000001,未知,11.68,11.69,11.66,11.67,26444,30871588
20250915,13:15,000001,未知,11.68,11.68,11.66,11.67,14353,16750873
20250915,13:20,000001,未知,11.68,11.68,11.66,11.67,12967,15133313
20250915,13:25,000001,未知,11.67,11.68,11.66,11.67,5598,6532246
20250915,13:30,000001,未知,11.67,11.68,11.66,11.67,11638,13582710
20250915,13:35,000001,未知,11.67,11.67,11.66,11.67,5244,6118560
20250915,13:40,000001,未知,11.66,11.67,11.66,11.66,6871,8015401
20250915,13:45,000001,未知,11.66,11.67,11.66,11.67,8159,9519172
20250915,13:50,000001,未知,11.67,11.67,11.66,11.67,8782,10241757
20250915,13:55,000001,未知,11.67,11.67,11.66,11.66,35908,41874331
20250915,14:00,000001,未知,11.65,11.66,11.65,11.65,21559,25124642
20250915,14:05,000001,未知,11.65,11.66,11.64,11.65,40103,46721457
20250915,14:10,000001,未知,11.64,11.65,11.63,11.65,37553,43699348
20250915,14:15,000001,未知,11.64,11.64,11.63,11.64,18773,21842759
20250915,14:20,000001,未知,11.64,11.64,11.63,11.63,10480,12193155
20250915,14:25,000001,未知,11.64,11.64,11.63,11.63,23062,26830923
20250915,14:30,000001,未知,11.63,11.64,11.63,11.64,11930,13880751
20250915,14:35,000001,未知,11.64,11.65,11.64,11.64,20996,24446287
20250915,14:40,000001,未知,11.64,11.65,11.63,11.64,23296,27117390
20250915,14:45,000001,未知,11.64,11.65,11.63,11.64,17509,20378178
20250915,14:50,000001,未知,11.63,11.64,11.63,11.64,11548,13440061
20250915,14:55,000001,未知,11.64,11.65,11.63,11.65,13274,15455892
20250915,15:00,000001,未知,11.64,11.65,11.64,11.65,17630,20533363
20250916,09:35,000001,未知,11.66,11.68,11.65,11.66,35409,41290251
20250916,09:40,000001,未知,11.66,11.67,11.64,11.64,21798,25403337
20250916,09:45,000001,未知,11.64,11.67,11.64,11.65,23256,27099998
20250916,09:50,000001,未知,11.65,11.66,11.61,11.62,41895,48724859
20250916,09:55,000001,未知,11.62,11.64,11.62,11.63,16560,19255325
20250916,10:00,000001,未知,11.63,11.65,11.62,11.64,13697,15934312
20250916,10:05,000001,未知,11.65,11.66,11.64,11.66,12603,14682048
20250916,10:10,000001,未知,11.65,11.66,11.63,11.63,15182,17679541
20250916,10:15,000001,未知,11.63,11.64,11.62,11.64,13557,15768694
20250916,10:20,000001,未知,11.64,11.64,11.62,11.64,9119,10603287
20250916,10:25,000001,未知,11.63,11.64,11.63,11.63,4966,5777098
20250916,10:30,000001,未知,11.63,11.65,11.63,11.65,10862,12643175
20250916,10:35,000001,未知,11.65,11.65,11.64,11.64,13266,15447439
20250916,10:40,000001,未知,11.65,11.66,11.64,11.64,14092,16416193
20250916,10:45,000001,未知,11.64,11.66,11.64,11.65,12550,14615094
20250916,10:50,000001,未知,11.66,11.66,11.65,11.65,10305,12008783
20250916,10:55,000001,未知,11.66,11.66,11.65,11.66,10143,11820442
20250916,11:00,000001,未知,11.65,11.66,11.64,11.65,14074,16397764
20250916,11:05,000001,未知,11.64,11.65,11.64,11.65,8701,10128675
20250916,11:10,000001,未知,11.64,11.65,11.64,11.65,3556,4140706
20250916,11:15,000001,未知,11.64,11.65,11.64,11.65,7122,8292732
20250916,11:20,000001,未知,11.64,11.67,11.64,11.66,18218,21230289
20250916,11:25,000001,未知,11.66,11.67,11.66,11.66,6539,7628418
20250916,11:30,000001,未知,11.66,11.68,11.66,11.68,18725,21847420
20250916,13:05,000001,未知,11.68,11.7,11.67,11.7,44127,51568586
20250916,13:10,000001,未知,11.69,11.69,11.67,11.68,10812,12632854
20250916,13:15,000001,未知,11.68,11.68,11.67,11.68,3542,4136029
20250916,13:20,000001,未知,11.67,11.68,11.67,11.67,8819,10295114
20250916,13:25,000001,未知,11.68,11.68,11.67,11.68,8355,9755839
20250916,13:30,000001,未知,11.67,11.68,11.67,11.68,7928,9254507
20250916,13:35,000001,未知,11.67,11.68,11.66,11.66,18926,22081625
20250916,13:40,000001,未知,11.66,11.67,11.66,11.67,5027,5863197
20250916,13:45,000001,未知,11.67,11.67,11.66,11.66,7794,9091954
20250916,13:50,000001,未知,11.66,11.67,11.65,11.66,10038,11706802
20250916,13:55,000001,未知,11.66,11.69,11.65,11.69,29262,34161186
20250916,14:00,000001,未知,11.67,11.69,11.67,11.68,8772,10244028
20250916,14:05,000001,未知,11.68,11.68,11.67,11.67,8819,10295551
20250916,14:10,000001,未知,11.67,11.68,11.66,11.66,15575,18178148
20250916,14:15,000001,未知,11.67,11.67,11.66,11.66,16163,18850126
20250916,14:20,000001,未知,11.66,11.67,11.65,11.66,19353,22556913
20250916,14:25,000001,未知,11.65,11.66,11.64,11.64,9928,11568068
20250916,14:30,000001,未知,11.64,11.66,11.64,11.65,22022,25653955
20250916,14:35,000001,未知,11.65,11.65,11.64,11.65,17676,20585956
20250916,14:40,000001,未知,11.64,11.65,11.63,11.64,17838,20763404
20250916,14:45,000001,未知,11.64,11.65,11.63,11.63,11649,13560664
20250916,14:50,000001,未知,11.64,11.65,11.63,11.64,10474,12188667
20250916,14:55,000001,未知,11.64,11.65,11.63,11.65,19361,22535732
20250916,15:00,000001,未知,11.64,11.65,11.64,11.64,19593,22810394
20250917,09:35,000001,未知,11.64,11.67,11.64,11.65,33440,38975896
20250917,09:40,000001,未知,11.66,11.66,11.62,11.62,33853,39396068
20250917,09:45,000001,未知,11.62,11.63,11.62,11.63,31601,36728287
20250917,09:50,000001,未知,11.62,11.63,11.61,11.62,25887,30080091
20250917,09:55,000001,未知,11.61,11.62,11.58,11.59,63869,74097886
20250917,10:00,000001,未知,11.58,11.6,11.58,11.6,31184,36149617
20250917,10:05,000001,未知,11.6,11.63,11.59,11.63,18950,21995992
20250917,10:10,000001,未知,11.63,11.63,11.61,11.62,12013,13958337
20250917,10:15,000001,未知,11.62,11.63,11.62,11.62,9877,11480404
20250917,10:20,000001,未知,11.62,11.64,11.62,11.63,10837,12604916
20250917,10:25,000001,未知,11.64,11.64,11.62,11.62,6604,7678911
20250917,10:30,000001,未知,11.63,11.64,11.62,11.64,7555,8788771
20250917,10:35,000001,未知,11.63,11.65,11.63,11.64,14198,16529650
20250917,10:40,000001,未知,11.64,11.66,11.64,11.64,15514,18074590
20250917,10:45,000001,未知,11.64,11.65,11.64,11.64,9398,10941737
20250917,10:50,000001,未知,11.64,11.66,11.64,11.65,14378,16749632
20250917,10:55,000001,未知,11.64,11.67,11.64,11.66,21506,25073816
20250917,11:00,000001,未知,11.66,11.66,11.64,11.65,13110,15275187
20250917,11:05,000001,未知,11.64,11.66,11.63,11.63,10457,12173548
20250917,11:10,000001,未知,11.64,11.64,11.62,11.64,9976,11602697
20250917,11:15,000001,未知,11.64,11.64,11.62,11.63,8370,9737693
20250917,11:20,000001,未知,11.63,11.64,11.63,11.63,9741,11335425
20250917,11:25,000001,未知,11.64,11.65,11.64,11.65,7179,8360614
20250917,11:30,000001,未知,11.65,11.66,11.64,11.65,10296,11999268
20250917,13:05,000001,未知,11.65,11.65,11.61,11.62,46240,53767468
20250917,13:10,000001,未知,11.62,11.64,11.62,11.63,17544,20396078
20250917,13:15,000001,未知,11.62,11.63,11.61,11.62,11961,13897403
20250917,13:20,000001,未知,11.61,11.62,11.61,11.61,12175,14140734
20250917,13:25,000001,未知,11.62,11.62,11.61,11.62,6542,7600291
20250917,13:30,000001,未知,11.62,11.63,11.61,11.62,21491,24973775
20250917,13:35,000001,未知,11.62,11.63,11.61,11.62,12218,14195471
20250917,13:40,000001,未知,11.62,11.63,11.61,11.63,11288,13112406
20250917,13:45,000001,未知,11.62,11.64,11.62,11.62,13160,15300941
20250917,13:50,000001,未知,11.63,11.63,11.62,11.63,9428,10958707
20250917,13:55,000001,未知,11.62,11.63,11.62,11.62,11318,13157860
20250917,14:00,000001,未知,11.62,11.63,11.62,11.63,8106,9426178
20250917,14:05,000001,未知,11.63,11.66,11.62,11.65,27361,31854818
20250917,14:10,000001,未知,11.65,11.66,11.64,11.65,8846,10306410
20250917,14:15,000001,未知,11.65,11.65,11.64,11.65,4695,5468791
20250917,14:20,000001,未知,11.65,11.66,11.64,11.65,21935,25557371
20250917,14:25,000001,未知,11.64,11.65,11.63,11.64,15085,17556216
20250917,14:30,000001,未知,11.63,11.64,11.62,11.63,8284,9634152
20250917,14:35,000001,未知,11.63,11.64,11.62,11.64,11258,13089548
20250917,14:40,000001,未知,11.63,11.64,11.62,11.64,9029,10501120
20250917,14:45,000001,未知,11.63,11.65,11.63,11.64,12144,14131702
20250917,14:50,000001,未知,11.64,11.65,11.63,11.65,10017,11660517
20250917,14:55,000001,未知,11.64,11.65,11.63,11.65,17063,19867178
20250917,15:00,000001,未知,11.65,11.65,11.63,11.64,14148,16470546
20250918,09:35,000001,未知,11.65,11.66,11.63,11.63,42281,49257368
20250918,09:40,000001,未知,11.63,11.64,11.61,11.63,33406,38828073
20250918,09:45,000001,未知,11.62,11.63,11.61,11.61,17678,20535531
20250918,09:50,000001,未知,11.61,11.62,11.59,11.59,49046,56893080
20250918,09:55,000001,未知,11.59,11.6,11.57,11.57,41821,48429039
20250918,10:00,000001,未知,11.57,11.59,11.57,11.58,25586,29621814
20250918,10:05,000001,未知,11.59,11.59,11.57,11.59,18920,21908247
20250918,10:10,000001,未知,11.59,11.6,11.58,11.59,13392,15521478
20250918,10:15,000001,未知,11.6,11.6,11.58,11.59,14554,16866381
20250918,10:20,000001,未知,11.59,11.6,11.58,11.59,16743,19405024
20250918,10:25,000001,未知,11.58,11.59,11.56,11.57,43247,50060907
20250918,10:30,000001,未知,11.56,11.57,11.56,11.56,19911,23031022
20250918,10:35,000001,未知,11.56,11.56,11.54,11.54,60168,69504456
20250918,10:40,000001,未知,11.55,11.55,11.54,11.54,17267,19939909
20250918,10:45,000001,未知,11.54,11.55,11.52,11.53,52672,60756152
20250918,10:50,000001,未知,11.52,11.53,11.52,11.52,35896,41371370
20250918,10:55,000001,未知,11.52,11.52,11.51,11.52,32384,37301547
20250918,11:00,000001,未知,11.52,11.52,11.51,11.52,17305,19932149
20250918,11:05,000001,未知,11.52,11.53,11.51,11.52,21437,24694582
20250918,11:10,000001,未知,11.52,11.52,11.51,11.52,16677,19205293
20250918,11:15,000001,未知,11.52,11.52,11.51,11.52,17147,19742662
20250918,11:20,000001,未知,11.52,11.52,11.51,11.52,25896,29813357
20250918,11:25,000001,未知,11.52,11.52,11.51,11.51,8259,9510096
20250918,11:30,000001,未知,11.51,11.52,11.51,11.52,9727,11200313
20250918,13:05,000001,未知,11.52,11.52,11.5,11.51,51184,58920648
20250918,13:10,000001,未知,11.51,11.52,11.5,11.51,21215,24422026
20250918,13:15,000001,未知,11.51,11.53,11.51,11.52,12213,14072083
20250918,13:20,000001,未知,11.52,11.53,11.52,11.53,14546,16768415
20250918,13:25,000001,未知,11.52,11.54,11.52,11.53,12120,13972662
20250918,13:30,000001,未知,11.52,11.52,11.5,11.51,33004,37990621
20250918,13:35,000001,未知,11.51,11.52,11.5,11.5,17147,19733353
20250918,13:40,000001,未知,11.5,11.51,11.5,11.51,42843,49281800
20250918,13:45,000001,未知,11.5,11.51,11.49,11.49,31017,35643684
20250918,13:50,000001,未知,11.5,11.5,11.46,11.47,53431,61331090
20250918,13:55,000001,未知,11.47,11.47,11.45,11.45,38580,44227919
20250918,14:00,000001,未知,11.45,11.47,11.45,11.46,27374,31361161
20250918,14:05,000001,未知,11.45,11.46,11.44,11.44,31352,35887919
20250918,14:10,000001,未知,11.44,11.45,11.43,11.43,27173,31073990
20250918,14:15,000001,未知,11.43,11.43,11.41,11.43,46634,53255789
20250918,14:20,000001,未知,11.43,11.44,11.42,11.42,29192,33364293
20250918,14:25,000001,未知,11.43,11.44,11.42,11.42,23629,26999194
20250918,14:30,000001,未知,11.42,11.43,11.4,11.4,32707,37335191
20250918,14:35,000001,未知,11.41,11.42,11.4,11.41,26157,29846748
20250918,14:40,000001,未知,11.42,11.42,11.4,11.41,26845,30628812
20250918,14:45,000001,未知,11.4,11.41,11.38,11.4,54073,61617588
20250918,14:50,000001,未知,11.4,11.41,11.39,11.41,30686,34992618
20250918,14:55,000001,未知,11.41,11.42,11.4,11.42,34596,39482858
20250918,15:00,000001,未知,11.42,11.42,11.41,11.41,17022,19425466
20250919,09:35,000001,未知,11.41,11.42,11.37,11.41,70199,79991845
20250919,09:40,000001,未知,11.41,11.44,11.38,11.42,81601,93082977
20250919,09:45,000001,未知,11.41,11.45,11.41,11.44,26822,30669169
20250919,09:50,000001,未知,11.44,11.45,11.41,11.41,27346,31261505
20250919,09:55,000001,未知,11.42,11.43,11.41,11.42,12836,14657980
20250919,10:00,000001,未知,11.42,11.43,11.41,11.42,9285,10601284
20250919,10:05,000001,未知,11.41,11.42,11.4,11.41,11795,13451436
20250919,10:10,000001,未知,11.4,11.41,11.39,11.39,15959,18189370
20250919,10:15,000001,未知,11.39,11.41,11.39,11.4,15135,17250224
20250919,10:20,000001,未知,11.39,11.41,11.39,11.4,11125,12678942
20250919,10:25,000001,未知,11.4,11.42,11.4,11.41,15181,17319712
20250919,10:30,000001,未知,11.42,11.42,11.39,11.4,12926,14743036
20250919,10:35,000001,未知,11.4,11.4,11.38,11.38,18255,20789839
20250919,10:40,000001,未知,11.39,11.4,11.38,11.39,10871,12380519
20250919,10:45,000001,未知,11.39,11.4,11.39,11.4,5255,5987440
20250919,10:50,000001,未知,11.4,11.41,11.38,11.4,23645,26953586
20250919,10:55,000001,未知,11.41,11.43,11.4,11.43,13553,15478523
20250919,11:00,000001,未知,11.43,11.44,11.42,11.42,24856,28421605
20250919,11:05,000001,未知,11.43,11.44,11.42,11.44,9334,10667290
20250919,11:10,000001,未知,11.43,11.45,11.42,11.43,14987,17139559
20250919,11:15,000001,未知,11.43,11.44,11.42,11.43,6305,7204026
20250919,11:20,000001,未知,11.43,11.45,11.43,11.44,14689,16814970
20250919,11:25,000001,未知,11.45,11.46,11.44,11.45,11727,13429660
20250919,11:30,000001,未知,11.45,11.5,11.45,11.5,30525,35045223
20250919,13:05,000001,未知,11.5,11.5,11.47,11.49,29872,34309084
20250919,13:10,000001,未知,11.49,11.51,11.49,11.49,25166,28944855
20250919,13:15,000001,未知,11.5,11.5,11.49,11.5,8383,9637288
20250919,13:20,000001,未知,11.5,11.5,11.47,11.47,13307,15287049
20250919,13:25,000001,未知,11.48,11.48,11.46,11.47,8453,9691504
20250919,13:30,000001,未知,11.47,11.47,11.45,11.46,13633,15624312
20250919,13:35,000001,未知,11.47,11.48,11.46,11.47,7304,8377567
20250919,13:40,000001,未知,11.46,11.48,11.45,11.47,10057,11529779
20250919,13:45,000001,未知,11.48,11.48,11.45,11.47,7921,9080459
20250919,13:50,000001,未知,11.47,11.47,11.45,11.47,7309,8378422
20250919,13:55,000001,未知,11.46,11.47,11.45,11.46,4996,5727383
20250919,14:00,000001,未知,11.47,11.47,11.46,11.46,6597,7564378
20250919,14:05,000001,未知,11.47,11.48,11.46,11.48,10672,12238994
20250919,14:10,000001,未知,11.48,11.49,11.47,11.48,8827,10135060
20250919,14:15,000001,未知,11.48,11.48,11.47,11.47,5920,6793004
20250919,14:20,000001,未知,11.48,11.49,11.46,11.49,8758,10051981
20250919,14:25,000001,未知,11.49,11.51,11.48,11.5,32504,37361607
20250919,14:30,000001,未知,11.5,11.5,11.49,11.5,8750,10061367
20250919,14:35,000001,未知,11.49,11.51,11.49,11.5,13352,15356265
20250919,14:40,000001,未知,11.51,11.51,11.49,11.5,12149,13971865
20250919,14:45,000001,未知,11.49,11.5,11.48,11.49,13974,16053132
20250919,14:50,000001,未知,11.48,11.49,11.48,11.49,8548,9817779
20250919,14:55,000001,未知,11.49,11.49,11.48,11.48,18321,21038482
20250919,15:00,000001,未知,11.48,11.49,11.45,11.45,55666,63761543
20250922,09:35,000001,未知,11.44,11.47,11.42,11.47,35586,40706245
20250922,09:40,000001,未知,11.47,11.47,11.42,11.43,25506,29192562
20250922,09:45,000001,未知,11.42,11.42,11.4,11.41,29846,34048282
20250922,09:50,000001,未知,11.41,11.43,11.4,11.42,18525,21144085
20250922,09:55,000001,未知,11.44,11.44,11.41,11.41,7558,8629582
20250922,10:00,000001,未知,11.41,11.41,11.39,11.4,17836,20339219
20250922,10:05,000001,未知,11.39,11.43,11.39,11.41,16330,18633935
20250922,10:10,000001,未知,11.41,11.43,11.4,11.42,15588,17786565
20250922,10:15,000001,未知,11.41,11.42,11.4,11.41,9647,11006316
20250922,10:20,000001,未知,11.41,11.44,11.4,11.42,14879,16993611
20250922,10:25,000001,未知,11.42,11.43,11.4,11.41,10738,12259236
20250922,10:30,000001,未知,11.4,11.43,11.4,11.42,8244,9409172
20250922,10:35,000001,未知,11.42,11.44,11.41,11.43,9622,10992802
20250922,10:40,000001,未知,11.44,11.44,11.41,11.41,9210,10517584
20250922,10:45,000001,未知,11.42,11.42,11.39,11.4,35412,40364950
20250922,10:50,000001,未知,11.39,11.4,11.39,11.39,10890,12406731
20250922,10:55,000001,未知,11.39,11.4,11.38,11.38,16637,18946256
20250922,11:00,000001,未知,11.38,11.39,11.38,11.38,10982,12504961
20250922,11:05,000001,未知,11.38,11.4,11.38,11.39,9163,10434997
20250922,11:10,000001,未知,11.39,11.4,11.38,11.4,6845,7798556
20250922,11:15,000001,未知,11.39,11.4,11.38,11.38,6975,7940460
20250922,11:20,000001,未知,11.38,11.39,11.38,11.38,8507,9681845
20250922,11:25,000001,未知,11.38,11.4,11.38,11.4,10800,12300023
20250922,11:30,000001,未知,11.39,11.43,11.39,11.42,8731,9966726
20250922,13:05,000001,未知,11.41,11.43,11.4,11.41,14302,16331028
20250922,13:10,000001,未知,11.41,11.44,11.41,11.44,6830,7804940
20250922,13:15,000001,未知,11.43,11.44,11.41,11.42,7726,8827798
20250922,13:20,000001,未知,11.42,11.43,11.41,11.41,6364,7267739
20250922,13:25,000001,未知,11.42,11.42,11.41,11.41,3433,3918629
20250922,13:30,000001,未知,11.41,11.42,11.4,11.41,9515,10855414
20250922,13:35,000001,未知,11.4,11.41,11.4,11.4,6887,7852069
20250922,13:40,000001,未知,11.4,11.41,11.39,11.4,8368,9539783
20250922,13:45,000001,未知,11.39,11.4,11.38,11.39,14324,16316453
20250922,13:50,000001,未知,11.39,11.4,11.38,11.38,6131,6981034
20250922,13:55,000001,未知,11.39,11.4,11.38,11.39,8031,9146383
20250922,14:00,000001,未知,11.39,11.4,11.38,11.4,5855,6669559
20250922,14:05,000001,未知,11.39,11.4,11.38,11.39,10430,11882318
20250922,14:10,000001,未知,11.39,11.4,11.38,11.38,12334,14046310
20250922,14:15,000001,未知,11.39,11.39,11.38,11.39,13981,15914438
20250922,14:20,000001,未知,11.38,11.39,11.38,11.38,7071,8048470
20250922,14:25,000001,未知,11.39,11.39,11.38,11.38,7908,9004795
20250922,14:30,000001,未知,11.39,11.39,11.38,11.38,10135,11538111
20250922,14:35,000001,未知,11.38,11.39,11.38,11.39,18958,21586508
20250922,14:40,000001,未知,11.39,11.4,11.38,11.39,11348,12925348
20250922,14:45,000001,未知,11.39,11.4,11.38,11.38,6853,7803202
20250922,14:50,000001,未知,11.39,11.4,11.38,11.38,14386,16383681
20250922,14:55,000001,未知,11.39,11.4,11.38,11.39,11935,13595384
20250922,15:00,000001,未知,11.4,11.41,11.38,11.38,19240,21910863
20250923,09:35,000001,未知,11.37,11.38,11.33,11.33,57563,65322669
20250923,09:40,000001,未知,11.34,11.36,11.32,11.36,57644,65345078
20250923,09:45,000001,未知,11.36,11.41,11.35,11.39,37826,43017956
20250923,09:50,000001,未知,11.39,11.5,11.39,11.5,102084,117002772
20250923,09:55,000001,未知,11.51,11.54,11.5,11.54,88595,102044941
20250923,10:00,000001,未知,11.54,11.54,11.51,11.51,64473,74348689
20250923,10:05,000001,未知,11.51,11.56,11.51,11.55,68742,79352178
20250923,10:10,000001,未知,11.55,11.57,11.53,11.54,50726,58605988
20250923,10:15,000001,未知,11.54,11.55,11.5,11.53,41771,48143468
20250923,10:20,000001,未知,11.53,11.54,11.51,11.51,32717,37711690
20250923,10:25,000001,未知,11.52,11.54,11.5,11.5,30218,34831643
20250923,10:30,000001,未知,11.5,11.51,11.49,11.51,38108,43821145
20250923,10:35,000001,未知,11.5,11.5,11.46,11.47,28894,33160924
20250923,10:40,000001,未知,11.46,11.52,11.46,11.51,28324,32532348
20250923,10:45,000001,未知,11.51,11.53,11.51,11.52,25389,29239876
20250923,10:50,000001,未知,11.52,11.54,11.51,11.54,28578,32955016
20250923,10:55,000001,未知,11.53,11.55,11.53,11.54,43460,50173133
20250923,11:00,000001,未知,11.55,11.57,11.54,11.57,65457,75654786
20250923,11:05,000001,未知,11.56,11.58,11.55,11.56,45663,52821195
20250923,11:10,000001,未知,11.55,11.56,11.53,11.55,20765,23982347
20250923,11:15,000001,未知,11.54,11.55,11.53,11.54,10590,12226225
20250923,11:20,000001,未知,11.55,11.55,11.53,11.55,12376,14283287
20250923,11:25,000001,未知,11.55,11.56,11.53,11.53,17306,19984283
20250923,11:30,000001,未知,11.53,11.55,11.53,11.54,13407,15467945
20250923,13:05,000001,未知,11.54,11.55,11.51,11.52,32134,37053351
20250923,13:10,000001,未知,11.51,11.53,11.51,11.53,16758,19306273
20250923,13:15,000001,未知,11.53,11.53,11.51,11.52,14507,16709456
20250923,13:20,000001,未知,11.52,11.53,11.51,11.51,7333,8447279
20250923,13:25,000001,未知,11.51,11.52,11.51,11.51,9469,10903154
20250923,13:30,000001,未知,11.52,11.53,11.51,11.52,7126,8210135
20250923,13:35,000001,未知,11.53,11.53,11.51,11.52,6665,7677677
20250923,13:40,000001,未知,11.51,11.52,11.5,11.51,15266,17565160
20250923,13:45,000001,未知,11.5,11.52,11.5,11.52,9152,10530677
20250923,13:50,000001,未知,11.52,11.53,11.51,11.53,18820,21674415
20250923,13:55,000001,未知,11.53,11.53,11.52,11.52,8295,9560813
20250923,14:00,000001,未知,11.53,11.55,11.52,11.55,18634,21496301
20250923,14:05,000001,未知,11.55,11.56,11.53,11.54,15473,17867489
20250923,14:10,000001,未知,11.54,11.55,11.53,11.54,9725,11223102
20250923,14:15,000001,未知,11.54,11.55,11.52,11.53,18789,21675442
20250923,14:20,000001,未知,11.53,11.55,11.53,11.54,19459,22456428
20250923,14:25,000001,未知,11.53,11.54,11.53,11.54,9107,10506356
20250923,14:30,000001,未知,11.54,11.55,11.52,11.53,13945,16088057
20250923,14:35,000001,未知,11.52,11.53,11.51,11.53,10604,12218573
20250923,14:40,000001,未知,11.52,11.53,11.51,11.52,8492,9781652
20250923,14:45,000001,未知,11.52,11.52,11.51,11.51,8216,9461147
20250923,14:50,000001,未知,11.51,11.53,11.51,11.53,14404,16591727
20250923,14:55,000001,未知,11.53,11.53,11.52,11.52,18219,21003099
20250923,15:00,000001,未知,11.52,11.53,11.52,11.52,20162,23233052
20250924,09:35,000001,未知,11.51,11.56,11.5,11.53,69980,80715492
20250924,09:40,000001,未知,11.54,11.56,11.5,11.5,50477,58216027
20250924,09:45,000001,未知,11.5,11.55,11.5,11.55,38749,44640936
20250924,09:50,000001,未知,11.55,11.61,11.53,11.61,92143,106744552
20250924,09:55,000001,未知,11.61,11.62,11.58,11.62,43868,50932449
20250924,10:00,000001,未知,11.61,11.62,11.59,11.6,21866,25378572
20250924,10:05,000001,未知,11.6,11.6,11.58,11.59,14005,16237172
20250924,10:10,000001,未知,11.59,11.61,11.58,11.58,13562,15718585
20250924,10:15,000001,未知,11.58,11.58,11.55,11.56,17647,20416985
20250924,10:20,000001,未知,11.56,11.58,11.53,11.53,23861,27572041
20250924,10:25,000001,未知,11.53,11.53,11.5,11.51,33809,38932845
20250924,10:30,000001,未知,11.51,11.51,11.47,11.49,67977,78053849
20250924,10:35,000001,未知,11.48,11.49,11.47,11.48,30195,34664005
20250924,10:40,000001,未知,11.49,11.49,11.47,11.48,16910,19411259
20250924,10:45,000001,未知,11.48,11.49,11.46,11.46,18225,20910843
20250924,10:50,000001,未知,11.46,11.47,11.45,11.46,27096,31050561
20250924,10:55,000001,未知,11.46,11.48,11.46,11.47,10691,12259082
20250924,11:00,000001,未知,11.46,11.47,11.46,11.47,12410,14227964
20250924,11:05,000001,未知,11.47,11.48,11.46,11.47,14602,16737645
20250924,11:10,000001,未知,11.47,11.47,11.45,11.46,17617,20183718
20250924,11:15,000001,未知,11.45,11.47,11.45,11.46,20495,23488992
20250924,11:20,000001,未知,11.45,11.46,11.44,11.46,20392,23349858
20250924,11:25,000001,未知,11.45,11.46,11.44,11.45,7841,8975666
20250924,11:30,000001,未知,11.44,11.46,11.44,11.45,13456,15407480
20250924,13:05,000001,未知,11.45,11.46,11.44,11.46,25598,29316079
20250924,13:10,000001,未知,11.46,11.47,11.45,11.46,12775,14636930
20250924,13:15,000001,未知,11.47,11.47,11.45,11.46,12798,14663975
20250924,13:20,000001,未知,11.46,11.47,11.45,11.46,8887,10185308
20250924,13:25,000001,未知,11.46,11.47,11.45,11.46,10427,11947734
20250924,13:30,000001,未知,11.46,11.47,11.45,11.46,7224,8276308
20250924,13:35,000001,未知,11.45,11.47,11.45,11.46,15302,17541931
20250924,13:40,000001,未知,11.46,11.47,11.46,11.47,7210,8266251
20250924,13:45,000001,未知,11.47,11.47,11.46,11.46,4716,5405784
20250924,13:50,000001,未知,11.47,11.47,11.46,11.47,11792,13519900
20250924,13:55,000001,未知,11.47,11.47,11.46,11.47,8936,10244487
20250924,14:00,000001,未知,11.47,11.49,11.47,11.48,17136,19671108
20250924,14:05,000001,未知,11.49,11.49,11.47,11.48,13450,15445493
20250924,14:10,000001,未知,11.48,11.48,11.46,11.46,14081,16149321
20250924,14:15,000001,未知,11.46,11.47,11.45,11.46,14869,17038305
20250924,14:20,000001,未知,11.46,11.47,11.45,11.47,16790,19242399
20250924,14:25,000001,未知,11.47,11.47,11.45,11.46,13070,14976736
20250924,14:30,000001,未知,11.46,11.46,11.45,11.45,10993,12593337
20250924,14:35,000001,未知,11.46,11.46,11.45,11.46,15132,17335739
20250924,14:40,000001,未知,11.46,11.47,11.44,11.45,32270,36949938
20250924,14:45,000001,未知,11.45,11.45,11.43,11.44,51029,58383077
20250924,14:50,000001,未知,11.44,11.47,11.43,11.45,62267,71302757
20250924,14:55,000001,未知,11.46,11.47,11.45,11.45,34698,39761961
20250924,15:00,000001,未知,11.46,11.47,11.45,11.46,20259,23215323
20250925,09:35,000001,未知,11.43,11.45,11.36,11.39,116113,132341825
20250925,09:40,000001,未知,11.38,11.39,11.36,11.38,69426,78949648
20250925,09:45,000001,未知,11.39,11.42,11.37,11.4,34639,39454572
20250925,09:50,000001,未知,11.39,11.44,11.39,11.44,32359,36964680
20250925,09:55,000001,未知,11.44,11.47,11.42,11.42,26750,30619276
20250925,10:00,000001,未知,11.42,11.44,11.42,11.42,16057,18348271
20250925,10:05,000001,未知,11.42,11.43,11.4,11.4,13449,15348314
20250925,10:10,000001,未知,11.4,11.41,11.39,11.39,14638,16686763
20250925,10:15,000001,未知,11.39,11.41,11.39,11.39,11756,13400220
20250925,10:20,000001,未知,11.4,11.41,11.39,11.41,13635,15536525
20250925,10:25,000001,未知,11.4,11.4,11.38,11.39,15235,17348961
20250925,10:30,000001,未知,11.38,11.4,11.38,11.39,14975,17054600
20250925,10:35,000001,未知,11.39,11.41,11.39,11.41,10677,12165989
20250925,10:40,000001,未知,11.4,11.43,11.4,11.41,17188,19616973
20250925,10:45,000001,未知,11.41,11.41,11.4,11.4,2976,3394218
20250925,10:50,000001,未知,11.4,11.41,11.39,11.4,8671,9885256
20250925,10:55,000001,未知,11.4,11.41,11.39,11.39,7311,8333373
20250925,11:00,000001,未知,11.4,11.41,11.39,11.4,5788,6597058
20250925,11:05,000001,未知,11.4,11.42,11.39,11.41,19511,22252603
20250925,11:10,000001,未知,11.4,11.41,11.4,11.4,6479,7387793
20250925,11:15,000001,未知,11.4,11.43,11.4,11.41,9283,10594314
20250925,11:20,000001,未知,11.41,11.42,11.4,11.4,16611,18952190
20250925,11:25,000001,未知,11.4,11.41,11.4,11.4,2830,3227749
20250925,11:30,000001,未知,11.41,11.41,11.4,11.4,7507,8560916
20250925,13:05,000001,未知,11.4,11.41,11.39,11.4,19099,21767679
20250925,13:10,000001,未知,11.4,11.41,11.39,11.39,10982,12516585
20250925,13:15,000001,未知,11.39,11.4,11.39,11.39,7562,8617877
20250925,13:20,000001,未知,11.39,11.4,11.39,11.4,5431,6187925
20250925,13:25,000001,未知,11.4,11.4,11.38,11.39,15313,17439380
20250925,13:30,000001,未知,11.39,11.41,11.39,11.41,14665,16720037
20250925,13:35,000001,未知,11.41,11.41,11.39,11.4,7646,8715726
20250925,13:40,000001,未知,11.39,11.41,11.39,11.4,7511,8561342
20250925,13:45,000001,未知,11.4,11.42,11.4,11.42,9755,11133073
20250925,13:50,000001,未知,11.41,11.42,11.4,11.41,8633,9853619
20250925,13:55,000001,未知,11.41,11.42,11.4,11.4,8076,9218682
20250925,14:00,000001,未知,11.4,11.42,11.4,11.42,19155,21868464
20250925,14:05,000001,未知,11.42,11.44,11.41,11.43,11319,12931855
20250925,14:10,000001,未知,11.43,11.44,11.42,11.44,7907,9038574
20250925,14:15,000001,未知,11.44,11.44,11.42,11.42,5782,6610361
20250925,14:20,000001,未知,11.43,11.44,11.42,11.44,8331,9526685
20250925,14:25,000001,未知,11.43,11.44,11.42,11.43,5570,6367138
20250925,14:30,000001,未知,11.44,11.44,11.42,11.43,8818,10081693
20250925,14:35,000001,未知,11.43,11.44,11.42,11.43,15854,18121482
20250925,14:40,000001,未知,11.43,11.43,11.42,11.43,8710,9951350
20250925,14:45,000001,未知,11.43,11.44,11.41,11.43,18542,21189098
20250925,14:50,000001,未知,11.44,11.44,11.43,11.44,11120,12717959
20250925,14:55,000001,未知,11.44,11.44,11.42,11.42,13001,14856872
20250925,15:00,000001,未知,11.42,11.44,11.4,11.4,30630,34955948
20250926,09:35,000001,未知,11.39,11.42,11.35,11.35,66645,75811146
20250926,09:40,000001,未知,11.34,11.35,11.32,11.33,76092,86255434
20250926,09:45,000001,未知,11.34,11.35,11.33,11.34,29974,33997076
20250926,09:50,000001,未知,11.35,11.37,11.34,11.35,20095,22823308
20250926,09:55,000001,未知,11.35,11.38,11.35,11.38,19436,22095279
20250926,10:00,000001,未知,11.37,11.38,11.35,11.36,18170,20646794
20250926,10:05,000001,未知,11.35,11.37,11.35,11.36,12078,13717127
20250926,10:10,000001,未知,11.36,11.37,11.35,11.36,11591,13162531
20250926,10:15,000001,未知,11.36,11.37,11.35,11.35,10981,12474204
20250926,10:20,000001,未知,11.36,11.36,11.34,11.34,15837,17979240
20250926,10:25,000001,未知,11.34,11.36,11.34,11.35,13724,15574823
20250926,10:30,000001,未知,11.34,11.36,11.33,11.34,31076,35236225
20250926,10:35,000001,未知,11.35,11.36,11.34,11.35,9473,10750683
20250926,10:40,000001,未知,11.35,11.36,11.34,11.36,11174,12684630
20250926,10:45,000001,未知,11.35,11.36,11.34,11.34,13960,15846749
20250926,10:50,000001,未知,11.35,11.36,11.34,11.36,11366,12902844
20250926,10:55,000001,未知,11.36,11.36,11.34,11.35,11674,13251164
20250926,11:00,000001,未知,11.36,11.37,11.35,11.36,11382,12926793
20250926,11:05,000001,未知,11.36,11.37,11.35,11.37,5859,6655910
20250926,11:10,000001,未知,11.36,11.37,11.35,11.35,5731,6510782
20250926,11:15,000001,未知,11.35,11.36,11.35,11.35,4476,5081397
20250926,11:20,000001,未知,11.35,11.36,11.35,11.35,4258,4834427
20250926,11:25,000001,未知,11.35,11.36,11.35,11.36,4926,5592168
20250926,11:30,000001,未知,11.36,11.36,11.35,11.36,6933,7872507
20250926,13:05,000001,未知,11.36,11.37,11.36,11.37,21582,24521519
20250926,13:10,000001,未知,11.37,11.37,11.35,11.36,9959,11314781
20250926,13:15,000001,未知,11.36,11.37,11.35,11.37,14192,16125794
20250926,13:20,000001,未知,11.37,11.38,11.37,11.37,13009,14801699
20250926,13:25,000001,未知,11.38,11.4,11.38,11.39,23603,26894993
20250926,13:30,000001,未知,11.39,11.4,11.38,11.39,10328,11768785
20250926,13:35,000001,未知,11.4,11.41,11.39,11.4,9957,11351180
20250926,13:40,000001,未知,11.41,11.42,11.4,11.41,16829,19201582
20250926,13:45,000001,未知,11.41,11.43,11.4,11.42,15445,17629781
20250926,13:50,000001,未知,11.42,11.44,11.41,11.42,30509,34867103
20250926,13:55,000001,未知,11.42,11.43,11.41,11.42,10662,12177196
20250926,14:00,000001,未知,11.42,11.43,11.41,11.41,9586,10949415
20250926,14:05,000001,未知,11.42,11.43,11.41,11.42,10721,12243137
20250926,14:10,000001,未知,11.42,11.43,11.42,11.43,7268,8304439
20250926,14:15,000001,未知,11.43,11.43,11.41,11.42,9351,10681508
20250926,14:20,000001,未知,11.42,11.44,11.41,11.43,19408,22179109
20250926,14:25,000001,未知,11.43,11.44,11.42,11.43,9642,11022756
20250926,14:30,000001,未知,11.44,11.44,11.42,11.42,13470,15396574
20250926,14:35,000001,未知,11.42,11.43,11.41,11.43,15557,17768810
20250926,14:40,000001,未知,11.43,11.43,11.41,11.41,7317,8353437
20250926,14:45,000001,未知,11.41,11.42,11.4,11.41,8424,9613401
20250926,14:50,000001,未知,11.42,11.42,11.41,11.42,12197,13925273
20250926,14:55,000001,未知,11.42,11.42,11.41,11.41,11282,12877726
20250926,15:00,000001,未知,11.42,11.42,11.4,11.4,16030,18284673
20250929,09:35,000001,未知,11.4,11.4,11.32,11.33,81481,92456355
20250929,09:40,000001,未知,11.33,11.33,11.31,11.32,56048,63458671
20250929,09:45,000001,未知,11.32,11.34,11.32,11.34,27712,31388493
20250929,09:50,000001,未知,11.34,11.34,11.31,11.32,24800,28092170
20250929,09:55,000001,未知,11.32,11.34,11.32,11.33,20172,22850234
20250929,10:00,000001,未知,11.32,11.34,11.32,11.33,12594,14269793
20250929,10:05,000001,未知,11.32,11.33,11.31,11.32,20463,23166420
20250929,10:10,000001,未知,11.32,11.32,11.3,11.31,35303,39934604
20250929,10:15,000001,未知,11.31,11.31,11.28,11.3,52722,59572614
20250929,10:20,000001,未知,11.29,11.3,11.28,11.29,33042,37296213
20250929,10:25,000001,未知,11.29,11.29,11.27,11.29,33077,37310477
20250929,10:30,000001,未知,11.28,11.29,11.27,11.28,27496,31018293
20250929,10:35,000001,未知,11.29,11.29,11.27,11.27,22479,25349944
20250929,10:40,000001,未知,11.28,11.28,11.27,11.27,15453,17427395
20250929,10:45,000001,未知,11.28,11.28,11.27,11.28,13777,15537831
20250929,10:50,000001,未知,11.28,11.29,11.27,11.29,14675,16564170
20250929,10:55,000001,未知,11.29,11.3,11.28,11.3,12898,14561472
20250929,11:00,000001,未知,11.29,11.3,11.28,11.29,9825,11091001
20250929,11:05,000001,未知,11.29,11.29,11.28,11.29,11393,12857311
20250929,11:10,000001,未知,11.29,11.29,11.28,11.28,9161,10336419
20250929,11:15,000001,未知,11.28,11.3,11.28,11.29,12787,14436185
20250929,11:20,000001,未知,11.29,11.31,11.29,11.3,12876,14546366
20250929,11:25,000001,未知,11.3,11.32,11.3,11.32,8245,9322332
20250929,11:30,000001,未知,11.31,11.32,11.3,11.3,15444,17464779
20250929,13:05,000001,未知,11.3,11.31,11.29,11.3,19498,22036566
20250929,13:10,000001,未知,11.29,11.31,11.28,11.29,13892,15696062
20250929,13:15,000001,未知,11.3,11.3,11.29,11.3,11072,12502195
20250929,13:20,000001,未知,11.3,11.31,11.29,11.31,9863,11143603
20250929,13:25,000001,未知,11.3,11.32,11.3,11.32,12648,14295586
20250929,13:30,000001,未知,11.31,11.32,11.3,11.31,14411,16300035
20250929,13:35,000001,未知,11.31,11.34,11.31,11.33,24910,28213406
20250929,13:40,000001,未知,11.33,11.35,11.32,11.34,26754,30338652
20250929,13:45,000001,未知,11.34,11.39,11.34,11.38,53915,61297521
20250929,13:50,000001,未知,11.37,11.42,11.37,11.41,51529,58749087
20250929,13:55,000001,未知,11.41,11.44,11.4,11.43,48219,55070769
20250929,14:00,000001,未知,11.45,11.46,11.43,11.46,45015,51538547
20250929,14:05,000001,未知,11.47,11.48,11.45,11.47,43814,50237656
20250929,14:10,000001,未知,11.47,11.47,11.43,11.44,26026,29807130
20250929,14:15,000001,未知,11.44,11.44,11.4,11.41,24979,28515974
20250929,14:20,000001,未知,11.4,11.42,11.4,11.4,13099,14944055
20250929,14:25,000001,未知,11.41,11.41,11.39,11.4,11797,13449203
20250929,14:30,000001,未知,11.39,11.4,11.38,11.4,14121,16082815
20250929,14:35,000001,未知,11.39,11.4,11.38,11.39,15378,17517595
20250929,14:40,000001,未知,11.39,11.4,11.37,11.37,16054,18276988
20250929,14:45,000001,未知,11.37,11.39,11.37,11.38,14209,16172156
20250929,14:50,000001,未知,11.38,11.39,11.38,11.38,14198,16163477
20250929,14:55,000001,未知,11.38,11.4,11.38,11.4,28053,31947227
20250929,15:00,000001,未知,11.4,11.41,11.37,11.37,38635,43972213
20250930,09:35,000001,未知,11.37,11.37,11.33,11.34,70132,79605790
20250930,09:40,000001,未知,11.33,11.35,11.32,11.33,41279,46771637
20250930,09:45,000001,未知,11.33,11.33,11.3,11.31,55142,62397005
20250930,09:50,000001,未知,11.32,11.32,11.3,11.31,43367,49047058
20250930,09:55,000001,未知,11.31,11.32,11.3,11.31,32553,36810500
20250930,10:00,000001,未知,11.31,11.32,11.31,11.31,19827,22433753
20250930,10:05,000001,未知,11.31,11.32,11.3,11.31,17661,19978670
20250930,10:10,000001,未知,11.32,11.32,11.3,11.32,30065,33997757
20250930,10:15,000001,未知,11.32,11.32,11.3,11.31,19645,22221804
20250930,10:20,000001,未知,11.31,11.32,11.3,11.31,17744,20073453
20250930,10:25,000001,未知,11.32,11.32,11.3,11.32,18027,20387469
20250930,10:30,000001,未知,11.32,11.32,11.3,11.31,17258,19526875
20250930,10:35,000001,未知,11.31,11.31,11.29,11.3,46232,52242079
20250930,10:40,000001,未知,11.3,11.3,11.29,11.3,17327,19573419
20250930,10:45,000001,未知,11.3,11.31,11.29,11.31,11911,13460973
20250930,10:50,000001,未知,11.3,11.31,11.3,11.3,12073,13646887
20250930,10:55,000001,未知,11.3,11.32,11.3,11.3,13803,15609131
20250930,11:00,000001,未知,11.3,11.31,11.3,11.3,4433,5011774
20250930,11:05,000001,未知,11.3,11.31,11.3,11.3,11004,12438806
20250930,11:10,000001,未知,11.3,11.31,11.29,11.3,15446,17453136
20250930,11:15,000001,未知,11.3,11.3,11.29,11.3,6192,6995656
20250930,11:20,000001,未知,11.3,11.31,11.29,11.31,8984,10151083
20250930,11:25,000001,未知,11.31,11.31,11.3,11.31,5122,5790645
20250930,11:30,000001,未知,11.31,11.32,11.3,11.31,6519,7372206
20250930,13:05,000001,未知,11.32,11.33,11.31,11.32,11980,13563553
20250930,13:10,000001,未知,11.32,11.33,11.32,11.32,5170,5854646
20250930,13:15,000001,未知,11.33,11.33,11.31,11.31,6499,7355331
20250930,13:20,000001,未知,11.32,11.33,11.31,11.33,7205,8159431
20250930,13:25,000001,未知,11.33,11.33,11.32,11.32,4990,5650846
20250930,13:30,000001,未知,11.33,11.33,11.31,11.33,6404,7250118
20250930,13:35,000001,未知,11.32,11.34,11.32,11.34,10879,12332303
20250930,13:40,000001,未知,11.34,11.34,11.33,11.33,5901,6687584
20250930,13:45,000001,未知,11.34,11.34,11.32,11.33,6667,7554657
20250930,13:50,000001,未知,11.33,11.34,11.33,11.34,5633,6384253
20250930,13:55,000001,未知,11.33,11.34,11.33,11.33,4746,5379613
20250930,14:00,000001,未知,11.33,11.36,11.33,11.34,26080,29586451
20250930,14:05,000001,未知,11.34,11.35,11.33,11.34,8763,9936750
20250930,14:10,000001,未知,11.33,11.34,11.32,11.33,8464,9588524
20250930,14:15,000001,未知,11.33,11.33,11.32,11.33,5717,6475761
20250930,14:20,000001,未知,11.33,11.33,11.31,11.31,15157,17162455
20250930,14:25,000001,未知,11.31,11.32,11.31,11.31,6140,6948193
20250930,14:30,000001,未知,11.31,11.32,11.31,11.31,13769,15579929
20250930,14:35,000001,未知,11.32,11.32,11.3,11.31,18106,20480051
20250930,14:40,000001,未知,11.31,11.32,11.31,11.32,17055,19300229
20250930,14:45,000001,未知,11.31,11.32,11.31,11.31,10640,12037558
20250930,14:50,000001,未知,11.31,11.32,11.31,11.32,16362,18509222
20250930,14:55,000001,未知,11.32,11.34,11.31,11.33,37499,42465251
20250930,15:00,000001,未知,11.33,11.34,11.32,11.34,30907,35042393
20251009,09:35,000001,未知,11.33,11.33,11.29,11.3,86246,97558011
20251009,09:40,000001,未知,11.29,11.31,11.28,11.28,54893,61983281
20251009,09:45,000001,未知,11.29,11.29,11.27,11.29,50336,56772315
20251009,09:50,000001,未知,11.28,11.32,11.28,11.28,28477,32171676
20251009,09:55,000001,未知,11.29,11.3,11.28,11.3,20921,23614623
20251009,10:00,000001,未知,11.29,11.31,11.29,11.3,14921,16870969
20251009,10:05,000001,未知,11.31,11.32,11.29,11.32,24070,27222927
20251009,10:10,000001,未知,11.32,11.32,11.29,11.3,17499,19775189
20251009,10:15,000001,未知,11.3,11.32,11.3,11.32,19753,22342002
20251009,10:20,000001,未知,11.32,11.34,11.31,11.34,24906,28214950
20251009,10:25,000001,未知,11.34,11.34,11.31,11.32,11088,12554715
20251009,10:30,000001,未知,11.32,11.32,11.31,11.32,12937,14640703
20251009,10:35,000001,未知,11.32,11.33,11.31,11.32,14743,16685197
20251009,10:40,000001,未知,11.32,11.32,11.3,11.31,26503,29979010
20251009,10:45,000001,未知,11.31,11.33,11.3,11.33,20822,23565103
20251009,10:50,000001,未知,11.32,11.34,11.32,11.34,22862,25899622
20251009,10:55,000001,未知,11.34,11.35,11.33,11.35,30240,34299002
20251009,11:00,000001,未知,11.35,11.36,11.34,11.35,28458,32313068
20251009,11:05,000001,未知,11.35,11.35,11.33,11.34,13506,15316904
20251009,11:10,000001,未知,11.34,11.35,11.33,11.34,12698,14398100
20251009,11:15,000001,未知,11.34,11.34,11.31,11.32,16734,18952281
20251009,11:20,000001,未知,11.32,11.33,11.31,11.32,18067,20454981
20251009,11:25,000001,未知,11.32,11.33,11.31,11.33,11908,13486142
20251009,11:30,000001,未知,11.32,11.34,11.32,11.33,10875,12319600
20251009,13:05,000001,未知,11.33,11.33,11.31,11.32,16298,18454815
20251009,13:10,000001,未知,11.32,11.34,11.31,11.33,15791,17886930
20251009,13:15,000001,未知,11.33,11.34,11.33,11.34,10300,11673872
20251009,13:20,000001,未知,11.34,11.34,11.32,11.34,12737,14431547
20251009,13:25,000001,未知,11.34,11.35,11.33,11.35,26555,30110452
20251009,13:30,000001,未知,11.34,11.35,11.34,11.35,14764,16754178
20251009,13:35,000001,未知,11.34,11.37,11.34,11.35,41003,46555124
20251009,13:40,000001,未知,11.36,11.36,11.34,11.35,9931,11271718
20251009,13:45,000001,未知,11.36,11.36,11.33,11.33,10722,12162244
20251009,13:50,000001,未知,11.33,11.34,11.33,11.33,8445,9569807
20251009,13:55,000001,未知,11.34,11.35,11.33,11.34,11765,13334370
20251009,14:00,000001,未知,11.33,11.35,11.33,11.34,12001,13605692
20251009,14:05,000001,未知,11.34,11.35,11.33,11.34,15397,17455699
20251009,14:10,000001,未知,11.34,11.34,11.33,11.33,10673,12095556
20251009,14:15,000001,未知,11.34,11.35,11.33,11.33,11466,12999431
20251009,14:20,000001,未知,11.34,11.35,11.33,11.35,10474,11879857
20251009,14:25,000001,未知,11.34,11.37,11.34,11.37,30195,34284025
20251009,14:30,000001,未知,11.36,11.38,11.36,11.37,19608,22293745
20251009,14:35,000001,未知,11.38,11.38,11.37,11.37,26848,30535297
20251009,14:40,000001,未知,11.38,11.38,11.37,11.37,14651,16668706
20251009,14:45,000001,未知,11.37,11.39,11.37,11.38,25644,29195250
20251009,14:50,000001,未知,11.38,11.4,11.38,11.39,31397,35767094
20251009,14:55,000001,未知,11.4,11.41,11.39,11.41,34486,39302945
20251009,15:00,000001,未知,11.41,11.41,11.4,11.4,32855,37460306
20251010,09:35,000001,未知,11.37,11.43,11.37,11.43,65700,74898577
20251010,09:40,000001,未知,11.43,11.46,11.42,11.43,65244,74633724
20251010,09:45,000001,未知,11.44,11.47,11.42,11.46,74400,85113736
20251010,09:50,000001,未知,11.46,11.49,11.46,11.48,85907,98584997
20251010,09:55,000001,未知,11.48,11.49,11.47,11.47,30945,35522063
20251010,10:00,000001,未知,11.48,11.48,11.44,11.44,30905,35408368
20251010,10:05,000001,未知,11.44,11.45,11.42,11.43,20175,23068004
20251010,10:10,000001,未知,11.44,11.45,11.43,11.44,24036,27488178
20251010,10:15,000001,未知,11.45,11.48,11.44,11.48,31087,35648236
20251010,10:20,000001,未知,11.48,11.48,11.45,11.46,28318,32465168
20251010,10:25,000001,未知,11.46,11.46,11.42,11.43,52921,60505920
20251010,10:30,000001,未知,11.42,11.44,11.41,11.43,24672,28186818
20251010,10:35,000001,未知,11.43,11.43,11.41,11.42,25343,28942775
20251010,10:40,000001,未知,11.42,11.42,11.4,11.41,38330,43734905
20251010,10:45,000001,未知,11.41,11.42,11.4,11.42,13978,15955178
20251010,10:50,000001,未知,11.42,11.42,11.4,11.4,10678,12186056
20251010,10:55,000001,未知,11.4,11.41,11.39,11.41,28723,32751156
20251010,11:00,000001,未知,11.41,11.42,11.4,11.42,11625,13261820
20251010,11:05,000001,未知,11.41,11.42,11.41,11.42,4419,5044597
20251010,11:10,000001,未知,11.41,11.42,11.41,11.42,5553,6339987
20251010,11:15,000001,未知,11.42,11.43,11.42,11.43,6730,7688783
20251010,11:20,000001,未知,11.42,11.44,11.42,11.43,7512,8588198
20251010,11:25,000001,未知,11.43,11.44,11.42,11.43,9841,11246372
20251010,11:30,000001,未知,11.42,11.43,11.41,11.42,10142,11580190
20251010,13:05,000001,未知,11.43,11.45,11.43,11.45,17732,20285885
20251010,13:10,000001,未知,11.45,11.46,11.44,11.46,8502,9733737
20251010,13:15,000001,未知,11.45,11.46,11.44,11.44,11574,13250882
20251010,13:20,000001,未知,11.44,11.45,11.44,11.45,13396,15335668
20251010,13:25,000001,未知,11.44,11.45,11.43,11.45,17411,19924276
20251010,13:30,000001,未知,11.44,11.45,11.43,11.44,12320,14093794
20251010,13:35,000001,未知,11.43,11.45,11.43,11.44,14035,16050580
20251010,13:40,000001,未知,11.43,11.45,11.43,11.44,13060,14937024
20251010,13:45,000001,未知,11.44,11.45,11.43,11.44,11612,13285259
20251010,13:50,000001,未知,11.43,11.46,11.43,11.45,24102,27590464
20251010,13:55,000001,未知,11.44,11.45,11.44,11.44,8466,9691291
20251010,14:00,000001,未知,11.45,11.46,11.44,11.46,9021,10328492
20251010,14:05,000001,未知,11.45,11.46,11.44,11.44,8699,9956878
20251010,14:10,000001,未知,11.44,11.45,11.43,11.44,18071,20669687
20251010,14:15,000001,未知,11.43,11.44,11.42,11.42,14376,16431213
20251010,14:20,000001,未知,11.43,11.44,11.41,11.42,33914,38729177
20251010,14:25,000001,未知,11.43,11.43,11.41,11.41,12576,14357331
20251010,14:30,000001,未知,11.41,11.43,11.41,11.43,7727,8827594
20251010,14:35,000001,未知,11.42,11.43,11.41,11.42,22935,26191125
20251010,14:40,000001,未知,11.43,11.44,11.42,11.44,15392,17600782
20251010,14:45,000001,未知,11.43,11.44,11.42,11.43,16742,19137969
20251010,14:50,000001,未知,11.43,11.44,11.42,11.42,19033,21761352
20251010,14:55,000001,未知,11.43,11.43,11.42,11.43,26987,30833388
20251010,15:00,000001,未知,11.43,11.44,11.42,11.43,23081,26382840
20251013,09:35,000001,未知,11.32,11.38,11.32,11.34,127273,144327590
20251013,09:40,000001,未知,11.34,11.34,11.29,11.3,104847,118529598
20251013,09:45,000001,未知,11.29,11.3,11.28,11.3,57217,64608160
20251013,09:50,000001,未知,11.3,11.3,11.28,11.3,47660,53808621
20251013,09:55,000001,未知,11.3,11.33,11.29,11.33,33666,38096484
20251013,10:00,000001,未知,11.32,11.34,11.3,11.32,32725,37039545
20251013,10:05,000001,未知,11.31,11.34,11.31,11.33,18969,21485360
20251013,10:10,000001,未知,11.32,11.34,11.31,11.31,24856,28153929
20251013,10:15,000001,未知,11.32,11.35,11.31,11.34,30800,34910778
20251013,10:20,000001,未知,11.35,11.36,11.34,11.34,21837,24792667
20251013,10:25,000001,未知,11.35,11.37,11.34,11.36,18911,21467824
20251013,10:30,000001,未知,11.36,11.38,11.35,11.35,20305,23082838
20251013,10:35,000001,未知,11.36,11.38,11.34,11.37,19183,21792450
20251013,10:40,000001,未知,11.37,11.38,11.36,11.36,16406,18649855
20251013,10:45,000001,未知,11.37,11.39,11.36,11.39,19455,22142252
20251013,10:50,000001,未知,11.38,11.41,11.38,11.4,24831,28302420
20251013,10:55,000001,未知,11.41,11.42,11.4,11.41,30545,34847977
20251013,11:00,000001,未知,11.4,11.41,11.38,11.38,17484,19927594
20251013,11:05,000001,未知,11.39,11.4,11.38,11.39,9724,11073826
20251013,11:10,000001,未知,11.39,11.4,11.37,11.4,14051,15993904
20251013,11:15,000001,未知,11.4,11.41,11.38,11.38,9261,10557541
20251013,11:20,000001,未知,11.38,11.4,11.38,11.39,7849,8938300
20251013,11:25,000001,未知,11.39,11.4,11.38,11.39,9328,10617035
20251013,11:30,000001,未知,11.39,11.39,11.38,11.38,7681,8743863
20251013,13:05,000001,未知,11.38,11.39,11.35,11.36,23210,26381305
20251013,13:10,000001,未知,11.36,11.37,11.34,11.36,16017,18187040
20251013,13:15,000001,未知,11.36,11.38,11.35,11.37,7702,8755873
20251013,13:20,000001,未知,11.37,11.41,11.37,11.39,12631,14391212
20251013,13:25,000001,未知,11.4,11.4,11.38,11.38,9284,10579683
20251013,13:30,000001,未知,11.39,11.41,11.38,11.4,13629,15535750
20251013,13:35,000001,未知,11.41,11.45,11.41,11.43,55680,63645876
20251013,13:40,000001,未知,11.44,11.46,11.44,11.45,32392,37087244
20251013,13:45,000001,未知,11.45,11.45,11.41,11.42,12472,14253884
20251013,13:50,000001,未知,11.42,11.42,11.39,11.4,17832,20340668
20251013,13:55,000001,未知,11.39,11.41,11.39,11.4,16003,18242906
20251013,14:00,000001,未知,11.39,11.4,11.38,11.39,18806,21418243
20251013,14:05,000001,未知,11.39,11.4,11.39,11.39,22428,25563344
20251013,14:10,000001,未知,11.39,11.42,11.39,11.41,16460,18770185
20251013,14:15,000001,未知,11.41,11.42,11.39,11.41,11755,13404197
20251013,14:20,000001,未知,11.4,11.41,11.39,11.4,8587,9790407
20251013,14:25,000001,未知,11.41,11.42,11.39,11.42,14160,16151908
20251013,14:30,000001,未知,11.41,11.42,11.39,11.41,18127,20670384
20251013,14:35,000001,未知,11.41,11.42,11.4,11.41,13778,15719924
20251013,14:40,000001,未知,11.41,11.42,11.4,11.4,19000,21672857
20251013,14:45,000001,未知,11.4,11.42,11.4,11.42,17587,20059570
20251013,14:50,000001,未知,11.41,11.42,11.4,11.4,18780,21434302
20251013,14:55,000001,未知,11.41,11.41,11.4,11.4,24810,28296543
20251013,15:00,000001,未知,11.41,11.41,11.4,11.4,22808,26004295
20251014,09:35,000001,未知,11.39,11.4,11.36,11.37,83601,95180262
20251014,09:40,000001,未知,11.39,11.39,11.36,11.39,47635,54178123
20251014,09:45,000001,未知,11.38,11.4,11.36,11.37,37323,42471442
20251014,09:50,000001,未知,11.38,11.39,11.36,11.38,36341,41340950
20251014,09:55,000001,未知,11.39,11.42,11.38,11.41,23610,26914917
20251014,10:00,000001,未知,11.4,11.43,11.4,11.42,30369,34681918
20251014,10:05,000001,未知,11.43,11.46,11.43,11.45,45716,52302097
20251014,10:10,000001,未知,11.45,11.48,11.45,11.48,48192,55245691
20251014,10:15,000001,未知,11.48,11.48,11.46,11.48,58843,67536277
20251014,10:20,000001,未知,11.48,11.5,11.47,11.5,44740,51387504
20251014,10:25,000001,未知,11.49,11.51,11.49,11.5,47695,54862872
20251014,10:30,000001,未知,11.51,11.54,11.5,11.52,67600,77899556
20251014,10:35,000001,未知,11.52,11.54,11.5,11.51,40677,46859128
20251014,10:40,000001,未知,11.5,11.57,11.5,11.56,78486,90586626
20251014,10:45,000001,未知,11.56,11.56,11.53,11.56,53624,61921038
20251014,10:50,000001,未知,11.56,11.58,11.56,11.57,68817,79643212
20251014,10:55,000001,未知,11.57,11.58,11.55,11.55,52292,60426366
20251014,11:00,000001,未知,11.55,11.56,11.53,11.55,19189,22153885
20251014,11:05,000001,未知,11.54,11.57,11.54,11.57,34362,39720139
20251014,11:10,000001,未知,11.56,11.58,11.56,11.58,45019,52084503
20251014,11:15,000001,未知,11.58,11.58,11.56,11.57,25337,29310555
20251014,11:20,000001,未知,11.57,11.59,11.56,11.56,49762,57623813
20251014,11:25,000001,未知,11.56,11.57,11.55,11.56,21417,24766506
20251014,11:30,000001,未知,11.57,11.6,11.56,11.59,38672,44799742
20251014,13:05,000001,未知,11.59,11.59,11.53,11.53,58629,67783991
20251014,13:10,000001,未知,11.54,11.57,11.53,11.54,19029,21958287
20251014,13:15,000001,未知,11.54,11.54,11.52,11.52,17187,19819226
20251014,13:20,000001,未知,11.53,11.54,11.51,11.52,27428,31611712
20251014,13:25,000001,未知,11.52,11.55,11.52,11.55,20066,23144547
20251014,13:30,000001,未知,11.54,11.55,11.52,11.53,23175,26728880
20251014,13:35,000001,未知,11.53,11.55,11.53,11.54,14685,16946489
20251014,13:40,000001,未知,11.55,11.56,11.54,11.55,15414,17801204
20251014,13:45,000001,未知,11.56,11.56,11.54,11.56,14455,16700256
20251014,13:50,000001,未知,11.56,11.56,11.54,11.55,17066,19708770
20251014,13:55,000001,未知,11.56,11.6,11.56,11.59,65090,75384681
20251014,14:00,000001,未知,11.59,11.59,11.57,11.58,15645,18119563
20251014,14:05,000001,未知,11.57,11.57,11.54,11.56,36308,41955675
20251014,14:10,000001,未知,11.55,11.57,11.54,11.55,34075,39381140
20251014,14:15,000001,未知,11.55,11.56,11.54,11.56,22299,25753741
20251014,14:20,000001,未知,11.56,11.58,11.55,11.55,25402,29370371
20251014,14:25,000001,未知,11.55,11.57,11.55,11.57,16988,19641973
20251014,14:30,000001,未知,11.56,11.57,11.55,11.55,33565,38800210
20251014,14:35,000001,未知,11.56,11.58,11.55,11.58,27206,31469697
20251014,14:40,000001,未知,11.56,11.58,11.56,11.57,30418,35192527
20251014,14:45,000001,未知,11.56,11.58,11.56,11.57,42553,49232273
20251014,14:50,000001,未知,11.56,11.58,11.55,11.57,44323,51274436
20251014,14:55,000001,未知,11.56,11.57,11.55,11.56,77950,90128632
20251014,15:00,000001,未知,11.56,11.58,11.56,11.57,45153,52252234
20251015,09:35,000001,未知,11.34,11.38,11.27,11.37,200063,226571362
20251015,09:40,000001,未知,11.37,11.41,11.35,11.4,90176,102637601
20251015,09:45,000001,未知,11.39,11.42,11.33,11.33,93478,106435750
20251015,09:50,000001,未知,11.34,11.38,11.31,11.37,67518,76503620
20251015,09:55,000001,未知,11.38,11.38,11.35,11.38,38417,43674181
20251015,10:00,000001,未知,11.38,11.39,11.35,11.37,36410,41407639
20251015,10:05,000001,未知,11.36,11.38,11.35,11.36,36807,41815810
20251015,10:10,000001,未知,11.36,11.39,11.34,11.37,62150,70625161
20251015,10:15,000001,未知,11.38,11.38,11.35,11.36,29185,33154135
20251015,10:20,000001,未知,11.36,11.36,11.33,11.34,40928,46413347
20251015,10:25,000001,未知,11.34,11.36,11.33,11.35,30870,35024149
20251015,10:30,000001,未知,11.35,11.36,11.34,11.35,15409,17493522
20251015,10:35,000001,未知,11.36,11.37,11.35,11.36,8495,9648894
20251015,10:40,000001,未知,11.36,11.38,11.35,11.38,13702,15574364
20251015,10:45,000001,未知,11.37,11.39,11.36,11.39,17423,19825726
20251015,10:50,000001,未知,11.39,11.39,11.36,11.37,23149,26347506
20251015,10:55,000001,未知,11.38,11.38,11.36,11.37,8209,9335636
20251015,11:00,000001,未知,11.37,11.37,11.35,11.36,16468,18700906
20251015,11:05,000001,未知,11.37,11.38,11.36,11.36,7159,8137661
20251015,11:10,000001,未知,11.36,11.37,11.35,11.36,9429,10716462
20251015,11:15,000001,未知,11.35,11.36,11.35,11.36,4443,5045208
20251015,11:20,000001,未知,11.36,11.36,11.33,11.34,27137,30777865
20251015,11:25,000001,未知,11.34,11.34,11.33,11.34,8945,10138524
20251015,11:30,000001,未知,11.33,11.34,11.33,11.34,8747,9916434
20251015,13:05,000001,未知,11.34,11.34,11.32,11.33,31298,35465339
20251015,13:10,000001,未知,11.33,11.34,11.31,11.34,23229,26300214
20251015,13:15,000001,未知,11.34,11.34,11.32,11.33,9964,11294427
20251015,13:20,000001,未知,11.34,11.34,11.32,11.33,6690,7580195
20251015,13:25,000001,未知,11.32,11.34,11.32,11.34,22921,25962830
20251015,13:30,000001,未知,11.34,11.35,11.33,11.33,18316,20773570
20251015,13:35,000001,未知,11.34,11.35,11.33,11.35,12003,13609977
20251015,13:40,000001,未知,11.35,11.35,11.33,11.33,9865,11188891
20251015,13:45,000001,未知,11.33,11.35,11.33,11.35,12288,13929606
20251015,13:50,000001,未知,11.35,11.35,11.34,11.35,5416,6143710
20251015,13:55,000001,未知,11.34,11.36,11.33,11.34,16537,18768909
20251015,14:00,000001,未知,11.35,11.36,11.34,11.35,8971,10183090
20251015,14:05,000001,未知,11.34,11.36,11.34,11.35,9090,10320481
20251015,14:10,000001,未知,11.36,11.38,11.35,11.37,11676,13268372
20251015,14:15,000001,未知,11.38,11.39,11.37,11.38,19026,21642041
20251015,14:20,000001,未知,11.38,11.39,11.37,11.38,13221,15039916
20251015,14:25,000001,未知,11.38,11.39,11.37,11.38,6708,7634541
20251015,14:30,000001,未知,11.39,11.4,11.38,11.39,27982,31877223
20251015,14:35,000001,未知,11.39,11.4,11.38,11.38,17179,19575873
20251015,14:40,000001,未知,11.38,11.39,11.38,11.39,8617,9811224
20251015,14:45,000001,未知,11.39,11.4,11.38,11.39,18990,21623641
20251015,14:50,000001,未知,11.39,11.4,11.38,11.39,18523,21099355
20251015,14:55,000001,未知,11.38,11.4,11.38,11.4,23530,26814584
20251015,15:00,000001,未知,11.4,11.4,11.39,11.4,24304,27699407
20251016,09:35,000001,未知,11.38,11.43,11.38,11.39,75957,86607225
20251016,09:40,000001,未知,11.4,11.43,11.38,11.42,39349,44910978
20251016,09:45,000001,未知,11.42,11.45,11.42,11.43,47269,54064917
20251016,09:50,000001,未知,11.43,11.47,11.43,11.46,56321,64507232
20251016,09:55,000001,未知,11.46,11.47,11.44,11.45,40517,46421081
20251016,10:00,000001,未知,11.44,11.45,11.42,11.42,27375,31312961
20251016,10:05,000001,未知,11.42,11.44,11.42,11.43,15461,17669695
20251016,10:10,000001,未知,11.43,11.46,11.42,11.45,23298,26657864
20251016,10:15,000001,未知,11.46,11.46,11.43,11.44,22734,26021743
20251016,10:20,000001,未知,11.45,11.45,11.41,11.42,29620,33833241
20251016,10:25,000001,未知,11.43,11.43,11.41,11.42,11531,13169533
20251016,10:30,000001,未知,11.42,11.43,11.41,11.42,9183,10489580
20251016,10:35,000001,未知,11.43,11.43,11.4,11.4,15503,17693801
20251016,10:40,000001,未知,11.4,11.44,11.4,11.44,18791,21477898
20251016,10:45,000001,未知,11.43,11.46,11.43,11.46,18927,21671229
20251016,10:50,000001,未知,11.46,11.47,11.45,11.47,29813,34180592
20251016,10:55,000001,未知,11.47,11.47,11.45,11.45,14625,16761065
20251016,11:00,000001,未知,11.45,11.46,11.44,11.45,11736,13438944
20251016,11:05,000001,未知,11.45,11.46,11.44,11.45,8767,10039467
20251016,11:10,000001,未知,11.44,11.45,11.43,11.45,11345,12978505
20251016,11:15,000001,未知,11.45,11.45,11.43,11.44,7865,9000058
20251016,11:20,000001,未知,11.44,11.45,11.43,11.44,4431,5067528
20251016,11:25,000001,未知,11.43,11.45,11.43,11.45,15492,17729348
20251016,11:30,000001,未知,11.44,11.45,11.41,11.41,17001,19437284
20251016,13:05,000001,未知,11.41,11.45,11.41,11.44,15137,17297118
20251016,13:10,000001,未知,11.44,11.45,11.43,11.44,6229,7123622
20251016,13:15,000001,未知,11.43,11.45,11.43,11.43,9798,11207466
20251016,13:20,000001,未知,11.44,11.44,11.42,11.43,12426,14201090
20251016,13:25,000001,未知,11.43,11.44,11.42,11.43,9234,10555216
20251016,13:30,000001,未知,11.42,11.43,11.42,11.43,8553,9774673
20251016,13:35,000001,未知,11.43,11.44,11.42,11.43,11411,13041805
20251016,13:40,000001,未知,11.43,11.46,11.43,11.45,28637,32802929
20251016,13:45,000001,未知,11.46,11.47,11.45,11.47,39921,45772302
20251016,13:50,000001,未知,11.46,11.49,11.46,11.48,44239,50769511
20251016,13:55,000001,未知,11.49,11.49,11.48,11.48,19862,22812235
20251016,14:00,000001,未知,11.48,11.5,11.47,11.5,75035,86166246
20251016,14:05,000001,未知,11.49,11.52,11.49,11.52,36889,42446712
20251016,14:10,000001,未知,11.51,11.54,11.51,11.54,37957,43751529
20251016,14:15,000001,未知,11.54,11.55,11.53,11.54,41237,47582605
20251016,14:20,000001,未知,11.54,11.54,11.52,11.53,30933,35676182
20251016,14:25,000001,未知,11.54,11.55,11.53,11.53,45646,52685575
20251016,14:30,000001,未知,11.54,11.55,11.53,11.54,17859,20606045
20251016,14:35,000001,未知,11.53,11.54,11.53,11.54,23039,26579046
20251016,14:40,000001,未知,11.54,11.55,11.53,11.53,24071,27767806
20251016,14:45,000001,未知,11.53,11.54,11.51,11.51,22118,25484786
20251016,14:50,000001,未知,11.51,11.54,11.51,11.53,39957,46069789
20251016,14:55,000001,未知,11.52,11.55,11.52,11.54,57177,65965960
20251016,15:00,000001,未知,11.54,11.55,11.53,11.54,31661,36536319
20251017,09:35,000001,未知,11.5,11.56,11.48,11.48,85974,98975742
20251017,09:40,000001,未知,11.5,11.54,11.49,11.54,25617,29495627
20251017,09:45,000001,未知,11.54,11.58,11.52,11.58,39746,45929350
20251017,09:50,000001,未知,11.58,11.58,11.55,11.55,43323,50108549
20251017,09:55,000001,未知,11.56,11.58,11.52,11.53,45557,52621882
20251017,10:00,000001,未知,11.55,11.56,11.53,11.53,26193,30238508
20251017,10:05,000001,未知,11.53,11.54,11.51,11.51,22403,25810070
20251017,10:10,000001,未知,11.52,11.52,11.49,11.51,30378,34946491
20251017,10:15,000001,未知,11.51,11.51,11.49,11.51,22733,26147264
20251017,10:20,000001,未知,11.5,11.51,11.47,11.47,37207,42725650
20251017,10:25,000001,未知,11.48,11.48,11.45,11.47,34167,39182551
20251017,10:30,000001,未知,11.47,11.48,11.44,11.46,34055,39020444
20251017,10:35,000001,未知,11.46,11.48,11.46,11.48,11548,13248798
20251017,10:40,000001,未知,11.48,11.49,11.47,11.48,10196,11706263
20251017,10:45,000001,未知,11.49,11.49,11.46,11.48,14144,16228052
20251017,10:50,000001,未知,11.47,11.5,11.47,11.5,10024,11515410
20251017,10:55,000001,未知,11.5,11.51,11.48,11.48,13925,16009260
20251017,11:00,000001,未知,11.48,11.5,11.48,11.49,4695,5396237
20251017,11:05,000001,未知,11.5,11.51,11.49,11.5,15914,18302112
20251017,11:10,000001,未知,11.49,11.52,11.49,11.51,8981,10331297
20251017,11:15,000001,未知,11.51,11.52,11.5,11.51,10335,11898802
20251017,11:20,000001,未知,11.51,11.52,11.5,11.52,8050,9264021
20251017,11:25,000001,未知,11.52,11.55,11.51,11.54,23364,26953800
20251017,11:30,000001,未知,11.53,11.54,11.5,11.5,26216,30214670
20251017,13:05,000001,未知,11.51,11.51,11.47,11.48,28349,32579443
20251017,13:10,000001,未知,11.48,11.49,11.47,11.48,8099,9299151
20251017,13:15,000001,未知,11.48,11.48,11.47,11.47,9000,10328614
20251017,13:20,000001,未知,11.48,11.49,11.46,11.47,18661,21407963
20251017,13:25,000001,未知,11.47,11.48,11.46,11.47,15686,17981489
20251017,13:30,000001,未知,11.47,11.47,11.45,11.47,11752,13463170
20251017,13:35,000001,未知,11.47,11.47,11.45,11.46,25088,28769517
20251017,13:40,000001,未知,11.47,11.47,11.44,11.45,24082,27583067
20251017,13:45,000001,未知,11.45,11.46,11.44,11.46,7658,8770660
20251017,13:50,000001,未知,11.45,11.46,11.44,11.46,8136,9315018
20251017,13:55,000001,未知,11.45,11.47,11.45,11.46,7812,8954243
20251017,14:00,000001,未知,11.46,11.47,11.45,11.45,4369,5005139
20251017,14:05,000001,未知,11.45,11.46,11.44,11.45,13914,15930774
20251017,14:10,000001,未知,11.46,11.47,11.45,11.47,11770,13485107
20251017,14:15,000001,未知,11.45,11.46,11.44,11.44,9719,11125027
20251017,14:20,000001,未知,11.45,11.45,11.44,11.44,8162,9341768
20251017,14:25,000001,未知,11.44,11.45,11.42,11.43,25840,29541242
20251017,14:30,000001,未知,11.42,11.43,11.41,11.41,25680,29314929
20251017,14:35,000001,未知,11.41,11.42,11.39,11.41,41240,47026590
20251017,14:40,000001,未知,11.4,11.41,11.38,11.39,26625,30338802
20251017,14:45,000001,未知,11.4,11.41,11.38,11.4,26619,30335569
20251017,14:50,000001,未知,11.4,11.41,11.39,11.39,20586,23467520
20251017,14:55,000001,未知,11.39,11.4,11.39,11.4,30409,34649558
20251017,15:00,000001,未知,11.4,11.41,11.39,11.4,25665,29256973
20251020,09:35,000001,未知,11.41,11.41,11.34,11.37,94251,107268258
20251020,09:40,000001,未知,11.37,11.39,11.35,11.36,50144,57000772
20251020,09:45,000001,未知,11.35,11.36,11.34,11.35,36899,41879765
20251020,09:50,000001,未知,11.34,11.36,11.31,11.31,65102,73789577
20251020,09:55,000001,未知,11.32,11.34,11.3,11.31,57966,65603614
20251020,10:00,000001,未知,11.32,11.32,11.29,11.3,74929,84715257
20251020,10:05,000001,未知,11.31,11.31,11.28,11.31,63788,72028662
20251020,10:10,000001,未知,11.31,11.31,11.27,11.28,39996,45141972
20251020,10:15,000001,未知,11.28,11.3,11.27,11.29,42127,47525156
20251020,10:20,000001,未知,11.29,11.32,11.28,11.32,25913,29278732
20251020,10:25,000001,未知,11.32,11.37,11.32,11.36,30099,34149559
20251020,10:30,000001,未知,11.34,11.36,11.33,11.35,14288,16213580
20251020,10:35,000001,未知,11.34,11.36,11.34,11.36,8679,9850890
20251020,10:40,000001,未知,11.36,11.38,11.35,11.37,17327,19703448
20251020,10:45,000001,未知,11.37,11.39,11.37,11.38,16831,19159919
20251020,10:50,000001,未知,11.39,11.39,11.37,11.38,13400,15257363
20251020,10:55,000001,未知,11.38,11.38,11.37,11.37,7190,8179274
20251020,11:00,000001,未知,11.37,11.38,11.36,11.38,4991,5674604
20251020,11:05,000001,未知,11.37,11.39,11.37,11.39,6196,7052383
20251020,11:10,000001,未知,11.39,11.4,11.38,11.39,9312,10607314
20251020,11:15,000001,未知,11.39,11.39,11.38,11.38,3686,4196846
20251020,11:20,000001,未知,11.38,11.4,11.38,11.39,6636,7559004
20251020,11:25,000001,未知,11.39,11.4,11.38,11.4,2794,3183749
20251020,11:30,000001,未知,11.39,11.4,11.38,11.38,5522,6289549
20251020,13:05,000001,未知,11.39,11.4,11.38,11.4,9384,10686745
20251020,13:10,000001,未知,11.4,11.41,11.38,11.4,16813,19167396
20251020,13:15,000001,未知,11.4,11.41,11.39,11.4,5167,5891283
20251020,13:20,000001,未知,11.41,11.43,11.4,11.43,20189,23049842
20251020,13:25,000001,未知,11.43,11.43,11.41,11.42,10544,12042445
20251020,13:30,000001,未知,11.42,11.43,11.41,11.43,8694,9934214
20251020,13:35,000001,未知,11.43,11.43,11.41,11.42,10765,12292440
20251020,13:40,000001,未知,11.42,11.42,11.4,11.4,8839,10087861
20251020,13:45,000001,未知,11.41,11.41,11.4,11.41,6727,7672411
20251020,13:50,000001,未知,11.4,11.42,11.4,11.42,5892,6722917
20251020,13:55,000001,未知,11.41,11.45,11.41,11.45,34365,39286192
20251020,14:00,000001,未知,11.45,11.45,11.42,11.42,12705,14531816
20251020,14:05,000001,未知,11.42,11.43,11.42,11.43,3805,4346892
20251020,14:10,000001,未知,11.42,11.44,11.42,11.42,8256,9438509
20251020,14:15,000001,未知,11.42,11.43,11.41,11.42,6609,7548176
20251020,14:20,000001,未知,11.42,11.43,11.41,11.41,5468,6240834
20251020,14:25,000001,未知,11.41,11.42,11.4,11.41,8030,9162682
20251020,14:30,000001,未知,11.41,11.42,11.4,11.41,5339,6090306
20251020,14:35,000001,未知,11.42,11.42,11.4,11.42,6893,7866532
20251020,14:40,000001,未知,11.42,11.42,11.4,11.4,9742,11112045
20251020,14:45,000001,未知,11.41,11.42,11.4,11.42,14285,16305331
20251020,14:50,000001,未知,11.42,11.43,11.41,11.43,7614,8698459
20251020,14:55,000001,未知,11.43,11.43,11.42,11.43,12879,14714283
20251020,15:00,000001,未知,11.42,11.43,11.42,11.42,15571,17784532
20251021,09:35,000001,未知,11.4,11.42,11.39,11.4,38718,44154776
20251021,09:40,000001,未知,11.41,11.44,11.4,11.44,31070,35504765
20251021,09:45,000001,未知,11.43,11.46,11.43,11.44,36653,41946884
20251021,09:50,000001,未知,11.44,11.45,11.4,11.41,25118,28694975
20251021,09:55,000001,未知,11.41,11.43,11.4,11.41,16622,18972278
20251021,10:00,000001,未知,11.41,11.45,11.41,11.43,13463,15393309
20251021,10:05,000001,未知,11.44,11.47,11.44,11.44,30363,34773052
20251021,10:10,000001,未知,11.45,11.45,11.41,11.42,13921,15908544
20251021,10:15,000001,未知,11.41,11.43,11.41,11.42,6981,7969100
20251021,10:20,000001,未知,11.42,11.44,11.41,11.43,12112,13843066
20251021,10:25,000001,未知,11.44,11.45,11.43,11.44,4778,5464502
20251021,10:30,000001,未知,11.44,11.44,11.42,11.43,15565,17790653
20251021,10:35,000001,未知,11.43,11.44,11.41,11.43,16292,18610200
20251021,10:40,000001,未知,11.43,11.43,11.41,11.43,14798,16902852
20251021,10:45,000001,未知,11.43,11.43,11.4,11.41,32540,37150055
20251021,10:50,000001,未知,11.41,11.42,11.4,11.41,14769,16842112
20251021,10:55,000001,未知,11.41,11.42,11.4,11.4,16540,18872176
20251021,11:00,000001,未知,11.41,11.42,11.4,11.41,11791,13450549
20251021,11:05,000001,未知,11.41,11.42,11.4,11.41,5041,5753637
20251021,11:10,000001,未知,11.41,11.43,11.4,11.42,10524,12016307
20251021,11:15,000001,未知,11.41,11.44,11.41,11.43,12190,13927554
20251021,11:20,000001,未知,11.44,11.44,11.43,11.44,6990,7990886
20251021,11:25,000001,未知,11.43,11.44,11.42,11.42,9251,10571820
20251021,11:30,000001,未知,11.42,11.44,11.42,11.43,19130,21859433
20251021,13:05,000001,未知,11.43,11.43,11.4,11.43,29240,33383257
20251021,13:10,000001,未知,11.42,11.43,11.41,11.41,8037,9174107
20251021,13:15,000001,未知,11.41,11.42,11.4,11.42,54114,61715133
20251021,13:20,000001,未知,11.42,11.43,11.4,11.41,10771,12295040
20251021,13:25,000001,未知,11.4,11.42,11.4,11.41,8710,9935095
20251021,13:30,000001,未知,11.41,11.42,11.41,11.42,4652,5309216
20251021,13:35,000001,未知,11.42,11.43,11.41,11.41,11965,13664940
20251021,13:40,000001,未知,11.42,11.43,11.41,11.42,9102,10392843
20251021,13:45,000001,未知,11.42,11.44,11.41,11.43,13963,15957529
20251021,13:50,000001,未知,11.43,11.44,11.42,11.43,6713,7673999
20251021,13:55,000001,未知,11.43,11.45,11.43,11.44,16208,18540242
20251021,14:00,000001,未知,11.44,11.45,11.43,11.45,7312,8364098
20251021,14:05,000001,未知,11.44,11.45,11.44,11.44,19437,22252764
20251021,14:10,000001,未知,11.45,11.45,11.44,11.45,9342,10692361
20251021,14:15,000001,未知,11.45,11.45,11.44,11.45,5598,6407478
20251021,14:20,000001,未知,11.44,11.45,11.44,11.44,8888,10173218
20251021,14:25,000001,未知,11.44,11.45,11.44,11.45,8183,9364678
20251021,14:30,000001,未知,11.45,11.45,11.44,11.45,8439,9659742
20251021,14:35,000001,未知,11.45,11.45,11.44,11.45,10695,12241613
20251021,14:40,000001,未知,11.44,11.45,11.43,11.45,15830,18113612
20251021,14:45,000001,未知,11.44,11.45,11.44,11.45,9999,11443583
20251021,14:50,000001,未知,11.44,11.45,11.44,11.45,22309,25533861
20251021,14:55,000001,未知,11.44,11.45,11.43,11.43,26338,30124554
20251021,15:00,000001,未知,11.43,11.44,11.43,11.43,20100,22979293
20251022,09:35,000001,未知,11.4,11.45,11.4,11.42,36452,41648502
20251022,09:40,000001,未知,11.42,11.45,11.41,11.45,14161,16189952
20251022,09:45,000001,未知,11.45,11.47,11.44,11.47,39374,45122347
20251022,09:50,000001,未知,11.46,11.49,11.46,11.48,57084,65522620
20251022,09:55,000001,未知,11.49,11.49,11.46,11.47,31633,36313404
20251022,10:00,000001,未知,11.46,11.48,11.44,11.46,21911,25114705
20251022,10:05,000001,未知,11.46,11.48,11.45,11.47,20335,23322790
20251022,10:10,000001,未知,11.46,11.49,11.46,11.49,24799,28461560
20251022,10:15,000001,未知,11.49,11.5,11.48,11.49,35553,40851155
20251022,10:20,000001,未知,11.49,11.49,11.47,11.47,15986,18355826
20251022,10:25,000001,未知,11.47,11.47,11.46,11.47,11967,13725175
20251022,10:30,000001,未知,11.47,11.48,11.46,11.48,4689,5379619
20251022,10:35,000001,未知,11.48,11.48,11.47,11.47,7798,8945584
20251022,10:40,000001,未知,11.47,11.48,11.46,11.48,16414,18829839
20251022,10:45,000001,未知,11.48,11.5,11.47,11.49,16391,18832388
20251022,10:50,000001,未知,11.5,11.5,11.49,11.5,9252,10636154
20251022,10:55,000001,未知,11.49,11.5,11.49,11.5,10892,12523311
20251022,11:00,000001,未知,11.49,11.5,11.48,11.48,9641,11078670
20251022,11:05,000001,未知,11.49,11.49,11.47,11.48,15970,18338931
20251022,11:10,000001,未知,11.47,11.49,11.47,11.48,9454,10850063
20251022,11:15,000001,未知,11.48,11.48,11.47,11.48,2081,2388282
20251022,11:20,000001,未知,11.47,11.48,11.47,11.48,7643,8773392
20251022,11:25,000001,未知,11.48,11.48,11.45,11.47,12111,13880669
20251022,11:30,000001,未知,11.47,11.48,11.46,11.48,4595,5270241
20251022,13:05,000001,未知,11.48,11.48,11.44,11.45,26906,30806875
20251022,13:10,000001,未知,11.45,11.47,11.44,11.47,5413,6202713
20251022,13:15,000001,未知,11.47,11.47,11.46,11.47,4657,5338844
20251022,13:20,000001,未知,11.46,11.48,11.46,11.47,6971,7996823
20251022,13:25,000001,未知,11.48,11.48,11.47,11.48,4559,5232309
20251022,13:30,000001,未知,11.47,11.48,11.46,11.48,12892,14792968
20251022,13:35,000001,未知,11.47,11.49,11.47,11.47,13077,15015013
20251022,13:40,000001,未知,11.47,11.48,11.46,11.47,6876,7885749
20251022,13:45,000001,未知,11.48,11.48,11.47,11.47,5819,6676659
20251022,13:50,000001,未知,11.48,11.48,11.47,11.48,5130,5885964
20251022,13:55,000001,未知,11.47,11.48,11.47,11.48,4267,4896330
20251022,14:00,000001,未知,11.48,11.48,11.47,11.47,11798,13541461
20251022,14:05,000001,未知,11.48,11.49,11.47,11.49,13413,15405655
20251022,14:10,000001,未知,11.49,11.52,11.49,11.52,69074,79441084
20251022,14:15,000001,未知,11.52,11.52,11.51,11.52,14339,16514985
20251022,14:20,000001,未知,11.52,11.54,11.51,11.53,41886,48283652
20251022,14:25,000001,未知,11.52,11.53,11.52,11.52,9377,10804762
20251022,14:30,000001,未知,11.52,11.53,11.52,11.52,12882,14844360
20251022,14:35,000001,未知,11.52,11.53,11.52,11.52,13298,15324571
20251022,14:40,000001,未知,11.52,11.53,11.52,11.53,18826,21699405
20251022,14:45,000001,未知,11.53,11.54,11.52,11.53,23886,27543352
20251022,14:50,000001,未知,11.53,11.54,11.52,11.54,19602,22600807
20251022,14:55,000001,未知,11.53,11.54,11.51,11.51,29611,34125623
20251022,15:00,000001,未知,11.52,11.53,11.51,11.52,22958,26448336
20251023,09:35,000001,未知,11.52,11.6,11.52,11.59,93480,108120213
20251023,09:40,000001,未知,11.59,11.63,11.58,11.63,95097,110374481
20251023,09:45,000001,未知,11.63,11.64,11.6,11.61,69178,80376478
20251023,09:50,000001,未知,11.61,11.65,11.6,11.65,71955,83664270
20251023,09:55,000001,未知,11.65,11.71,11.64,11.67,172762,201757881
20251023,10:00,000001,未知,11.67,11.68,11.63,11.63,67439,78594699
20251023,10:05,000001,未知,11.63,11.63,11.6,11.6,40189,46683113
20251023,10:10,000001,未知,11.6,11.63,11.6,11.61,28120,32652740
20251023,10:15,000001,未知,11.62,11.62,11.55,11.55,65136,75436086
20251023,10:20,000001,未知,11.56,11.56,11.53,11.56,49652,57338481
20251023,10:25,000001,未知,11.56,11.57,11.54,11.54,24780,28634351
20251023,10:30,000001,未知,11.55,11.55,11.53,11.54,25209,29086668
20251023,10:35,000001,未知,11.53,11.55,11.51,11.51,39292,45268675
20251023,10:40,000001,未知,11.52,11.53,11.5,11.52,29771,34278923
20251023,10:45,000001,未知,11.51,11.54,11.51,11.54,15802,18211868
20251023,10:50,000001,未知,11.54,11.54,11.52,11.52,7927,9140349
20251023,10:55,000001,未知,11.52,11.56,11.52,11.55,8069,9311946
20251023,11:00,000001,未知,11.55,11.56,11.53,11.54,11642,13444003
20251023,11:05,000001,未知,11.55,11.57,11.54,11.55,8746,10108484
20251023,11:10,000001,未知,11.55,11.58,11.55,11.57,7426,8585630
20251023,11:15,000001,未知,11.56,11.57,11.55,11.56,10271,11874952
20251023,11:20,000001,未知,11.56,11.59,11.56,11.57,10393,12029584
20251023,11:25,000001,未知,11.58,11.58,11.53,11.55,18763,21677807
20251023,11:30,000001,未知,11.54,11.57,11.54,11.55,6270,7246707
20251023,13:05,000001,未知,11.55,11.56,11.51,11.54,20583,23741690
20251023,13:10,000001,未知,11.54,11.54,11.52,11.53,9523,10978575
20251023,13:15,000001,未知,11.53,11.54,11.52,11.53,7317,8437927
20251023,13:20,000001,未知,11.54,11.54,11.52,11.52,7952,9168135
20251023,13:25,000001,未知,11.52,11.54,11.52,11.53,8883,10243385
20251023,13:30,000001,未知,11.54,11.55,11.52,11.55,11600,13382185
20251023,13:35,000001,未知,11.54,11.56,11.53,11.55,8888,10262611
20251023,13:40,000001,未知,11.55,11.57,11.55,11.55,10486,12119527
20251023,13:45,000001,未知,11.55,11.6,11.55,11.59,33390,38659485
20251023,13:50,000001,未知,11.59,11.59,11.57,11.59,15163,17559684
20251023,13:55,000001,未知,11.58,11.6,11.58,11.6,8625,9997805
20251023,14:00,000001,未知,11.6,11.61,11.59,11.61,12498,14501581
20251023,14:05,000001,未知,11.6,11.62,11.6,11.61,13949,16197465
20251023,14:10,000001,未知,11.62,11.63,11.61,11.62,18800,21847985
20251023,14:15,000001,未知,11.62,11.63,11.61,11.62,23600,27423893
20251023,14:20,000001,未知,11.63,11.64,11.62,11.63,18732,21784518
20251023,14:25,000001,未知,11.63,11.63,11.61,11.62,14660,17039305
20251023,14:30,000001,未知,11.63,11.64,11.62,11.63,13538,15742142
20251023,14:35,000001,未知,11.63,11.66,11.63,11.65,40605,47296539
20251023,14:40,000001,未知,11.65,11.66,11.64,11.64,16154,18824751
20251023,14:45,000001,未知,11.64,11.65,11.63,11.64,17178,19999206
20251023,14:50,000001,未知,11.64,11.65,11.64,11.64,22776,26526141
20251023,14:55,000001,未知,11.65,11.65,11.62,11.62,23648,27515990
20251023,15:00,000001,未知,11.63,11.63,11.62,11.63,17195,19995052
20251024,09:35,000001,未知,11.6,11.64,11.56,11.63,100673,116765376
20251024,09:40,000001,未知,11.62,11.65,11.62,11.63,48698,56662814
20251024,09:45,000001,未知,11.63,11.64,11.6,11.63,44258,51427209
20251024,09:50,000001,未知,11.63,11.68,11.62,11.67,66607,77642910
20251024,09:55,000001,未知,11.67,11.67,11.64,11.67,25093,29255863
20251024,10:00,000001,未知,11.67,11.67,11.62,11.63,33082,38543408
20251024,10:05,000001,未知,11.62,11.65,11.61,11.65,24573,28572356
20251024,10:10,000001,未知,11.65,11.66,11.63,11.65,35499,41360065
20251024,10:15,000001,未知,11.65,11.65,11.58,11.58,53778,62493905
20251024,10:20,000001,未知,11.58,11.61,11.58,11.6,29695,34452136
20251024,10:25,000001,未知,11.61,11.61,11.58,11.59,17949,20819584
20251024,10:30,000001,未知,11.58,11.59,11.57,11.59,16987,19670844
20251024,10:35,000001,未知,11.59,11.62,11.58,11.62,14293,16583842
20251024,10:40,000001,未知,11.63,11.64,11.61,11.62,18376,21357937
20251024,10:45,000001,未知,11.62,11.63,11.6,11.62,14092,16366235
20251024,10:50,000001,未知,11.62,11.64,11.6,11.63,15016,17452396
20251024,10:55,000001,未知,11.62,11.64,11.62,11.63,4430,5154616
20251024,11:00,000001,未知,11.63,11.64,11.61,11.63,12190,14173207
20251024,11:05,000001,未知,11.63,11.63,11.61,11.61,6285,7302892
20251024,11:10,000001,未知,11.61,11.62,11.61,11.62,3551,4125637
20251024,11:15,000001,未知,11.61,11.62,11.61,11.62,5771,6704477
20251024,11:20,000001,未知,11.62,11.63,11.61,11.62,7708,8955746
20251024,11:25,000001,未知,11.62,11.62,11.6,11.6,4729,5491818
20251024,11:30,000001,未知,11.61,11.61,11.6,11.61,4386,5089940
20251024,13:05,000001,未知,11.6,11.63,11.6,11.63,19823,23030203
20251024,13:10,000001,未知,11.63,11.64,11.61,11.63,9617,11180912
20251024,13:15,000001,未知,11.62,11.63,11.6,11.61,12689,14734744
20251024,13:20,000001,未知,11.6,11.62,11.6,11.61,18500,21473909
20251024,13:25,000001,未知,11.61,11.62,11.6,11.61,5426,6297681
20251024,13:30,000001,未知,11.61,11.62,11.6,11.62,9618,11164085
20251024,13:35,000001,未知,11.62,11.62,11.61,11.61,4051,4705697
20251024,13:40,000001,未知,11.61,11.63,11.61,11.61,9835,11422328
20251024,13:45,000001,未知,11.62,11.62,11.61,11.62,18743,21765799
20251024,13:50,000001,未知,11.62,11.62,11.6,11.6,6112,7093864
20251024,13:55,000001,未知,11.6,11.61,11.59,11.6,11531,13375927
20251024,14:00,000001,未知,11.6,11.6,11.58,11.59,23737,27514957
20251024,14:05,000001,未知,11.59,11.59,11.57,11.57,20533,23769764
20251024,14:10,000001,未知,11.57,11.58,11.56,11.56,18659,21591474
20251024,14:15,000001,未知,11.57,11.57,11.56,11.57,11790,13633367
20251024,14:20,000001,未知,11.57,11.58,11.56,11.56,17979,20799411
20251024,14:25,000001,未知,11.56,11.58,11.56,11.57,18344,21229804
20251024,14:30,000001,未知,11.57,11.58,11.56,11.57,13406,15509159
20251024,14:35,000001,未知,11.57,11.57,11.55,11.55,21523,24880964
20251024,14:40,000001,未知,11.56,11.57,11.55,11.56,30147,34845041
20251024,14:45,000001,未知,11.56,11.57,11.55,11.55,14213,16425191
20251024,14:50,000001,未知,11.55,11.56,11.55,11.55,18744,21654495
20251024,14:55,000001,未知,11.55,11.57,11.55,11.55,21452,24791814
20251024,15:00,000001,未知,11.55,11.57,11.55,11.56,16284,18819739
20251027,09:35,000001,未知,11.54,11.54,11.45,11.48,151771,174318187
20251027,09:40,000001,未知,11.48,11.49,11.46,11.46,72278,82884412
20251027,09:45,000001,未知,11.46,11.47,11.44,11.46,78617,90041122
20251027,09:50,000001,未知,11.46,11.5,11.44,11.5,48874,56021359
20251027,09:55,000001,未知,11.5,11.51,11.47,11.48,48133,55329089
20251027,10:00,000001,未知,11.48,11.51,11.48,11.5,27882,32040872
20251027,10:05,000001,未知,11.5,11.53,11.5,11.53,60336,69481270
20251027,10:10,000001,未知,11.53,11.54,11.52,11.54,30019,34616945
20251027,10:15,000001,未知,11.53,11.56,11.53,11.55,31375,36236695
20251027,10:20,000001,未知,11.55,11.6,11.55,11.59,51207,59291765
20251027,10:25,000001,未知,11.59,11.59,11.55,11.55,30446,35232317
20251027,10:30,000001,未知,11.55,11.55,11.52,11.54,29069,33535563
20251027,10:35,000001,未知,11.54,11.55,11.53,11.54,12705,14657388
20251027,10:40,000001,未知,11.55,11.58,11.54,11.57,19819,22916664
20251027,10:45,000001,未知,11.58,11.59,11.56,11.57,24672,28559260
20251027,10:50,000001,未知,11.57,11.59,11.57,11.58,11755,13610074
20251027,10:55,000001,未知,11.58,11.59,11.56,11.56,11729,13581674
20251027,11:00,000001,未知,11.56,11.59,11.56,11.58,11672,13514754
20251027,11:05,000001,未知,11.59,11.61,11.58,11.59,41274,47865985
20251027,11:10,000001,未知,11.58,11.59,11.57,11.58,15192,17590780
20251027,11:15,000001,未知,11.59,11.59,11.57,11.59,10798,12508085
20251027,11:20,000001,未知,11.59,11.59,11.57,11.57,6174,7147421
20251027,11:25,000001,未知,11.57,11.58,11.55,11.56,13349,15435185
20251027,11:30,000001,未知,11.56,11.57,11.55,11.57,11854,13704464
20251027,13:05,000001,未知,11.57,11.59,11.56,11.58,16015,18536969
20251027,13:10,000001,未知,11.57,11.59,11.57,11.58,10624,12299229
20251027,13:15,000001,未知,11.58,11.59,11.57,11.58,8984,10397809
20251027,13:20,000001,未知,11.58,11.6,11.58,11.59,19785,22940729
20251027,13:25,000001,未知,11.58,11.59,11.56,11.57,11984,13870339
20251027,13:30,000001,未知,11.58,11.58,11.56,11.57,13798,15956831
20251027,13:35,000001,未知,11.57,11.58,11.56,11.56,9841,11382780
20251027,13:40,000001,未知,11.57,11.58,11.56,11.58,12115,14013902
20251027,13:45,000001,未知,11.57,11.58,11.56,11.56,10594,12256178
20251027,13:50,000001,未知,11.57,11.57,11.56,11.56,9127,10553096
20251027,13:55,000001,未知,11.56,11.57,11.55,11.56,11230,12980749
20251027,14:00,000001,未知,11.55,11.56,11.54,11.55,19298,22289328
20251027,14:05,000001,未知,11.56,11.56,11.54,11.54,11363,13119025
20251027,14:10,000001,未知,11.55,11.55,11.51,11.51,35229,40616268
20251027,14:15,000001,未知,11.51,11.52,11.5,11.51,22929,26390307
20251027,14:20,000001,未知,11.51,11.52,11.5,11.51,18537,21338429
20251027,14:25,000001,未知,11.52,11.52,11.51,11.52,12417,14298083
20251027,14:30,000001,未知,11.51,11.52,11.5,11.5,22113,25455273
20251027,14:35,000001,未知,11.5,11.51,11.49,11.5,34086,39201834
20251027,14:40,000001,未知,11.5,11.51,11.49,11.5,18049,20751364
20251027,14:45,000001,未知,11.5,11.52,11.5,11.52,15898,18299323
20251027,14:50,000001,未知,11.52,11.53,11.51,11.53,14311,16486854
20251027,14:55,000001,未知,11.52,11.53,11.52,11.53,16891,19465438
20251027,15:00,000001,未知,11.53,11.53,11.52,11.52,13267,15285109
20251028,09:35,000001,未知,11.53,11.58,11.53,11.54,73678,85158785
20251028,09:40,000001,未知,11.53,11.54,11.5,11.51,35569,40979001
20251028,09:45,000001,未知,11.52,11.53,11.51,11.51,18929,21807041
20251028,09:50,000001,未知,11.52,11.53,11.51,11.53,24141,27805207
20251028,09:55,000001,未知,11.53,11.53,11.48,11.48,28885,33215569
20251028,10:00,000001,未知,11.49,11.5,11.44,11.44,86239,98779816
20251028,10:05,000001,未知,11.45,11.45,11.42,11.45,63673,72774604
20251028,10:10,000001,未知,11.45,11.45,11.43,11.45,25784,29497510
20251028,10:15,000001,未知,11.45,11.48,11.45,11.48,17383,19924743
20251028,10:20,000001,未知,11.47,11.49,11.46,11.49,31179,35772136
20251028,10:25,000001,未知,11.48,11.5,11.47,11.48,15197,17450824
20251028,10:30,000001,未知,11.48,11.49,11.47,11.48,10191,11699299
20251028,10:35,000001,未知,11.48,11.49,11.46,11.48,7482,8584307
20251028,10:40,000001,未知,11.48,11.48,11.45,11.45,9136,10470497
20251028,10:45,000001,未知,11.45,11.46,11.45,11.46,8778,10052808
20251028,10:50,000001,未知,11.45,11.47,11.45,11.46,8612,9868777
20251028,10:55,000001,未知,11.46,11.47,11.46,11.46,3485,3995146
20251028,11:00,000001,未知,11.47,11.48,11.46,11.47,8812,10106549
20251028,11:05,000001,未知,11.48,11.48,11.46,11.47,5136,5891519
20251028,11:10,000001,未知,11.47,11.48,11.46,11.46,7276,8343082
20251028,11:15,000001,未知,11.46,11.47,11.45,11.46,12322,14128505
20251028,11:20,000001,未知,11.46,11.5,11.46,11.5,19133,21973299
20251028,11:25,000001,未知,11.49,11.5,11.47,11.49,6552,7526353
20251028,11:30,000001,未知,11.48,11.5,11.47,11.47,8008,9194872
20251028,13:05,000001,未知,11.48,11.51,11.47,11.51,14342,16478978
20251028,13:10,000001,未知,11.51,11.51,11.5,11.51,11414,13133257
20251028,13:15,000001,未知,11.51,11.53,11.5,11.51,25043,28851210
20251028,13:20,000001,未知,11.52,11.53,11.51,11.52,19876,22888393
20251028,13:25,000001,未知,11.51,11.52,11.5,11.51,11527,13267355
20251028,13:30,000001,未知,11.51,11.52,11.5,11.5,10785,12416925
20251028,13:35,000001,未知,11.51,11.51,11.48,11.5,16997,19536413
20251028,13:40,000001,未知,11.49,11.5,11.48,11.49,9483,10897018
20251028,13:45,000001,未知,11.49,11.49,11.46,11.47,18211,20898631
20251028,13:50,000001,未知,11.47,11.5,11.47,11.5,6719,7714031
20251028,13:55,000001,未知,11.49,11.5,11.48,11.49,6480,7444807
20251028,14:00,000001,未知,11.48,11.5,11.48,11.49,6472,7435760
20251028,14:05,000001,未知,11.49,11.49,11.47,11.48,4267,4897784
20251028,14:10,000001,未知,11.47,11.49,11.47,11.48,5082,5834725
20251028,14:15,000001,未知,11.48,11.49,11.47,11.48,8149,9355256
20251028,14:20,000001,未知,11.48,11.49,11.47,11.47,4638,5324706
20251028,14:25,000001,未知,11.47,11.49,11.47,11.48,6750,7748099
20251028,14:30,000001,未知,11.48,11.49,11.47,11.49,6512,7478299
20251028,14:35,000001,未知,11.48,11.49,11.47,11.48,12565,14427932
20251028,14:40,000001,未知,11.48,11.49,11.47,11.48,11368,13045867
20251028,14:45,000001,未知,11.48,11.48,11.46,11.47,13379,15347005
20251028,14:50,000001,未知,11.47,11.49,11.47,11.47,9819,11274264
20251028,14:55,000001,未知,11.47,11.48,11.47,11.47,25109,28805063
20251028,15:00,000001,未知,11.47,11.49,11.47,11.47,21001,24091490
20251029,09:35,000001,未知,11.46,11.46,11.42,11.44,40889,46780513
20251029,09:40,000001,未知,11.45,11.46,11.4,11.4,73044,83469994
20251029,09:45,000001,未知,11.41,11.43,11.4,11.43,22922,26176628
20251029,09:50,000001,未知,11.42,11.42,11.4,11.41,41550,47420456
20251029,09:55,000001,未知,11.41,11.42,11.37,11.37,94795,107963841
20251029,10:00,000001,未知,11.38,11.4,11.36,11.4,36428,41437495
20251029,10:05,000001,未知,11.4,11.41,11.38,11.4,15159,17269165
20251029,10:10,000001,未知,11.4,11.4,11.39,11.4,16555,18864041
20251029,10:15,000001,未知,11.4,11.41,11.39,11.41,10732,12236576
20251029,10:20,000001,未知,11.4,11.41,11.39,11.4,7578,8638601
20251029,10:25,000001,未知,11.4,11.41,11.39,11.4,11481,13089666
20251029,10:30,000001,未知,11.4,11.42,11.39,11.42,10954,12489608
20251029,10:35,000001,未知,11.42,11.42,11.4,11.41,9527,10866898
20251029,10:40,000001,未知,11.4,11.41,11.39,11.4,11075,12628923
20251029,10:45,000001,未知,11.4,11.4,11.39,11.39,12180,13881952
20251029,10:50,000001,未知,11.39,11.4,11.38,11.39,19158,21822104
20251029,10:55,000001,未知,11.4,11.41,11.39,11.39,16207,18468617
20251029,11:00,000001,未知,11.39,11.4,11.39,11.4,12835,14623996
20251029,11:05,000001,未知,11.4,11.4,11.38,11.39,15730,17905381
20251029,11:10,000001,未知,11.38,11.39,11.38,11.38,15270,17387009
20251029,11:15,000001,未知,11.39,11.4,11.38,11.4,10831,12333564
20251029,11:20,000001,未知,11.39,11.4,11.38,11.39,15641,17808703
20251029,11:25,000001,未知,11.4,11.41,11.39,11.4,7959,9070703
20251029,11:30,000001,未知,11.41,11.41,11.39,11.4,6355,7241692
20251029,13:05,000001,未知,11.4,11.4,11.38,11.39,18926,21562489
20251029,13:10,000001,未知,11.39,11.4,11.38,11.4,13038,14847802
20251029,13:15,000001,未知,11.39,11.39,11.38,11.39,12302,14007128
20251029,13:20,000001,未知,11.39,11.39,11.38,11.38,17019,19377169
20251029,13:25,000001,未知,11.39,11.39,11.38,11.39,9718,11064122
20251029,13:30,000001,未知,11.38,11.39,11.37,11.38,17127,19490846
20251029,13:35,000001,未知,11.38,11.39,11.38,11.38,8940,10178295
20251029,13:40,000001,未知,11.38,11.39,11.37,11.38,20172,22957283
20251029,13:45,000001,未知,11.38,11.39,11.38,11.39,13531,15400942
20251029,13:50,000001,未知,11.38,11.39,11.37,11.38,14604,16619594
20251029,13:55,000001,未知,11.38,11.39,11.37,11.39,17634,20066267
20251029,14:00,000001,未知,11.38,11.39,11.38,11.39,12823,14595386
20251029,14:05,000001,未知,11.39,11.39,11.38,11.38,15270,17381834
20251029,14:10,000001,未知,11.38,11.39,11.38,11.38,16109,18343053
20251029,14:15,000001,未知,11.38,11.39,11.38,11.39,16228,18481296
20251029,14:20,000001,未知,11.39,11.39,11.38,11.38,6797,7738698
20251029,14:25,000001,未知,11.38,11.39,11.38,11.38,14347,16331168
20251029,14:30,000001,未知,11.39,11.39,11.37,11.37,27224,30985740
20251029,14:35,000001,未知,11.37,11.38,11.37,11.37,19111,21741670
20251029,14:40,000001,未知,11.37,11.39,11.37,11.38,27166,30911920
20251029,14:45,000001,未知,11.38,11.38,11.37,11.38,23990,27294200
20251029,14:50,000001,未知,11.38,11.39,11.37,11.37,33546,38157636
20251029,14:55,000001,未知,11.38,11.39,11.37,11.38,39360,44780265
20251029,15:00,000001,未知,11.38,11.39,11.37,11.39,16377,18644253
20251030,09:35,000001,未知,11.38,11.42,11.38,11.42,71344,81313811
20251030,09:40,000001,未知,11.41,11.41,11.38,11.39,29434,33535657
20251030,09:45,000001,未知,11.4,11.43,11.39,11.43,40672,46446295
20251030,09:50,000001,未知,11.42,11.46,11.42,11.46,62249,71237459
20251030,09:55,000001,未知,11.45,11.46,11.42,11.44,30856,35297298
20251030,10:00,000001,未知,11.44,11.44,11.41,11.42,13455,15373643
20251030,10:05,000001,未知,11.41,11.43,11.41,11.42,8851,10110540
20251030,10:10,000001,未知,11.42,11.43,11.41,11.41,18535,21165819
20251030,10:15,000001,未知,11.41,11.43,11.41,11.42,10695,12218567
20251030,10:20,000001,未知,11.43,11.46,11.41,11.44,43978,50314625
20251030,10:25,000001,未知,11.45,11.46,11.44,11.45,34621,39621571
20251030,10:30,000001,未知,11.45,11.46,11.44,11.45,24255,27771191
20251030,10:35,000001,未知,11.45,11.46,11.43,11.44,18638,21340803
20251030,10:40,000001,未知,11.44,11.45,11.43,11.44,7400,8463344
20251030,10:45,000001,未知,11.44,11.47,11.43,11.46,33572,38474499
20251030,10:50,000001,未知,11.47,11.47,11.44,11.45,17629,20200661
20251030,10:55,000001,未知,11.45,11.45,11.43,11.44,7843,8974427
20251030,11:00,000001,未知,11.44,11.44,11.42,11.44,14165,16194970
20251030,11:05,000001,未知,11.43,11.44,11.42,11.43,4507,5151775
20251030,11:10,000001,未知,11.44,11.45,11.43,11.44,8392,9600873
20251030,11:15,000001,未知,11.45,11.46,11.44,11.45,13286,15210907
20251030,11:20,000001,未知,11.45,11.45,11.42,11.44,7985,9129663
20251030,11:25,000001,未知,11.43,11.44,11.42,11.42,16927,19345819
20251030,11:30,000001,未知,11.43,11.44,11.42,11.42,6999,7997196
20251030,13:05,000001,未知,11.43,11.43,11.39,11.39,38554,43966228
20251030,13:10,000001,未知,11.39,11.42,11.39,11.41,15572,17758625
20251030,13:15,000001,未知,11.4,11.41,11.39,11.39,13604,15503579
20251030,13:20,000001,未知,11.4,11.41,11.39,11.4,13378,15258036
20251030,13:25,000001,未知,11.41,11.43,11.4,11.43,18856,21524950
20251030,13:30,000001,未知,11.43,11.43,11.41,11.41,8620,9845161
20251030,13:35,000001,未知,11.42,11.42,11.41,11.41,4876,5565530
20251030,13:40,000001,未知,11.41,11.43,11.41,11.41,10616,12121327
20251030,13:45,000001,未知,11.42,11.42,11.4,11.41,8829,10076764
20251030,13:50,000001,未知,11.4,11.42,11.4,11.4,10484,11959538
20251030,13:55,000001,未知,11.41,11.41,11.4,11.4,5004,5706891
20251030,14:00,000001,未知,11.4,11.41,11.39,11.41,11417,13015276
20251030,14:05,000001,未知,11.4,11.41,11.4,11.4,5055,5764481
20251030,14:10,000001,未知,11.4,11.41,11.39,11.39,14850,16926494
20251030,14:15,000001,未知,11.4,11.4,11.39,11.39,14720,16770434
20251030,14:20,000001,未知,11.39,11.4,11.38,11.39,13066,14877262
20251030,14:25,000001,未知,11.38,11.39,11.38,11.38,10362,11796083
20251030,14:30,000001,未知,11.38,11.39,11.37,11.38,35152,39976137
20251030,14:35,000001,未知,11.37,11.39,11.37,11.37,22332,25404119
20251030,14:40,000001,未知,11.38,11.39,11.37,11.37,18022,20500937
20251030,14:45,000001,未知,11.38,11.38,11.37,11.37,13478,15331152
20251030,14:50,000001,未知,11.37,11.38,11.36,11.37,36150,41096661
20251030,14:55,000001,未知,11.37,11.38,11.36,11.37,28693,32612996
20251030,15:00,000001,未知,11.37,11.38,11.37,11.38,25792,29344769
20251031,09:35,000001,未知,11.38,11.4,11.35,11.38,81231,92384297
20251031,09:40,000001,未知,11.38,11.39,11.31,11.33,105298,119375604
20251031,09:45,000001,未知,11.33,11.38,11.32,11.37,69910,79364051
20251031,09:50,000001,未知,11.37,11.37,11.31,11.32,66559,75422175
20251031,09:55,000001,未知,11.32,11.32,11.3,11.31,46547,52663371
20251031,10:00,000001,未知,11.32,11.35,11.31,11.34,38483,43570927
20251031,10:05,000001,未知,11.34,11.35,11.31,11.32,20930,23699247
20251031,10:10,000001,未知,11.32,11.32,11.3,11.31,40184,45454699
20251031,10:15,000001,未知,11.31,11.32,11.3,11.31,29050,32855947
20251031,10:20,000001,未知,11.32,11.33,11.31,11.33,19045,21555305
20251031,10:25,000001,未知,11.33,11.34,11.31,11.34,29697,33621407
20251031,10:30,000001,未知,11.34,11.34,11.31,11.31,16876,19118927
20251031,10:35,000001,未知,11.32,11.32,11.31,11.31,41391,46832660
20251031,10:40,000001,未知,11.31,11.32,11.3,11.31,10091,11414759
20251031,10:45,000001,未知,11.31,11.33,11.31,11.32,11281,12774611
20251031,10:50,000001,未知,11.32,11.32,11.31,11.32,12421,14054838
20251031,10:55,000001,未知,11.32,11.33,11.31,11.32,13005,14721672
20251031,11:00,000001,未知,11.32,11.33,11.31,11.32,5397,6108434
20251031,11:05,000001,未知,11.32,11.32,11.31,11.32,4710,5329742
20251031,11:10,000001,未知,11.32,11.33,11.31,11.32,6837,7737752
20251031,11:15,000001,未知,11.32,11.32,11.31,11.31,7761,8781218
20251031,11:20,000001,未知,11.32,11.32,11.31,11.32,4366,4940274
20251031,11:25,000001,未知,11.32,11.33,11.31,11.32,19156,21668407
20251031,11:30,000001,未知,11.31,11.33,11.31,11.32,6295,7125207
20251031,13:05,000001,未知,11.32,11.33,11.31,11.32,22912,25934383
20251031,13:10,000001,未知,11.31,11.32,11.31,11.32,6654,7529652
20251031,13:15,000001,未知,11.32,11.32,11.31,11.31,7435,8414593
20251031,13:20,000001,未知,11.31,11.32,11.31,11.32,7768,8791495
20251031,13:25,000001,未知,11.32,11.32,11.31,11.32,7743,8762849
20251031,13:30,000001,未知,11.32,11.33,11.31,11.32,11225,12706934
20251031,13:35,000001,未知,11.33,11.35,11.32,11.34,13476,15275178
20251031,13:40,000001,未知,11.34,11.35,11.33,11.34,5191,5885352
20251031,13:45,000001,未知,11.33,11.34,11.32,11.32,11274,12770775
20251031,13:50,000001,未知,11.32,11.33,11.32,11.33,5730,6489628
20251031,13:55,000001,未知,11.32,11.33,11.32,11.32,6850,7757647
20251031,14:00,000001,未知,11.32,11.33,11.32,11.33,9221,10442726
20251031,14:05,000001,未知,11.33,11.33,11.31,11.32,13215,14961033
20251031,14:10,000001,未知,11.33,11.34,11.32,11.33,7620,8632035
20251031,14:15,000001,未知,11.33,11.34,11.32,11.34,7121,8066699
20251031,14:20,000001,未知,11.33,11.34,11.33,11.34,8683,9844056
20251031,14:25,000001,未知,11.34,11.35,11.33,11.34,6321,7168628
20251031,14:30,000001,未知,11.33,11.35,11.33,11.34,8436,9565744
20251031,14:35,000001,未知,11.34,11.34,11.33,11.34,8565,9709879
20251031,14:40,000001,未知,11.34,11.34,11.33,11.34,10075,11419554
20251031,14:45,000001,未知,11.34,11.34,11.33,11.33,16264,18434280
20251031,14:50,000001,未知,11.33,11.34,11.33,11.34,15809,17917588
20251031,14:55,000001,未知,11.33,11.35,11.33,11.33,21150,23973793
20251031,15:00,000001,未知,11.33,11.34,11.32,11.32,24934,28236571
20251103,09:35,000001,未知,11.34,11.37,11.34,11.34,65195,73998922
20251103,09:40,000001,未知,11.34,11.35,11.33,11.35,25352,28744420
20251103,09:45,000001,未知,11.34,11.35,11.33,11.34,16047,18191363
20251103,09:50,000001,未知,11.34,11.34,11.3,11.31,58302,65998166
20251103,09:55,000001,未知,11.31,11.34,11.31,11.33,14635,16573464
20251103,10:00,000001,未知,11.34,11.35,11.32,11.34,24440,27713040
20251103,10:05,000001,未知,11.34,11.37,11.33,11.37,43680,49597909
20251103,10:10,000001,未知,11.37,11.39,11.36,11.37,66636,75820088
20251103,10:15,000001,未知,11.38,11.39,11.36,11.37,34657,39417760
20251103,10:20,000001,未知,11.37,11.39,11.37,11.39,27707,31524943
20251103,10:25,000001,未知,11.39,11.41,11.38,11.41,66150,75405125
20251103,10:30,000001,未知,11.41,11.42,11.4,11.41,28053,31996847
20251103,10:35,000001,未知,11.41,11.41,11.4,11.4,19351,22070779
20251103,10:40,000001,未知,11.4,11.4,11.39,11.39,14506,16528323
20251103,10:45,000001,未知,11.39,11.41,11.39,11.4,20020,22820276
20251103,10:50,000001,未知,11.4,11.42,11.4,11.4,22855,26080322
20251103,10:55,000001,未知,11.4,11.41,11.39,11.39,7919,9027133
20251103,11:00,000001,未知,11.39,11.42,11.39,11.41,19743,22520870
20251103,11:05,000001,未知,11.42,11.42,11.4,11.4,19988,22817419
20251103,11:10,000001,未知,11.41,11.41,11.4,11.4,6469,7378018
20251103,11:15,000001,未知,11.4,11.41,11.4,11.4,4891,5578576
20251103,11:20,000001,未知,11.41,11.42,11.4,11.41,19315,22049882
20251103,11:25,000001,未知,11.41,11.43,11.4,11.42,27560,31463065
20251103,11:30,000001,未知,11.41,11.44,11.41,11.44,27871,31856126
20251103,13:05,000001,未知,11.44,11.44,11.41,11.41,29850,34118767
20251103,13:10,000001,未知,11.41,11.41,11.39,11.39,18201,20740273
20251103,13:15,000001,未知,11.39,11.4,11.39,11.4,17417,19845841
20251103,13:20,000001,未知,11.39,11.41,11.39,11.4,7459,8501830
20251103,13:25,000001,未知,11.4,11.41,11.39,11.41,6815,7769816
20251103,13:30,000001,未知,11.4,11.41,11.39,11.4,8139,9279019
20251103,13:35,000001,未知,11.4,11.41,11.39,11.39,5807,6619591
20251103,13:40,000001,未知,11.39,11.4,11.39,11.4,7413,8447917
20251103,13:45,000001,未知,11.39,11.41,11.39,11.4,7611,8675592
20251103,13:50,000001,未知,11.41,11.41,11.39,11.4,6008,6847049
20251103,13:55,000001,未知,11.4,11.41,11.39,11.39,7933,9040288
20251103,14:00,000001,未知,11.39,11.41,11.39,11.4,6936,7906418
20251103,14:05,000001,未知,11.4,11.42,11.39,11.41,9602,10952880
20251103,14:10,000001,未知,11.41,11.42,11.4,11.41,6619,7554143
20251103,14:15,000001,未知,11.4,11.42,11.4,11.41,13641,15570823
20251103,14:20,000001,未知,11.41,11.42,11.41,11.42,10502,11989970
20251103,14:25,000001,未知,11.42,11.42,11.41,11.42,8182,9339964
20251103,14:30,000001,未知,11.41,11.42,11.4,11.42,8517,9719762
20251103,14:35,000001,未知,11.41,11.42,11.4,11.41,15740,17969036
20251103,14:40,000001,未知,11.42,11.42,11.41,11.42,10142,11577698
20251103,14:45,000001,未知,11.41,11.42,11.41,11.42,12632,14421054
20251103,14:50,000001,未知,11.42,11.43,11.41,11.43,16851,19246371
20251103,14:55,000001,未知,11.43,11.43,11.41,11.42,12491,14261133
20251103,15:00,000001,未知,11.42,11.43,11.41,11.43,16476,18822536
20251104,09:35,000001,未知,11.42,11.45,11.4,11.44,48097,54989123
20251104,09:40,000001,未知,11.44,11.49,11.44,11.48,67313,77215822
20251104,09:45,000001,未知,11.48,11.48,11.46,11.47,34642,39735302
20251104,09:50,000001,未知,11.48,11.48,11.46,11.48,28114,32242858
20251104,09:55,000001,未知,11.48,11.48,11.46,11.47,23393,26839215
20251104,10:00,000001,未知,11.48,11.5,11.47,11.5,67089,77060808
20251104,10:05,000001,未知,11.5,11.55,11.5,11.52,109604,126383618
20251104,10:10,000001,未知,11.53,11.53,11.51,11.52,21758,25062611
20251104,10:15,000001,未知,11.52,11.55,11.52,11.55,52093,60108817
20251104,10:20,000001,未知,11.55,11.58,11.55,11.57,87991,101741140
20251104,10:25,000001,未知,11.57,11.59,11.56,11.58,76715,88790974
20251104,10:30,000001,未知,11.57,11.64,11.57,11.64,110536,128222261
20251104,10:35,000001,未知,11.64,11.64,11.6,11.61,62053,72118446
20251104,10:40,000001,未知,11.61,11.62,11.58,11.58,36623,42505649
20251104,10:45,000001,未知,11.58,11.6,11.58,11.59,21400,24798873
20251104,10:50,000001,未知,11.58,11.58,11.56,11.58,30047,34759781
20251104,10:55,000001,未知,11.57,11.59,11.57,11.57,10023,11605149
20251104,11:00,000001,未知,11.58,11.6,11.57,11.59,19015,22034727
20251104,11:05,000001,未知,11.58,11.6,11.58,11.59,16422,19037554
20251104,11:10,000001,未知,11.59,11.6,11.58,11.59,14667,17001144
20251104,11:15,000001,未知,11.6,11.6,11.58,11.6,11388,13201137
20251104,11:20,000001,未知,11.6,11.6,11.59,11.59,9281,10761621
20251104,11:25,000001,未知,11.6,11.6,11.59,11.59,16061,18622520
20251104,11:30,000001,未知,11.59,11.6,11.58,11.59,12141,14072460
20251104,13:05,000001,未知,11.59,11.6,11.58,11.59,45186,52373575
20251104,13:10,000001,未知,11.58,11.6,11.58,11.6,8482,9833425
20251104,13:15,000001,未知,11.59,11.6,11.59,11.59,19013,22048192
20251104,13:20,000001,未知,11.59,11.59,11.58,11.58,16985,19680044
20251104,13:25,000001,未知,11.58,11.59,11.57,11.58,20652,23914048
20251104,13:30,000001,未知,11.59,11.6,11.58,11.58,18474,21411105
20251104,13:35,000001,未知,11.58,11.59,11.58,11.59,8680,10058945
20251104,13:40,000001,未知,11.58,11.6,11.58,11.59,14825,17184880
20251104,13:45,000001,未知,11.59,11.6,11.59,11.59,17889,20739045
20251104,13:50,000001,未知,11.59,11.61,11.59,11.6,42874,49742159
20251104,13:55,000001,未知,11.6,11.6,11.59,11.59,17138,19867735
20251104,14:00,000001,未知,11.59,11.6,11.59,11.59,18483,21429949
20251104,14:05,000001,未知,11.59,11.6,11.59,11.59,21104,24468133
20251104,14:10,000001,未知,11.6,11.6,11.59,11.59,14973,17358033
20251104,14:15,000001,未知,11.59,11.6,11.57,11.57,33012,38255550
20251104,14:20,000001,未知,11.57,11.59,11.57,11.57,17763,20565662
20251104,14:25,000001,未知,11.58,11.58,11.56,11.57,27399,31687851
20251104,14:30,000001,未知,11.57,11.57,11.55,11.56,27164,31393903
20251104,14:35,000001,未知,11.55,11.57,11.54,11.56,19950,23052225
20251104,14:40,000001,未知,11.56,11.57,11.56,11.56,15409,17821841
20251104,14:45,000001,未知,11.56,11.58,11.56,11.57,27239,31523837
20251104,14:50,000001,未知,11.58,11.58,11.57,11.57,13881,16067135
20251104,14:55,000001,未知,11.57,11.59,11.57,11.58,24287,28129311
20251104,15:00,000001,未知,11.58,11.59,11.58,11.59,25679,29754751
20251105,09:35,000001,未知,11.59,11.6,11.5,11.51,102466,118403470
20251105,09:40,000001,未知,11.51,11.55,11.5,11.53,50514,58228780
20251105,09:45,000001,未知,11.54,11.56,11.52,11.54,41184,47510918
20251105,09:50,000001,未知,11.53,11.55,11.51,11.52,43064,49638210
20251105,09:55,000001,未知,11.52,11.55,11.51,11.54,25737,29670859
20251105,10:00,000001,未知,11.54,11.58,11.53,11.56,24462,28271422
20251105,10:05,000001,未知,11.56,11.59,11.56,11.58,23444,27144223
20251105,10:10,000001,未知,11.59,11.6,11.55,11.56,31467,36408023
20251105,10:15,000001,未知,11.56,11.58,11.55,11.57,13134,15180554
20251105,10:20,000001,未知,11.56,11.57,11.55,11.56,12694,14670968
20251105,10:25,000001,未知,11.55,11.57,11.55,11.55,10390,12009975
20251105,10:30,000001,未知,11.56,11.56,11.54,11.55,11519,13301354
20251105,10:35,000001,未知,11.55,11.58,11.55,11.57,10618,12277781
20251105,10:40,000001,未知,11.57,11.6,11.57,11.59,22110,25628606
20251105,10:45,000001,未知,11.59,11.59,11.57,11.58,7710,8924702
20251105,10:50,000001,未知,11.58,11.59,11.57,11.57,6640,7687972
20251105,10:55,000001,未知,11.58,11.58,11.57,11.58,8777,10160851
20251105,11:00,000001,未知,11.58,11.59,11.57,11.58,5175,5992825
20251105,11:05,000001,未知,11.57,11.58,11.56,11.57,15968,18469090
20251105,11:10,000001,未知,11.56,11.57,11.54,11.56,13074,15107526
20251105,11:15,000001,未知,11.55,11.56,11.55,11.56,5639,6516010
20251105,11:20,000001,未知,11.56,11.56,11.54,11.55,8310,9598415
20251105,11:25,000001,未知,11.55,11.57,11.54,11.56,7765,8972502
20251105,11:30,000001,未知,11.55,11.57,11.55,11.56,13387,15474291
20251105,13:05,000001,未知,11.56,11.58,11.55,11.56,17666,20423592
20251105,13:10,000001,未知,11.55,11.57,11.55,11.56,10014,11577780
20251105,13:15,000001,未知,11.57,11.59,11.56,11.57,11171,12938361
20251105,13:20,000001,未知,11.57,11.58,11.55,11.56,11799,13643423
20251105,13:25,000001,未知,11.57,11.57,11.55,11.55,5172,5977375
20251105,13:30,000001,未知,11.56,11.57,11.54,11.55,16397,18945239
20251105,13:35,000001,未知,11.56,11.57,11.55,11.56,6248,7222191
20251105,13:40,000001,未知,11.55,11.57,11.55,11.56,5086,5878256
20251105,13:45,000001,未知,11.56,11.56,11.55,11.56,6541,7558073
20251105,13:50,000001,未知,11.55,11.56,11.55,11.55,7212,8331748
20251105,13:55,000001,未知,11.55,11.56,11.55,11.55,9027,10430738
20251105,14:00,000001,未知,11.55,11.56,11.55,11.55,12176,14069492
20251105,14:05,000001,未知,11.55,11.56,11.55,11.55,6941,8020182
20251105,14:10,000001,未知,11.55,11.56,11.54,11.55,5893,6809019
20251105,14:15,000001,未知,11.55,11.57,11.55,11.56,9071,10486846
20251105,14:20,000001,未知,11.56,11.57,11.55,11.55,6022,6959772
20251105,14:25,000001,未知,11.55,11.56,11.55,11.55,11279,13028638
20251105,14:30,000001,未知,11.55,11.56,11.54,11.55,13638,15752711
20251105,14:35,000001,未知,11.55,11.56,11.53,11.53,21725,25080609
20251105,14:40,000001,未知,11.54,11.55,11.53,11.54,8264,9536324
20251105,14:45,000001,未知,11.54,11.55,11.53,11.53,12086,13944820
20251105,14:50,000001,未知,11.54,11.54,11.53,11.54,8789,10138690
20251105,14:55,000001,未知,11.53,11.54,11.52,11.52,38910,44857254
20251105,15:00,000001,未知,11.53,11.53,11.52,11.52,18551,21374651
20251106,09:35,000001,未知,11.5,11.52,11.47,11.49,76769,88213804
20251106,09:40,000001,未知,11.48,11.52,11.48,11.51,19954,22947409
20251106,09:45,000001,未知,11.52,11.53,11.5,11.52,31311,36067382
20251106,09:50,000001,未知,11.52,11.54,11.51,11.51,19458,22426151
20251106,09:55,000001,未知,11.51,11.54,11.51,11.54,24142,27834810
20251106,10:00,000001,未知,11.53,11.57,11.53,11.55,34527,39896705
20251106,10:05,000001,未知,11.56,11.57,11.55,11.55,22783,26340078
20251106,10:10,000001,未知,11.55,11.56,11.53,11.54,10681,12328720
20251106,10:15,000001,未知,11.53,11.55,11.53,11.53,22688,26183570
20251106,10:20,000001,未知,11.54,11.54,11.53,11.54,12021,13869809
20251106,10:25,000001,未知,11.54,11.54,11.53,11.53,17644,20347189
20251106,10:30,000001,未知,11.53,11.54,11.52,11.53,10529,12138236
20251106,10:35,000001,未知,11.54,11.54,11.52,11.53,10681,12318772
20251106,10:40,000001,未知,11.52,11.54,11.52,11.53,10713,12351754
20251106,10:45,000001,未知,11.53,11.54,11.52,11.54,11318,13049976
20251106,10:50,000001,未知,11.54,11.54,11.51,11.52,36778,42393304
20251106,10:55,000001,未知,11.51,11.52,11.5,11.51,29504,33967716
20251106,11:00,000001,未知,11.51,11.52,11.5,11.52,25759,29669140
20251106,11:05,000001,未知,11.52,11.52,11.51,11.51,16939,19505856
20251106,11:10,000001,未知,11.52,11.53,11.51,11.52,6632,7640170
20251106,11:15,000001,未知,11.52,11.53,11.51,11.53,4493,5175141
20251106,11:20,000001,未知,11.53,11.53,11.51,11.52,5884,6777879
20251106,11:25,000001,未知,11.52,11.53,11.5,11.51,15057,17334589
20251106,11:30,000001,未知,11.51,11.52,11.5,11.51,5624,6473939
20251106,13:05,000001,未知,11.52,11.52,11.5,11.51,20867,24017725
20251106,13:10,000001,未知,11.51,11.52,11.5,11.51,11660,13421069
20251106,13:15,000001,未知,11.51,11.52,11.51,11.52,13526,15575202
20251106,13:20,000001,未知,11.51,11.52,11.5,11.51,9586,11033996
20251106,13:25,000001,未知,11.51,11.52,11.5,11.51,7532,8668143
20251106,13:30,000001,未知,11.51,11.51,11.5,11.5,5140,5913484
20251106,13:35,000001,未知,11.51,11.51,11.5,11.51,16836,19376473
20251106,13:40,000001,未知,11.51,11.52,11.5,11.5,13009,14972517
20251106,13:45,000001,未知,11.51,11.52,11.5,11.51,5547,6386196
20251106,13:50,000001,未知,11.51,11.52,11.51,11.52,3207,3693275
20251106,13:55,000001,未知,11.51,11.52,11.51,11.51,2006,2309480
20251106,14:00,000001,未知,11.51,11.52,11.5,11.51,8109,9334198
20251106,14:05,000001,未知,11.51,11.51,11.49,11.5,22494,25870595
20251106,14:10,000001,未知,11.5,11.51,11.5,11.51,4592,5284339
20251106,14:15,000001,未知,11.51,11.51,11.5,11.51,6396,7359111
20251106,14:20,000001,未知,11.52,11.52,11.5,11.51,6099,7020749
20251106,14:25,000001,未知,11.51,11.52,11.5,11.51,9635,11088006
20251106,14:30,000001,未知,11.51,11.51,11.5,11.51,16591,19085868
20251106,14:35,000001,未知,11.5,11.51,11.5,11.51,17128,19700592
20251106,14:40,000001,未知,11.51,11.51,11.5,11.51,6843,7872705
20251106,14:45,000001,未知,11.51,11.51,11.5,11.5,12284,14136849
20251106,14:50,000001,未知,11.51,11.51,11.5,11.5,17716,20385986
20251106,14:55,000001,未知,11.51,11.51,11.5,11.5,29838,34331696
20251106,15:00,000001,未知,11.5,11.52,11.5,11.51,18055,20781993
20251107,09:35,000001,未知,11.52,11.55,11.51,11.54,69218,79807740
20251107,09:40,000001,未知,11.54,11.57,11.54,11.55,51460,59458029
20251107,09:45,000001,未知,11.56,11.56,11.53,11.53,26859,31010307
20251107,09:50,000001,未知,11.53,11.55,11.52,11.54,19037,21962326
20251107,09:55,000001,未知,11.55,11.55,11.53,11.53,17774,20508022
20251107,10:00,000001,未知,11.53,11.57,11.53,11.56,30823,35628607
20251107,10:05,000001,未知,11.56,11.57,11.54,11.55,28853,33324405
20251107,10:10,000001,未知,11.54,11.55,11.53,11.53,10839,12511441
20251107,10:15,000001,未知,11.54,11.54,11.52,11.53,17353,20003224
20251107,10:20,000001,未知,11.53,11.54,11.52,11.54,8081,9317580
20251107,10:25,000001,未知,11.54,11.55,11.53,11.53,7873,9085749
20251107,10:30,000001,未知,11.53,11.54,11.52,11.54,8234,9494397
20251107,10:35,000001,未知,11.53,11.54,11.52,11.53,6054,6978932
20251107,10:40,000001,未知,11.54,11.55,11.52,11.53,7342,8470621
20251107,10:45,000001,未知,11.54,11.54,11.51,11.51,18317,21103461
20251107,10:50,000001,未知,11.51,11.53,11.51,11.53,10399,11979886
20251107,10:55,000001,未知,11.52,11.53,11.52,11.53,6264,7218185
20251107,11:00,000001,未知,11.52,11.53,11.51,11.53,8113,9347031
20251107,11:05,000001,未知,11.53,11.53,11.51,11.52,6198,7140827
20251107,11:10,000001,未知,11.52,11.53,11.52,11.52,6176,7118319
20251107,11:15,000001,未知,11.53,11.53,11.52,11.53,2878,3316731
20251107,11:20,000001,未知,11.52,11.53,11.51,11.52,10853,12502719
20251107,11:25,000001,未知,11.51,11.52,11.51,11.52,3160,3638949
20251107,11:30,000001,未知,11.52,11.52,11.51,11.52,5187,5971450
20251107,13:05,000001,未知,11.52,11.52,11.5,11.52,27845,32040575
20251107,13:10,000001,未知,11.51,11.52,11.51,11.52,7424,8546190
20251107,13:15,000001,未知,11.52,11.52,11.51,11.51,6751,7775071
20251107,13:20,000001,未知,11.52,11.52,11.51,11.51,4267,4912280
20251107,13:25,000001,未知,11.51,11.53,11.51,11.52,12662,14579435
20251107,13:30,000001,未知,11.52,11.53,11.52,11.53,7466,8605023
20251107,13:35,000001,未知,11.53,11.55,11.53,11.54,19215,22178202
20251107,13:40,000001,未知,11.55,11.55,11.54,11.55,8879,10250284
20251107,13:45,000001,未知,11.54,11.58,11.54,11.58,67092,77572554
20251107,13:50,000001,未知,11.57,11.58,11.56,11.57,19609,22685038
20251107,13:55,000001,未知,11.57,11.58,11.56,11.56,17914,20733263
20251107,14:00,000001,未知,11.57,11.57,11.56,11.57,5713,6607523
20251107,14:05,000001,未知,11.56,11.58,11.56,11.57,29191,33787108
20251107,14:10,000001,未知,11.57,11.57,11.56,11.57,6115,7071336
20251107,14:15,000001,未知,11.57,11.57,11.55,11.56,9502,10984434
20251107,14:20,000001,未知,11.56,11.56,11.55,11.55,7958,9196338
20251107,14:25,000001,未知,11.55,11.56,11.54,11.54,13446,15525357
20251107,14:30,000001,未知,11.55,11.55,11.54,11.54,4376,5051256
20251107,14:35,000001,未知,11.55,11.55,11.54,11.54,6914,7982602
20251107,14:40,000001,未知,11.54,11.55,11.54,11.55,7508,8666251
20251107,14:45,000001,未知,11.55,11.55,11.54,11.55,8191,9456987
20251107,14:50,000001,未知,11.54,11.55,11.53,11.55,9678,11171608
20251107,14:55,000001,未知,11.54,11.55,11.53,11.55,15050,17373072
20251107,15:00,000001,未知,11.55,11.55,11.53,11.55,24740,28565638
20251110,09:35,000001,未知,11.52,11.54,11.46,11.51,96421,110840207
20251110,09:40,000001,未知,11.51,11.53,11.5,11.51,26145,30119609
20251110,09:45,000001,未知,11.52,11.55,11.52,11.53,27209,31386855
20251110,09:50,000001,未知,11.54,11.55,11.53,11.54,20434,23588756
20251110,09:55,000001,未知,11.54,11.55,11.53,11.54,10943,12630162
20251110,10:00,000001,未知,11.54,11.54,11.53,11.53,17984,20744870
20251110,10:05,000001,未知,11.53,11.55,11.52,11.54,14783,17056347
20251110,10:10,000001,未知,11.55,11.56,11.54,11.56,28369,32775903
20251110,10:15,000001,未知,11.56,11.56,11.54,11.54,21567,24920822
20251110,10:20,000001,未知,11.54,11.58,11.54,11.57,28819,33323964
20251110,10:25,000001,未知,11.57,11.58,11.56,11.56,25185,29140956
20251110,10:30,000001,未知,11.57,11.57,11.55,11.56,10832,12519120
20251110,10:35,000001,未知,11.56,11.57,11.56,11.57,7590,8776713
20251110,10:40,000001,未知,11.56,11.58,11.56,11.57,14926,17269745
20251110,10:45,000001,未知,11.58,11.58,11.57,11.57,6566,7599257
20251110,10:50,000001,未知,11.57,11.58,11.56,11.56,10146,11741328
20251110,10:55,000001,未知,11.57,11.57,11.56,11.56,7717,8922579
20251110,11:00,000001,未知,11.56,11.58,11.56,11.57,11381,13169403
20251110,11:05,000001,未知,11.57,11.58,11.57,11.57,6808,7878769
20251110,11:10,000001,未知,11.58,11.58,11.57,11.58,18676,21624374
20251110,11:15,000001,未知,11.58,11.59,11.57,11.58,7522,8710074
20251110,11:20,000001,未知,11.58,11.59,11.57,11.57,4859,5625758
20251110,11:25,000001,未知,11.58,11.58,11.57,11.58,4642,5373833
20251110,11:30,000001,未知,11.57,11.59,11.57,11.58,28802,33369492
20251110,13:05,000001,未知,11.59,11.6,11.58,11.59,33526,38860671
20251110,13:10,000001,未知,11.59,11.61,11.59,11.61,26394,30618444
20251110,13:15,000001,未知,11.61,11.61,11.6,11.6,10750,12475626
20251110,13:20,000001,未知,11.6,11.62,11.6,11.6,19843,23033962
20251110,13:25,000001,未知,11.6,11.61,11.6,11.6,12254,14222776
20251110,13:30,000001,未知,11.6,11.63,11.6,11.63,45267,52598471
20251110,13:35,000001,未知,11.62,11.64,11.62,11.63,30595,35579076
20251110,13:40,000001,未知,11.63,11.63,11.61,11.63,10439,12130605
20251110,13:45,000001,未知,11.62,11.63,11.61,11.61,13999,16268359
20251110,13:50,000001,未知,11.62,11.62,11.61,11.62,9384,10898099
20251110,13:55,000001,未知,11.61,11.62,11.61,11.62,7677,8918593
20251110,14:00,000001,未知,11.61,11.62,11.61,11.62,5924,6881079
20251110,14:05,000001,未知,11.62,11.62,11.61,11.62,6852,7960612
20251110,14:10,000001,未知,11.62,11.62,11.61,11.62,3956,4594347
20251110,14:15,000001,未知,11.62,11.62,11.61,11.62,9369,10884134
20251110,14:20,000001,未知,11.61,11.62,11.61,11.62,13711,15930347
20251110,14:25,000001,未知,11.62,11.63,11.61,11.62,15451,17955468
20251110,14:30,000001,未知,11.62,11.63,11.62,11.62,6362,7395576
20251110,14:35,000001,未知,11.63,11.63,11.62,11.62,11774,13685670
20251110,14:40,000001,未知,11.62,11.63,11.62,11.62,11837,13760269
20251110,14:45,000001,未知,11.62,11.63,11.62,11.62,12135,14106264
20251110,14:50,000001,未知,11.62,11.63,11.62,11.63,15745,18306739
20251110,14:55,000001,未知,11.62,11.63,11.62,11.62,19311,22444275
20251110,15:00,000001,未知,11.62,11.63,11.61,11.63,16327,18978077
20251111,09:35,000001,未知,11.62,11.62,11.57,11.6,45163,52364401
20251111,09:40,000001,未知,11.6,11.61,11.58,11.6,18898,21922057
20251111,09:45,000001,未知,11.6,11.63,11.6,11.62,10941,12705252
20251111,09:50,000001,未知,11.62,11.62,11.6,11.61,15283,17742360
20251111,09:55,000001,未知,11.6,11.62,11.59,11.6,15257,17706902
20251111,10:00,000001,未知,11.61,11.62,11.6,11.61,6406,7436896
20251111,10:05,000001,未知,11.61,11.62,11.6,11.61,8840,10264076
20251111,10:10,000001,未知,11.6,11.62,11.6,11.61,5981,6943037
20251111,10:15,000001,未知,11.61,11.63,11.6,11.63,24567,28526013
20251111,10:20,000001,未知,11.63,11.67,11.62,11.66,69250,80712435
20251111,10:25,000001,未知,11.66,11.68,11.64,11.65,60467,70509947
20251111,10:30,000001,未知,11.65,11.69,11.64,11.68,68075,79497946
20251111,10:35,000001,未知,11.69,11.69,11.66,11.67,34532,40308275
20251111,10:40,000001,未知,11.67,11.68,11.66,11.67,19730,23023692
20251111,10:45,000001,未知,11.67,11.69,11.66,11.67,35132,41026591
20251111,10:50,000001,未知,11.66,11.67,11.66,11.66,13065,15241298
20251111,10:55,000001,未知,11.66,11.68,11.66,11.67,18580,21677781
20251111,11:00,000001,未知,11.67,11.67,11.66,11.66,22442,26174515
20251111,11:05,000001,未知,11.66,11.67,11.65,11.65,16635,19389724
20251111,11:10,000001,未知,11.65,11.67,11.65,11.66,14815,17275424
20251111,11:15,000001,未知,11.66,11.68,11.66,11.68,14933,17427239
20251111,11:20,000001,未知,11.67,11.68,11.66,11.67,7243,8453491
20251111,11:25,000001,未知,11.67,11.69,11.67,11.68,37116,43356382
20251111,11:30,000001,未知,11.68,11.69,11.67,11.67,11405,13318276
20251111,13:05,000001,未知,11.68,11.68,11.66,11.67,30089,35125067
20251111,13:10,000001,未知,11.67,11.68,11.67,11.67,32003,37374623
20251111,13:15,000001,未知,11.67,11.68,11.67,11.67,7738,9034814
20251111,13:20,000001,未知,11.67,11.68,11.66,11.67,14939,17438713
20251111,13:25,000001,未知,11.67,11.68,11.66,11.66,11629,13562254
20251111,13:30,000001,未知,11.65,11.66,11.65,11.65,5823,6787062
20251111,13:35,000001,未知,11.65,11.67,11.64,11.67,16488,19212684
20251111,13:40,000001,未知,11.67,11.67,11.65,11.65,5405,6298399
20251111,13:45,000001,未知,11.65,11.67,11.65,11.66,10967,12784976
20251111,13:50,000001,未知,11.67,11.67,11.65,11.65,7237,8438259
20251111,13:55,000001,未知,11.65,11.66,11.65,11.65,4809,5605356
20251111,14:00,000001,未知,11.65,11.67,11.65,11.66,9123,10635747
20251111,14:05,000001,未知,11.65,11.66,11.65,11.66,4963,5784689
20251111,14:10,000001,未知,11.65,11.66,11.65,11.66,4073,4747499
20251111,14:15,000001,未知,11.66,11.67,11.65,11.66,10369,12089291
20251111,14:20,000001,未知,11.67,11.67,11.66,11.66,6822,7957025
20251111,14:25,000001,未知,11.66,11.67,11.66,11.67,4472,5216302
20251111,14:30,000001,未知,11.66,11.67,11.66,11.67,8635,10072277
20251111,14:35,000001,未知,11.67,11.67,11.66,11.66,8573,10000353
20251111,14:40,000001,未知,11.67,11.68,11.66,11.66,14345,16739138
20251111,14:45,000001,未知,11.67,11.67,11.65,11.66,23034,26865057
20251111,14:50,000001,未知,11.67,11.67,11.65,11.65,14889,17360328
20251111,14:55,000001,未知,11.65,11.66,11.65,11.66,17473,20364943
20251111,15:00,000001,未知,11.66,11.67,11.65,11.67,17855,20829753
20251112,09:35,000001,未知,11.7,11.74,11.7,11.74,106635,124894454
20251112,09:40,000001,未知,11.73,11.74,11.7,11.71,52783,61883428
20251112,09:45,000001,未知,11.71,11.72,11.67,11.71,42070,49192187
20251112,09:50,000001,未知,11.72,11.72,11.7,11.71,22734,26623894
20251112,09:55,000001,未知,11.71,11.73,11.69,11.73,23998,28100563
20251112,10:00,000001,未知,11.73,11.75,11.72,11.74,73284,86002947
20251112,10:05,000001,未知,11.74,11.75,11.73,11.74,29215,34293973
20251112,10:10,000001,未知,11.75,11.75,11.72,11.73,26308,30872979
20251112,10:15,000001,未知,11.73,11.74,11.72,11.73,11544,13542704
20251112,10:20,000001,未知,11.73,11.74,11.72,11.73,18606,21821856
20251112,10:25,000001,未知,11.73,11.75,11.73,11.74,21236,24928631
20251112,10:30,000001,未知,11.75,11.76,11.74,11.76,52669,61886995
20251112,10:35,000001,未知,11.75,11.78,11.75,11.77,67410,79343437
20251112,10:40,000001,未知,11.77,11.79,11.77,11.78,35097,41346732
20251112,10:45,000001,未知,11.79,11.79,11.76,11.77,31669,37296377
20251112,10:50,000001,未知,11.76,11.77,11.75,11.76,15211,17888060
20251112,10:55,000001,未知,11.75,11.77,11.75,11.76,31378,36894672
20251112,11:00,000001,未知,11.76,11.77,11.76,11.77,21708,25539716
20251112,11:05,000001,未知,11.76,11.77,11.75,11.76,18766,22057166
20251112,11:10,000001,未知,11.75,11.76,11.72,11.73,28931,33961187
20251112,11:15,000001,未知,11.72,11.75,11.72,11.75,12029,14109758
20251112,11:20,000001,未知,11.74,11.76,11.72,11.72,19186,22523366
20251112,11:25,000001,未知,11.73,11.73,11.72,11.73,6482,7601233
20251112,11:30,000001,未知,11.73,11.75,11.72,11.73,14686,17236963
20251112,13:05,000001,未知,11.73,11.74,11.71,11.73,21367,25047824
20251112,13:10,000001,未知,11.74,11.74,11.73,11.73,6808,7986988
20251112,13:15,000001,未知,11.74,11.74,11.71,11.72,16270,19076886
20251112,13:20,000001,未知,11.72,11.73,11.7,11.7,12240,14335578
20251112,13:25,000001,未知,11.7,11.71,11.68,11.68,24674,28854103
20251112,13:30,000001,未知,11.69,11.69,11.65,11.67,40697,47473649
20251112,13:35,000001,未知,11.67,11.68,11.67,11.67,8773,10241121
20251112,13:40,000001,未知,11.67,11.7,11.67,11.69,14445,16879485
20251112,13:45,000001,未知,11.69,11.7,11.68,11.69,6138,7176308
20251112,13:50,000001,未知,11.68,11.69,11.67,11.68,13131,15335282
20251112,13:55,000001,未知,11.67,11.69,11.67,11.68,7171,8375205
20251112,14:00,000001,未知,11.67,11.69,11.67,11.68,10016,11695449
20251112,14:05,000001,未知,11.69,11.69,11.67,11.68,19410,22672694
20251112,14:10,000001,未知,11.67,11.7,11.67,11.7,11030,12886653
20251112,14:15,000001,未知,11.7,11.7,11.68,11.68,7911,9250237
20251112,14:20,000001,未知,11.69,11.69,11.67,11.69,17132,20012211
20251112,14:25,000001,未知,11.68,11.69,11.68,11.68,4611,5388168
20251112,14:30,000001,未知,11.69,11.69,11.68,11.69,6215,7261950
20251112,14:35,000001,未知,11.69,11.69,11.68,11.69,15804,18470875
20251112,14:40,000001,未知,11.69,11.7,11.68,11.69,17520,20482742
20251112,14:45,000001,未知,11.69,11.7,11.68,11.69,12710,14860414
20251112,14:50,000001,未知,11.69,11.7,11.68,11.7,18673,21836032
20251112,14:55,000001,未知,11.69,11.7,11.68,11.68,21159,24729057
20251112,15:00,000001,未知,11.69,11.69,11.68,11.68,23785,27782947
20251113,09:35,000001,未知,11.68,11.71,11.68,11.68,41472,48486816
20251113,09:40,000001,未知,11.69,11.7,11.66,11.68,26651,31120789
20251113,09:45,000001,未知,11.68,11.7,11.67,11.67,39191,45766246
20251113,09:50,000001,未知,11.67,11.68,11.65,11.65,28016,32670611
20251113,09:55,000001,未知,11.65,11.67,11.63,11.66,35048,40821442
20251113,10:00,000001,未知,11.66,11.67,11.64,11.64,11347,13226005
20251113,10:05,000001,未知,11.65,11.65,11.63,11.64,18956,22066447
20251113,10:10,000001,未知,11.65,11.65,11.62,11.62,30793,35807850
20251113,10:15,000001,未知,11.62,11.63,11.61,11.61,31741,36868829
20251113,10:20,000001,未知,11.62,11.62,11.61,11.62,29652,34432960
20251113,10:25,000001,未知,11.62,11.63,11.61,11.62,13939,16193962
20251113,10:30,000001,未知,11.61,11.62,11.6,11.61,24237,28138660
20251113,10:35,000001,未知,11.6,11.62,11.6,11.61,15225,17678365
20251113,10:40,000001,未知,11.6,11.62,11.6,11.61,15327,17794641
20251113,10:45,000001,未知,11.62,11.63,11.61,11.63,18809,21847018
20251113,10:50,000001,未知,11.62,11.63,11.61,11.61,10476,12170665
20251113,10:55,000001,未知,11.61,11.62,11.58,11.59,77530,89871752
20251113,11:00,000001,未知,11.59,11.59,11.57,11.58,26316,30477618
20251113,11:05,000001,未知,11.59,11.59,11.57,11.58,32571,37714540
20251113,11:10,000001,未知,11.57,11.58,11.57,11.58,16092,18631833
20251113,11:15,000001,未知,11.57,11.58,11.57,11.58,18479,21389109
20251113,11:20,000001,未知,11.57,11.58,11.57,11.58,22309,25827107
20251113,11:25,000001,未知,11.58,11.6,11.57,11.59,20604,23867618
20251113,11:30,000001,未知,11.59,11.61,11.58,11.6,15924,18457338
20251113,13:05,000001,未知,11.6,11.63,11.59,11.6,26856,31183024
20251113,13:10,000001,未知,11.6,11.64,11.6,11.64,14268,16588302
20251113,13:15,000001,未知,11.63,11.64,11.62,11.64,9129,10618005
20251113,13:20,000001,未知,11.63,11.64,11.61,11.63,6005,6978015
20251113,13:25,000001,未知,11.63,11.64,11.62,11.63,10624,12352332
20251113,13:30,000001,未知,11.64,11.66,11.62,11.66,17537,20421849
20251113,13:35,000001,未知,11.66,11.68,11.65,11.66,14974,17468554
20251113,13:40,000001,未知,11.66,11.69,11.66,11.68,18148,21196957
20251113,13:45,000001,未知,11.67,11.71,11.67,11.71,34006,39751434
20251113,13:50,000001,未知,11.71,11.72,11.69,11.7,31142,36441089
20251113,13:55,000001,未知,11.7,11.7,11.67,11.67,7788,9096624
20251113,14:00,000001,未知,11.68,11.71,11.67,11.71,11677,13657551
20251113,14:05,000001,未知,11.71,11.71,11.68,11.68,7191,8410781
20251113,14:10,000001,未知,11.69,11.71,11.68,11.7,9755,11411760
20251113,14:15,000001,未知,11.7,11.71,11.69,11.69,8522,9971519
20251113,14:20,000001,未知,11.7,11.7,11.69,11.7,7725,9036554
20251113,14:25,000001,未知,11.7,11.7,11.69,11.7,9551,11168824
20251113,14:30,000001,未知,11.69,11.7,11.68,11.68,6383,7462534
20251113,14:35,000001,未知,11.69,11.7,11.68,11.69,7818,9139462
20251113,14:40,000001,未知,11.7,11.7,11.69,11.69,14033,16412013
20251113,14:45,000001,未知,11.7,11.71,11.69,11.69,28535,33389226
20251113,14:50,000001,未知,11.7,11.71,11.7,11.7,10698,12521040
20251113,14:55,000001,未知,11.71,11.71,11.69,11.7,23571,27575692
20251113,15:00,000001,未知,11.7,11.71,11.69,11.7,22350,26151049
20251114,09:35,000001,未知,11.67,11.78,11.67,11.77,148259,173881283
20251114,09:40,000001,未知,11.77,11.78,11.74,11.76,53730,63211139
20251114,09:45,000001,未知,11.76,11.78,11.76,11.76,41483,48813089
20251114,09:50,000001,未知,11.75,11.77,11.75,11.75,32180,37834773
20251114,09:55,000001,未知,11.75,11.77,11.74,11.77,37464,44032249
20251114,10:00,000001,未知,11.76,11.78,11.76,11.77,36558,43028807
20251114,10:05,000001,未知,11.77,11.78,11.75,11.76,22376,26330535
20251114,10:10,000001,未知,11.77,11.77,11.75,11.76,10654,12526748
20251114,10:15,000001,未知,11.76,11.77,11.76,11.77,13459,15834151
20251114,10:20,000001,未知,11.77,11.78,11.77,11.77,31337,36889356
20251114,10:25,000001,未知,11.77,11.79,11.77,11.78,39503,46529325
20251114,10:30,000001,未知,11.78,11.8,11.78,11.78,51265,60465676
20251114,10:35,000001,未知,11.79,11.79,11.78,11.78,10153,11968159
20251114,10:40,000001,未知,11.79,11.8,11.78,11.79,19611,23119597
20251114,10:45,000001,未知,11.79,11.8,11.79,11.8,28742,33906860
20251114,10:50,000001,未知,11.79,11.82,11.79,11.8,85389,100840543
20251114,10:55,000001,未知,11.8,11.83,11.8,11.82,39840,47083924
20251114,11:00,000001,未知,11.82,11.83,11.81,11.82,25460,30093600
20251114,11:05,000001,未知,11.81,11.82,11.8,11.8,11665,13773980
20251114,11:10,000001,未知,11.81,11.81,11.79,11.8,8570,10111480
20251114,11:15,000001,未知,11.8,11.82,11.79,11.8,39273,46391991
20251114,11:20,000001,未知,11.8,11.82,11.8,11.82,27252,32203880
20251114,11:25,000001,未知,11.82,11.84,11.82,11.84,48457,57324296
20251114,11:30,000001,未知,11.83,11.84,11.82,11.82,14867,17587618
20251114,13:05,000001,未知,11.82,11.83,11.77,11.78,48386,57134183
20251114,13:10,000001,未知,11.78,11.79,11.77,11.79,23566,27760444
20251114,13:15,000001,未知,11.79,11.81,11.78,11.8,12181,14368274
20251114,13:20,000001,未知,11.8,11.81,11.79,11.8,16278,19212775
20251114,13:25,000001,未知,11.79,11.8,11.78,11.78,12122,14292883
20251114,13:30,000001,未知,11.79,11.79,11.78,11.79,9195,10838842
20251114,13:35,000001,未知,11.78,11.8,11.78,11.78,11005,12975045
20251114,13:40,000001,未知,11.79,11.79,11.78,11.78,7421,8746275
20251114,13:45,000001,未知,11.79,11.8,11.79,11.8,17260,20358555
20251114,13:50,000001,未知,11.8,11.8,11.77,11.78,18350,21619785
20251114,13:55,000001,未知,11.78,11.79,11.77,11.78,20236,23843791
20251114,14:00,000001,未知,11.79,11.8,11.78,11.79,9161,10796840
20251114,14:05,000001,未知,11.79,11.81,11.79,11.79,13319,15711035
20251114,14:10,000001,未知,11.8,11.81,11.79,11.8,8674,10233788
20251114,14:15,000001,未知,11.8,11.82,11.79,11.81,17867,21093805
20251114,14:20,000001,未知,11.82,11.82,11.8,11.81,7655,9040918
20251114,14:25,000001,未知,11.8,11.82,11.8,11.8,13343,15756350
20251114,14:30,000001,未知,11.8,11.81,11.79,11.79,17862,21076639
20251114,14:35,000001,未知,11.79,11.8,11.78,11.79,24057,28363378
20251114,14:40,000001,未知,11.79,11.8,11.78,11.8,18797,22159303
20251114,14:45,000001,未知,11.8,11.8,11.78,11.79,21631,25503271
20251114,14:50,000001,未知,11.79,11.8,11.78,11.78,21774,25660746
20251114,14:55,000001,未知,11.77,11.79,11.76,11.77,36873,43405771
20251114,15:00,000001,未知,11.76,11.76,11.75,11.75,32435,38126904
20251117,09:35,000001,未知,11.75,11.75,11.68,11.69,84994,99493145
20251117,09:40,000001,未知,11.69,11.69,11.66,11.66,64994,75887969
20251117,09:45,000001,未知,11.66,11.67,11.62,11.64,89918,104664066
20251117,09:50,000001,未知,11.65,11.65,11.62,11.62,53292,61997748
20251117,09:55,000001,未知,11.62,11.65,11.62,11.65,27115,31547634
20251117,10:00,000001,未知,11.65,11.66,11.63,11.64,29224,34028789
20251117,10:05,000001,未知,11.64,11.65,11.63,11.64,23926,27845589
20251117,10:10,000001,未知,11.64,11.7,11.64,11.69,27592,32219685
20251117,10:15,000001,未知,11.69,11.69,11.66,11.68,14470,16898415
20251117,10:20,000001,未知,11.68,11.69,11.66,11.66,14305,16695429
20251117,10:25,000001,未知,11.67,11.68,11.65,11.68,13198,15397534
20251117,10:30,000001,未知,11.66,11.68,11.65,11.65,6841,7973946
20251117,10:35,000001,未知,11.65,11.67,11.65,11.66,7532,8782388
20251117,10:40,000001,未知,11.66,11.67,11.65,11.66,15524,18101375
20251117,10:45,000001,未知,11.66,11.68,11.65,11.67,6836,7978205
20251117,10:50,000001,未知,11.66,11.68,11.66,11.67,7366,8592216
20251117,10:55,000001,未知,11.67,11.68,11.66,11.68,8248,9628464
20251117,11:00,000001,未知,11.68,11.69,11.67,11.67,7006,8184963
20251117,11:05,000001,未知,11.67,11.68,11.66,11.68,5691,6641731
20251117,11:10,000001,未知,11.68,11.69,11.67,11.68,4756,5558202
20251117,11:15,000001,未知,11.69,11.69,11.68,11.68,7482,8742809
20251117,11:20,000001,未知,11.68,11.69,11.67,11.68,11682,13645407
20251117,11:25,000001,未知,11.68,11.7,11.68,11.69,14971,17493295
20251117,11:30,000001,未知,11.69,11.7,11.68,11.69,17768,20775597
20251117,13:05,000001,未知,11.71,11.73,11.7,11.72,23164,27140897
20251117,13:10,000001,未知,11.72,11.72,11.68,11.68,57208,66940306
20251117,13:15,000001,未知,11.69,11.7,11.67,11.68,29182,34089880
20251117,13:20,000001,未知,11.67,11.7,11.67,11.7,8519,9954741
20251117,13:25,000001,未知,11.7,11.7,11.69,11.69,8495,9935250
20251117,13:30,000001,未知,11.69,11.7,11.67,11.67,18801,21953176
20251117,13:35,000001,未知,11.66,11.69,11.66,11.66,18938,22097442
20251117,13:40,000001,未知,11.66,11.69,11.65,11.68,24873,29022828
20251117,13:45,000001,未知,11.68,11.69,11.68,11.68,4836,5649897
20251117,13:50,000001,未知,11.68,11.7,11.68,11.7,8969,10486002
20251117,13:55,000001,未知,11.69,11.7,11.69,11.7,5134,6004286
20251117,14:00,000001,未知,11.7,11.71,11.68,11.68,15642,18300520
20251117,14:05,000001,未知,11.69,11.69,11.66,11.67,20523,23953555
20251117,14:10,000001,未知,11.67,11.68,11.65,11.65,11311,13194846
20251117,14:15,000001,未知,11.66,11.67,11.64,11.66,16301,18998788
20251117,14:20,000001,未知,11.65,11.67,11.65,11.66,6914,8062209
20251117,14:25,000001,未知,11.66,11.68,11.65,11.66,23226,27077199
20251117,14:30,000001,未知,11.66,11.67,11.65,11.65,26809,31253141
20251117,14:35,000001,未知,11.66,11.67,11.65,11.66,21761,25366060
20251117,14:40,000001,未知,11.67,11.68,11.66,11.66,18082,21088512
20251117,14:45,000001,未知,11.66,11.67,11.65,11.66,6772,7895692
20251117,14:50,000001,未知,11.67,11.68,11.66,11.67,23841,27831098
20251117,14:55,000001,未知,11.67,11.68,11.66,11.67,20740,24203814
20251117,15:00,000001,未知,11.67,11.68,11.66,11.67,10461,12210229
20251118,09:35,000001,未知,11.65,11.69,11.65,11.66,29491,34408404
20251118,09:40,000001,未知,11.67,11.68,11.65,11.66,29643,34591425
20251118,09:45,000001,未知,11.67,11.68,11.65,11.67,22146,25836187
20251118,09:50,000001,未知,11.68,11.68,11.66,11.66,16443,19195763
20251118,09:55,000001,未知,11.67,11.67,11.63,11.63,27015,31459317
20251118,10:00,000001,未知,11.64,11.65,11.62,11.62,29632,34460822
20251118,10:05,000001,未知,11.61,11.63,11.61,11.63,20525,23844771
20251118,10:10,000001,未知,11.63,11.63,11.62,11.63,11163,12975454
20251118,10:15,000001,未知,11.62,11.66,11.62,11.65,20952,24407673
20251118,10:20,000001,未知,11.65,11.65,11.64,11.65,3705,4314833
20251118,10:25,000001,未知,11.65,11.65,11.63,11.63,9233,10745335
20251118,10:30,000001,未知,11.63,11.64,11.62,11.63,8177,9505248
20251118,10:35,000001,未知,11.62,11.64,11.62,11.64,9435,10969532
20251118,10:40,000001,未知,11.64,11.65,11.63,11.64,9599,11176230
20251118,10:45,000001,未知,11.64,11.66,11.63,11.65,11796,13746498
20251118,10:50,000001,未知,11.65,11.66,11.64,11.66,7824,9114617
20251118,10:55,000001,未知,11.66,11.66,11.64,11.65,4036,4702317
20251118,11:00,000001,未知,11.65,11.65,11.63,11.64,5890,6851639
20251118,11:05,000001,未知,11.63,11.64,11.62,11.64,7805,9078569
20251118,11:10,000001,未知,11.64,11.64,11.62,11.62,7489,8712633
20251118,11:15,000001,未知,11.63,11.64,11.62,11.64,5636,6553592
20251118,11:20,000001,未知,11.63,11.65,11.63,11.64,8431,9814429
20251118,11:25,000001,未知,11.65,11.65,11.64,11.64,4519,5263262
20251118,11:30,000001,未知,11.64,11.65,11.63,11.63,6951,8090767
20251118,13:05,000001,未知,11.64,11.64,11.61,11.62,43752,50845182
20251118,13:10,000001,未知,11.62,11.63,11.61,11.61,16629,19325020
20251118,13:15,000001,未知,11.62,11.62,11.59,11.6,26242,30446717
20251118,13:20,000001,未知,11.6,11.61,11.59,11.6,17086,19807879
20251118,13:25,000001,未知,11.61,11.61,11.6,11.6,5032,5840851
20251118,13:30,000001,未知,11.6,11.61,11.59,11.6,7926,9192873
20251118,13:35,000001,未知,11.59,11.6,11.59,11.6,7633,8849520
20251118,13:40,000001,未知,11.6,11.62,11.59,11.62,9926,11518072
20251118,13:45,000001,未知,11.61,11.65,11.61,11.64,19445,22627794
20251118,13:50,000001,未知,11.64,11.65,11.63,11.64,5459,6354320
20251118,13:55,000001,未知,11.64,11.64,11.62,11.63,8252,9598570
20251118,14:00,000001,未知,11.63,11.63,11.62,11.62,6670,7751949
20251118,14:05,000001,未知,11.62,11.63,11.6,11.61,9698,11260760
20251118,14:10,000001,未知,11.61,11.63,11.61,11.62,5813,6754489
20251118,14:15,000001,未知,11.63,11.63,11.61,11.61,11515,13384839
20251118,14:20,000001,未知,11.61,11.62,11.6,11.6,10983,12754663
20251118,14:25,000001,未知,11.61,11.61,11.59,11.6,14453,16767091
20251118,14:30,000001,未知,11.6,11.61,11.58,11.58,24474,28369896
20251118,14:35,000001,未知,11.58,11.6,11.57,11.59,32739,37927283
20251118,14:40,000001,未知,11.6,11.6,11.58,11.59,9949,11533730
20251118,14:45,000001,未知,11.59,11.6,11.58,11.6,10821,12546913
20251118,14:50,000001,未知,11.6,11.6,11.59,11.6,12164,14105387
20251118,14:55,000001,未知,11.6,11.6,11.58,11.6,22470,26041104
20251118,15:00,000001,未知,11.6,11.6,11.59,11.59,13410,15550641
20251119,09:35,000001,未知,11.58,11.61,11.58,11.61,34822,40387990
20251119,09:40,000001,未知,11.61,11.62,11.59,11.61,20660,23984430
20251119,09:45,000001,未知,11.61,11.62,11.6,11.6,9860,11448823
20251119,09:50,000001,未知,11.61,11.64,11.6,11.63,27080,31464591
20251119,09:55,000001,未知,11.64,11.64,11.61,11.61,14273,16590891
20251119,10:00,000001,未知,11.62,11.63,11.61,11.62,12043,13992588
20251119,10:05,000001,未知,11.62,11.65,11.62,11.65,31688,36864221
20251119,10:10,000001,未知,11.64,11.65,11.63,11.65,14852,17290158
20251119,10:15,000001,未知,11.64,11.67,11.63,11.66,44201,51505093
20251119,10:20,000001,未知,11.67,11.71,11.66,11.67,74850,87488785
20251119,10:25,000001,未知,11.67,11.7,11.67,11.7,25757,30108657
20251119,10:30,000001,未知,11.7,11.71,11.69,11.69,51212,59922937
20251119,10:35,000001,未知,11.7,11.7,11.68,11.68,17189,20096439
20251119,10:40,000001,未知,11.69,11.69,11.67,11.68,18488,21599284
20251119,10:45,000001,未知,11.68,11.69,11.67,11.68,9330,10899726
20251119,10:50,000001,未知,11.67,11.69,11.67,11.68,13413,15671281
20251119,10:55,000001,未知,11.68,11.69,11.68,11.68,13301,15543383
20251119,11:00,000001,未知,11.68,11.71,11.68,11.69,42241,49417069
20251119,11:05,000001,未知,11.69,11.71,11.69,11.7,18345,21460735
20251119,11:10,000001,未知,11.7,11.72,11.7,11.72,34435,40333506
20251119,11:15,000001,未知,11.72,11.73,11.71,11.71,29920,35069048
20251119,11:20,000001,未知,11.71,11.72,11.7,11.71,17719,20744809
20251119,11:25,000001,未知,11.7,11.72,11.7,11.71,13559,15873973
20251119,11:30,000001,未知,11.71,11.72,11.69,11.7,14673,17176468
20251119,13:05,000001,未知,11.7,11.74,11.69,11.74,74823,87718216
20251119,13:10,000001,未知,11.74,11.76,11.73,11.74,30430,35740739
20251119,13:15,000001,未知,11.74,11.74,11.7,11.7,10567,12382217
20251119,13:20,000001,未知,11.7,11.71,11.7,11.71,10565,12365924
20251119,13:25,000001,未知,11.71,11.71,11.69,11.7,7264,8499332
20251119,13:30,000001,未知,11.7,11.71,11.69,11.7,7279,8518135
20251119,13:35,000001,未知,11.7,11.71,11.69,11.69,6576,7691091
20251119,13:40,000001,未知,11.69,11.7,11.69,11.7,6421,7508091
20251119,13:45,000001,未知,11.69,11.7,11.68,11.68,7243,8464014
20251119,13:50,000001,未知,11.68,11.7,11.68,11.69,8118,9490327
20251119,13:55,000001,未知,11.7,11.7,11.68,11.7,4696,5490056
20251119,14:00,000001,未知,11.69,11.74,11.69,11.73,33359,39077124
20251119,14:05,000001,未知,11.73,11.76,11.72,11.75,53195,62473663
20251119,14:10,000001,未知,11.75,11.77,11.74,11.75,43090,50662130
20251119,14:15,000001,未知,11.74,11.78,11.74,11.77,42488,49976996
20251119,14:20,000001,未知,11.76,11.79,11.76,11.78,45098,53105834
20251119,14:25,000001,未知,11.78,11.81,11.78,11.8,79502,93764101
20251119,14:30,000001,未知,11.8,11.81,11.79,11.8,25480,30064624
20251119,14:35,000001,未知,11.79,11.82,11.79,11.81,61762,72943723
20251119,14:40,000001,未知,11.82,11.82,11.8,11.81,32178,37988687
20251119,14:45,000001,未知,11.82,11.83,11.8,11.82,40658,48048420
20251119,14:50,000001,未知,11.82,11.83,11.81,11.81,46680,55165314
20251119,14:55,000001,未知,11.82,11.82,11.8,11.81,31469,37155087
20251119,15:00,000001,未知,11.8,11.8,11.79,11.8,22144,26126361
20251120,09:35,000001,未知,11.79,11.83,11.75,11.81,64061,75477035
20251120,09:40,000001,未知,11.82,11.88,11.81,11.86,78197,92753348
20251120,09:45,000001,未知,11.87,11.92,11.87,11.91,113517,135066491
20251120,09:50,000001,未知,11.92,11.94,11.87,11.87,82739,98556979
20251120,09:55,000001,未知,11.87,11.87,11.82,11.84,54668,64714909
20251120,10:00,000001,未知,11.84,11.88,11.83,11.86,18096,21461174
20251120,10:05,000001,未知,11.87,11.91,11.86,11.9,42659,50739716
20251120,10:10,000001,未知,11.9,11.92,11.89,11.91,39766,47359125
20251120,10:15,000001,未知,11.92,11.93,11.91,11.91,30840,36769859
20251120,10:20,000001,未知,11.91,11.92,11.89,11.89,40981,48803286
20251120,10:25,000001,未知,11.89,11.92,11.89,11.91,28913,34413086
20251120,10:30,000001,未知,11.9,11.91,11.89,11.89,13031,15507021
20251120,10:35,000001,未知,11.89,11.91,11.89,11.9,20967,24946630
20251120,10:40,000001,未知,11.89,11.93,11.89,11.92,41336,49249770
20251120,10:45,000001,未知,11.92,11.92,11.9,11.9,28367,33785379
20251120,10:50,000001,未知,11.91,11.92,11.91,11.91,12494,14884153
20251120,10:55,000001,未知,11.92,11.93,11.91,11.92,38500,45896586
20251120,11:00,000001,未知,11.92,11.94,11.92,11.92,56683,67651051
20251120,11:05,000001,未知,11.92,11.96,11.92,11.96,80366,95964348
20251120,11:10,000001,未知,11.95,11.97,11.95,11.97,52971,63368463
20251120,11:15,000001,未知,11.97,11.97,11.94,11.95,28276,33802207
20251120,11:20,000001,未知,11.95,11.96,11.94,11.95,14917,17825824
20251120,11:25,000001,未知,11.95,11.96,11.95,11.95,7390,8832536
20251120,11:30,000001,未知,11.95,11.97,11.95,11.96,24098,28802111
20251120,13:05,000001,未知,11.97,11.98,11.97,11.97,62543,74887633
20251120,13:10,000001,未知,11.97,11.99,11.96,11.96,40767,48837399
20251120,13:15,000001,未知,11.96,11.98,11.96,11.96,13421,16062598
20251120,13:20,000001,未知,11.96,11.97,11.94,11.94,21669,25904855
20251120,13:25,000001,未知,11.94,11.95,11.93,11.93,12655,15108018
20251120,13:30,000001,未知,11.94,11.94,11.9,11.9,42808,50998366
20251120,13:35,000001,未知,11.9,11.92,11.9,11.92,18418,21932206
20251120,13:40,000001,未知,11.91,11.92,11.87,11.87,38138,45336892
20251120,13:45,000001,未知,11.86,11.89,11.86,11.88,32204,38227357
20251120,13:50,000001,未知,11.88,11.88,11.86,11.87,10782,12797469
20251120,13:55,000001,未知,11.86,11.88,11.86,11.87,11338,13453958
20251120,14:00,000001,未知,11.86,11.88,11.86,11.88,11265,13365562
20251120,14:05,000001,未知,11.88,11.88,11.86,11.88,11125,13205589
20251120,14:10,000001,未知,11.88,11.88,11.86,11.87,7575,8992615
20251120,14:15,000001,未知,11.88,11.89,11.87,11.87,22684,26939229
20251120,14:20,000001,未知,11.88,11.88,11.86,11.87,10366,12306774
20251120,14:25,000001,未知,11.87,11.92,11.86,11.89,36751,43667552
20251120,14:30,000001,未知,11.9,11.9,11.87,11.87,18005,21396580
20251120,14:35,000001,未知,11.88,11.88,11.86,11.87,14865,17644484
20251120,14:40,000001,未知,11.87,11.9,11.87,11.88,28585,33970454
20251120,14:45,000001,未知,11.88,11.9,11.87,11.88,74112,88088138
20251120,14:50,000001,未知,11.88,11.88,11.85,11.85,31522,37385380
20251120,14:55,000001,未知,11.85,11.86,11.85,11.86,27914,33093104
20251120,15:00,000001,未知,11.85,11.86,11.84,11.85,23695,28076137
20251121,09:35,000001,未知,11.8,11.87,11.78,11.81,112477,132925762
20251121,09:40,000001,未知,11.81,11.81,11.76,11.77,56202,66246156
20251121,09:45,000001,未知,11.78,11.82,11.77,11.81,44843,52886950
20251121,09:50,000001,未知,11.81,11.82,11.8,11.82,30244,35727503
20251121,09:55,000001,未知,11.82,11.87,11.82,11.85,64853,76887620
20251121,10:00,000001,未知,11.85,11.85,11.82,11.82,29603,35016265
20251121,10:05,000001,未知,11.82,11.83,11.8,11.81,38429,45388108
20251121,10:10,000001,未知,11.82,11.84,11.8,11.83,19400,22925952
20251121,10:15,000001,未知,11.82,11.83,11.77,11.77,44946,52980524
20251121,10:20,000001,未知,11.77,11.78,11.75,11.76,48019,56497796
20251121,10:25,000001,未知,11.75,11.76,11.74,11.76,39307,46196593
20251121,10:30,000001,未知,11.75,11.77,11.75,11.75,26144,30742815
20251121,10:35,000001,未知,11.75,11.75,11.73,11.73,34140,40067818
20251121,10:40,000001,未知,11.73,11.75,11.7,11.71,75020,87965430
20251121,10:45,000001,未知,11.71,11.72,11.69,11.69,35079,41056872
20251121,10:50,000001,未知,11.69,11.7,11.68,11.7,39771,46495903
20251121,10:55,000001,未知,11.7,11.7,11.68,11.69,28978,33880792
20251121,11:00,000001,未知,11.7,11.71,11.68,11.7,16740,19575898
20251121,11:05,000001,未知,11.7,11.75,11.69,11.72,25876,30329661
20251121,11:10,000001,未知,11.71,11.73,11.7,11.73,11606,13595345
20251121,11:15,000001,未知,11.72,11.73,11.7,11.7,12789,14978970
20251121,11:20,000001,未知,11.71,11.73,11.7,11.72,17222,20168226
20251121,11:25,000001,未知,11.72,11.73,11.7,11.7,14163,16591487
20251121,11:30,000001,未知,11.7,11.71,11.67,11.67,35001,40887842
20251121,13:05,000001,未知,11.68,11.72,11.66,11.7,52716,61555596
20251121,13:10,000001,未知,11.71,11.73,11.7,11.72,15808,18517231
20251121,13:15,000001,未知,11.72,11.74,11.72,11.74,34130,40035833
20251121,13:20,000001,未知,11.74,11.75,11.72,11.73,19241,22586440
20251121,13:25,000001,未知,11.73,11.73,11.7,11.72,21259,24894065
20251121,13:30,000001,未知,11.71,11.76,11.7,11.74,31805,37321585
20251121,13:35,000001,未知,11.75,11.81,11.73,11.79,38443,45275567
20251121,13:40,000001,未知,11.8,11.8,11.77,11.77,12401,14613276
20251121,13:45,000001,未知,11.77,11.8,11.76,11.79,30404,35793951
20251121,13:50,000001,未知,11.78,11.8,11.76,11.76,15450,18203263
20251121,13:55,000001,未知,11.77,11.8,11.75,11.78,18734,22063855
20251121,14:00,000001,未知,11.78,11.79,11.77,11.77,16037,18894471
20251121,14:05,000001,未知,11.77,11.8,11.76,11.8,17788,20955330
20251121,14:10,000001,未知,11.8,11.8,11.76,11.76,17532,20662635
20251121,14:15,000001,未知,11.76,11.77,11.74,11.75,13588,15974882
20251121,14:20,000001,未知,11.75,11.75,11.73,11.73,9231,10836069
20251121,14:25,000001,未知,11.74,11.74,11.72,11.72,7166,8405922
20251121,14:30,000001,未知,11.73,11.73,11.7,11.71,14463,16935810
20251121,14:35,000001,未知,11.7,11.72,11.68,11.7,33825,39562535
20251121,14:40,000001,未知,11.69,11.7,11.68,11.69,18955,22161276
20251121,14:45,000001,未知,11.69,11.7,11.67,11.67,15760,18415085
20251121,14:50,000001,未知,11.68,11.69,11.66,11.68,36011,42033601
20251121,14:55,000001,未知,11.68,11.69,11.67,11.67,43207,50452132
20251121,15:00,000001,未知,11.67,11.69,11.67,11.69,30553,35699160
20251124,09:35,000001,未知,11.7,11.72,11.68,11.69,67644,79169568
20251124,09:40,000001,未知,11.7,11.7,11.66,11.68,58980,68909476
20251124,09:45,000001,未知,11.69,11.71,11.64,11.69,64823,75631935
20251124,09:50,000001,未知,11.7,11.72,11.66,11.67,32802,38396549
20251124,09:55,000001,未知,11.66,11.67,11.64,11.64,21844,25471217
20251124,10:00,000001,未知,11.65,11.65,11.63,11.64,46006,53536507
20251124,10:05,000001,未知,11.64,11.66,11.63,11.66,48121,56031927
20251124,10:10,000001,未知,11.66,11.68,11.63,11.64,25084,29251965
20251124,10:15,000001,未知,11.64,11.68,11.64,11.67,16269,18968346
20251124,10:20,000001,未知,11.68,11.7,11.67,11.68,18763,21928062
20251124,10:25,000001,未知,11.69,11.71,11.68,11.71,16897,19763197
20251124,10:30,000001,未知,11.7,11.72,11.68,11.72,17704,20713391
20251124,10:35,000001,未知,11.71,11.72,11.69,11.69,14310,16756010
20251124,10:40,000001,未知,11.69,11.71,11.69,11.71,12388,14493013
20251124,10:45,000001,未知,11.7,11.71,11.68,11.69,8875,10377204
20251124,10:50,000001,未知,11.68,11.7,11.68,11.69,6719,7854968
20251124,10:55,000001,未知,11.7,11.72,11.69,11.7,21220,24830806
20251124,11:00,000001,未知,11.7,11.71,11.69,11.71,7207,8436558
20251124,11:05,000001,未知,11.71,11.71,11.69,11.7,6631,7759418
20251124,11:10,000001,未知,11.71,11.72,11.68,11.72,17163,20086531
20251124,11:15,000001,未知,11.72,11.72,11.69,11.71,4305,5038619
20251124,11:20,000001,未知,11.7,11.71,11.68,11.68,5662,6621515
20251124,11:25,000001,未知,11.69,11.71,11.68,11.71,9377,10968255
20251124,11:30,000001,未知,11.71,11.71,11.68,11.7,7151,8363656
20251124,13:05,000001,未知,11.69,11.71,11.68,11.7,19165,22413198
20251124,13:10,000001,未知,11.7,11.7,11.68,11.69,8912,10418673
20251124,13:15,000001,未知,11.68,11.7,11.68,11.69,10427,12189188
20251124,13:20,000001,未知,11.68,11.7,11.68,11.68,7613,8897217
20251124,13:25,000001,未知,11.69,11.69,11.66,11.68,12878,15034352
20251124,13:30,000001,未知,11.67,11.69,11.67,11.69,11723,13698080
20251124,13:35,000001,未知,11.68,11.7,11.67,11.68,15372,17958845
20251124,13:40,000001,未知,11.68,11.69,11.66,11.67,20829,24317018
20251124,13:45,000001,未知,11.66,11.67,11.64,11.64,38388,44729797
20251124,13:50,000001,未知,11.64,11.64,11.61,11.61,46822,54447693
20251124,13:55,000001,未知,11.61,11.63,11.61,11.63,28899,33596066
20251124,14:00,000001,未知,11.63,11.64,11.62,11.63,29691,34516379
20251124,14:05,000001,未知,11.63,11.64,11.61,11.63,16853,19593996
20251124,14:10,000001,未知,11.64,11.64,11.62,11.63,14255,16579565
20251124,14:15,000001,未知,11.63,11.66,11.62,11.65,18351,21366941
20251124,14:20,000001,未知,11.64,11.66,11.64,11.65,15246,17768634
20251124,14:25,000001,未知,11.65,11.65,11.63,11.64,15864,18470794
20251124,14:30,000001,未知,11.65,11.65,11.63,11.63,13916,16196494
20251124,14:35,000001,未知,11.63,11.64,11.62,11.63,25261,29379017
20251124,14:40,000001,未知,11.63,11.64,11.62,11.63,30527,35495194
20251124,14:45,000001,未知,11.63,11.63,11.61,11.62,38650,44921350
20251124,14:50,000001,未知,11.62,11.62,11.6,11.62,31452,36530416
20251124,14:55,000001,未知,11.62,11.63,11.61,11.62,35603,41348960
20251124,15:00,000001,未知,11.62,11.64,11.6,11.6,54477,63216223
20251125,09:35,000001,未知,11.61,11.63,11.59,11.6,63405,73630596
20251125,09:40,000001,未知,11.6,11.6,11.58,11.6,45449,52693779
20251125,09:45,000001,未知,11.6,11.62,11.58,11.61,39808,46157020
20251125,09:50,000001,未知,11.6,11.66,11.6,11.65,55647,64773795
20251125,09:55,000001,未知,11.65,11.67,11.64,11.65,30782,35899656
20251125,10:00,000001,未知,11.65,11.66,11.63,11.66,18409,21433271
20251125,10:05,000001,未知,11.66,11.66,11.63,11.64,22522,26229214
20251125,10:10,000001,未知,11.63,11.66,11.62,11.65,21444,24946691
20251125,10:15,000001,未知,11.65,11.68,11.65,11.67,24860,29005176
20251125,10:20,000001,未知,11.67,11.71,11.67,11.7,53322,62364642
20251125,10:25,000001,未知,11.69,11.72,11.69,11.69,30832,36095893
20251125,10:30,000001,未知,11.69,11.71,11.69,11.71,9389,10983777
20251125,10:35,000001,未知,11.7,11.71,11.68,11.7,17348,20287677
20251125,10:40,000001,未知,11.69,11.71,11.69,11.7,9557,11184657
20251125,10:45,000001,未知,11.7,11.71,11.69,11.71,12905,15102656
20251125,10:50,000001,未知,11.71,11.73,11.71,11.72,21427,25112952
20251125,10:55,000001,未知,11.72,11.74,11.72,11.72,22350,26221093
20251125,11:00,000001,未知,11.72,11.74,11.71,11.72,23214,27219786
20251125,11:05,000001,未知,11.72,11.73,11.7,11.72,17546,20558498
20251125,11:10,000001,未知,11.73,11.73,11.7,11.7,12808,15004710
20251125,11:15,000001,未知,11.71,11.72,11.7,11.72,4069,4764147
20251125,11:20,000001,未知,11.72,11.74,11.71,11.72,18071,21180064
20251125,11:25,000001,未知,11.73,11.74,11.72,11.73,9278,10885371
20251125,11:30,000001,未知,11.73,11.74,11.73,11.74,7472,8768827
20251125,13:05,000001,未知,11.74,11.74,11.69,11.72,31226,36567854
20251125,13:10,000001,未知,11.72,11.77,11.72,11.76,53967,63401181
20251125,13:15,000001,未知,11.76,11.77,11.75,11.76,9775,11493362
20251125,13:20,000001,未知,11.76,11.77,11.75,11.76,20124,23669120
20251125,13:25,000001,未知,11.77,11.78,11.76,11.76,20360,23963014
20251125,13:30,000001,未知,11.76,11.77,11.76,11.76,8881,10447442
20251125,13:35,000001,未知,11.77,11.77,11.74,11.75,12857,15114321
20251125,13:40,000001,未知,11.75,11.77,11.74,11.77,9286,10917239
20251125,13:45,000001,未知,11.77,11.78,11.76,11.77,14322,16855956
20251125,13:50,000001,未知,11.76,11.77,11.76,11.76,10798,12708289
20251125,13:55,000001,未知,11.77,11.77,11.76,11.77,5374,6322409
20251125,14:00,000001,未知,11.76,11.78,11.76,11.77,17914,21088738
20251125,14:05,000001,未知,11.77,11.79,11.77,11.78,25415,29933806
20251125,14:10,000001,未知,11.78,11.79,11.77,11.78,8732,10287065
20251125,14:15,000001,未知,11.78,11.79,11.77,11.78,11999,14133014
20251125,14:20,000001,未知,11.78,11.79,11.78,11.79,7516,8856860
20251125,14:25,000001,未知,11.78,11.79,11.77,11.78,19440,22902910
20251125,14:30,000001,未知,11.78,11.79,11.77,11.78,12930,15233333
20251125,14:35,000001,未知,11.78,11.79,11.78,11.78,9017,10627058
20251125,14:40,000001,未知,11.78,11.8,11.78,11.8,27798,32772973
20251125,14:45,000001,未知,11.79,11.8,11.79,11.8,13187,15555219
20251125,14:50,000001,未知,11.8,11.8,11.79,11.79,17962,21183093
20251125,14:55,000001,未知,11.8,11.8,11.79,11.79,32961,38871398
20251125,15:00,000001,未知,11.8,11.8,11.79,11.8,34326,40501463
20251126,09:35,000001,未知,11.81,11.85,11.79,11.79,64202,75896624
20251126,09:40,000001,未知,11.79,11.82,11.78,11.81,33890,39995776
20251126,09:45,000001,未知,11.81,11.81,11.78,11.78,25975,30630895
20251126,09:50,000001,未知,11.79,11.79,11.75,11.78,28016,32964667
20251126,09:55,000001,未知,11.78,11.78,11.72,11.73,46728,54851147
20251126,10:00,000001,未知,11.73,11.74,11.72,11.73,36699,43049590
20251126,10:05,000001,未知,11.74,11.77,11.73,11.76,18890,22193233
20251126,10:10,000001,未知,11.75,11.77,11.74,11.76,11996,14101332
20251126,10:15,000001,未知,11.76,11.78,11.75,11.75,10844,12754728
20251126,10:20,000001,未知,11.75,11.76,11.73,11.74,14623,17172553
20251126,10:25,000001,未知,11.74,11.75,11.73,11.75,10642,12492000
20251126,10:30,000001,未知,11.74,11.75,11.73,11.74,5453,6399945
20251126,10:35,000001,未知,11.73,11.76,11.73,11.75,6074,7133713
20251126,10:40,000001,未知,11.74,11.75,11.72,11.73,26732,31363669
20251126,10:45,000001,未知,11.73,11.73,11.7,11.71,39988,46833774
20251126,10:50,000001,未知,11.72,11.72,11.71,11.72,20500,24007525
20251126,10:55,000001,未知,11.71,11.72,11.71,11.71,11326,13268069
20251126,11:00,000001,未知,11.71,11.72,11.7,11.7,20107,23545087
20251126,11:05,000001,未知,11.7,11.71,11.66,11.66,87723,102447533
20251126,11:10,000001,未知,11.67,11.69,11.66,11.69,15332,17898630
20251126,11:15,000001,未知,11.69,11.69,11.68,11.68,10637,12431012
20251126,11:20,000001,未知,11.69,11.69,11.67,11.68,12303,14371291
20251126,11:25,000001,未知,11.69,11.7,11.68,11.69,12403,14499118
20251126,11:30,000001,未知,11.69,11.7,11.68,11.68,8025,9375242
20251126,13:05,000001,未知,11.69,11.69,11.67,11.67,19145,22360015
20251126,13:10,000001,未知,11.68,11.69,11.67,11.68,9320,10885331
20251126,13:15,000001,未知,11.69,11.7,11.68,11.69,14494,16941862
20251126,13:20,000001,未知,11.68,11.71,11.68,11.69,9050,10584854
20251126,13:25,000001,未知,11.7,11.71,11.69,11.7,6027,7054154
20251126,13:30,000001,未知,11.71,11.71,11.69,11.7,7445,8706141
20251126,13:35,000001,未知,11.7,11.7,11.68,11.68,8885,10384029
20251126,13:40,000001,未知,11.68,11.69,11.68,11.69,6182,7224463
20251126,13:45,000001,未知,11.68,11.7,11.68,11.69,9400,10984501
20251126,13:50,000001,未知,11.7,11.72,11.69,11.71,11110,13006188
20251126,13:55,000001,未知,11.72,11.72,11.71,11.72,6586,7713322
20251126,14:00,000001,未知,11.72,11.73,11.71,11.72,8873,10398482
20251126,14:05,000001,未知,11.71,11.72,11.7,11.71,6270,7342490
20251126,14:10,000001,未知,11.71,11.72,11.7,11.71,5930,6944512
20251126,14:15,000001,未知,11.71,11.73,11.71,11.72,6873,8051872
20251126,14:20,000001,未知,11.72,11.72,11.7,11.71,6077,7117856
20251126,14:25,000001,未知,11.71,11.72,11.7,11.71,2841,3327272
20251126,14:30,000001,未知,11.71,11.72,11.7,11.71,6680,7822247
20251126,14:35,000001,未知,11.71,11.72,11.7,11.71,6375,7465024
20251126,14:40,000001,未知,11.71,11.72,11.7,11.72,7430,8702849
20251126,14:45,000001,未知,11.71,11.72,11.69,11.7,20895,24451592
20251126,14:50,000001,未知,11.7,11.71,11.69,11.69,10431,12199618
20251126,14:55,000001,未知,11.69,11.7,11.68,11.68,31987,37379455
20251126,15:00,000001,未知,11.68,11.7,11.68,11.69,13887,16232387
20251127,09:35,000001,未知,11.66,11.67,11.59,11.63,127083,147624192
20251127,09:40,000001,未知,11.62,11.63,11.6,11.61,47185,54780226
20251127,09:45,000001,未知,11.6,11.63,11.6,11.62,39383,45734968
20251127,09:50,000001,未知,11.62,11.62,11.59,11.6,53909,62568096
20251127,09:55,000001,未知,11.6,11.62,11.6,11.61,24780,28769035
20251127,10:00,000001,未知,11.61,11.63,11.61,11.62,16322,18963794
20251127,10:05,000001,未知,11.62,11.64,11.61,11.62,21784,25312626
20251127,10:10,000001,未知,11.63,11.63,11.6,11.62,33915,39373949
20251127,10:15,000001,未知,11.61,11.63,11.61,11.61,17158,19929525
20251127,10:20,000001,未知,11.62,11.63,11.61,11.62,25417,29528640
20251127,10:25,000001,未知,11.62,11.63,11.62,11.62,12240,14228740
20251127,10:30,000001,未知,11.62,11.64,11.62,11.64,17944,20874041
20251127,10:35,000001,未知,11.63,11.65,11.63,11.63,10776,12537039
20251127,10:40,000001,未知,11.63,11.65,11.63,11.64,20082,23377777
20251127,10:45,000001,未知,11.65,11.65,11.63,11.63,11512,13397282
20251127,10:50,000001,未知,11.64,11.65,11.63,11.64,10014,11658327
20251127,10:55,000001,未知,11.64,11.66,11.64,11.65,13430,15641489
20251127,11:00,000001,未知,11.65,11.66,11.64,11.64,6413,7470002
20251127,11:05,000001,未知,11.65,11.67,11.64,11.65,16873,19667951
20251127,11:10,000001,未知,11.65,11.66,11.64,11.64,11844,13794005
20251127,11:15,000001,未知,11.65,11.66,11.64,11.65,10507,12238454
20251127,11:20,000001,未知,11.64,11.66,11.64,11.65,10369,12075895
20251127,11:25,000001,未知,11.65,11.67,11.65,11.66,19494,22737894
20251127,11:30,000001,未知,11.66,11.68,11.66,11.68,17473,20391527
20251127,13:05,000001,未知,11.68,11.7,11.66,11.69,39444,46076359
20251127,13:10,000001,未知,11.68,11.69,11.66,11.66,16726,19527174
20251127,13:15,000001,未知,11.66,11.67,11.65,11.65,12369,14417421
20251127,13:20,000001,未知,11.65,11.66,11.65,11.65,8939,10417447
20251127,13:25,000001,未知,11.66,11.67,11.65,11.66,7729,9009481
20251127,13:30,000001,未知,11.66,11.67,11.65,11.65,14803,17259459
20251127,13:35,000001,未知,11.66,11.67,11.65,11.65,11541,13454846
20251127,13:40,000001,未知,11.65,11.68,11.65,11.67,15818,18457046
20251127,13:45,000001,未知,11.67,11.68,11.66,11.67,8587,10020847
20251127,13:50,000001,未知,11.67,11.68,11.66,11.66,6237,7275854
20251127,13:55,000001,未知,11.66,11.67,11.65,11.65,10667,12435141
20251127,14:00,000001,未知,11.65,11.66,11.65,11.65,15429,17985193
20251127,14:05,000001,未知,11.65,11.67,11.64,11.64,20442,23814237
20251127,14:10,000001,未知,11.64,11.67,11.64,11.65,17664,20582261
20251127,14:15,000001,未知,11.66,11.67,11.65,11.66,10839,12638794
20251127,14:20,000001,未知,11.65,11.67,11.65,11.66,18752,21871460
20251127,14:25,000001,未知,11.65,11.68,11.65,11.66,9493,11075041
20251127,14:30,000001,未知,11.66,11.68,11.66,11.67,8475,9887865
20251127,14:35,000001,未知,11.67,11.7,11.67,11.69,35741,41768623
20251127,14:40,000001,未知,11.69,11.7,11.68,11.68,12449,14550371
20251127,14:45,000001,未知,11.68,11.7,11.68,11.7,34881,40780181
20251127,14:50,000001,未知,11.71,11.71,11.68,11.7,34221,40020802
20251127,14:55,000001,未知,11.7,11.7,11.69,11.7,20371,23826442
20251127,15:00,000001,未知,11.7,11.71,11.69,11.71,24323,28472049
20251128,09:35,000001,未知,11.67,11.68,11.64,11.66,27055,31548460
20251128,09:40,000001,未知,11.66,11.68,11.65,11.66,25393,29610712
20251128,09:45,000001,未知,11.67,11.68,11.64,11.64,34527,40245812
20251128,09:50,000001,未知,11.65,11.65,11.62,11.63,30963,36003609
20251128,09:55,000001,未知,11.63,11.64,11.62,11.62,12426,14449884
20251128,10:00,000001,未知,11.62,11.63,11.61,11.61,25020,29069684
20251128,10:05,000001,未知,11.62,11.64,11.61,11.63,15932,18520936
20251128,10:10,000001,未知,11.63,11.64,11.62,11.64,10875,12645835
20251128,10:15,000001,未知,11.64,11.64,11.61,11.62,23067,26801082
20251128,10:20,000001,未知,11.63,11.64,11.61,11.62,30472,35409800
20251128,10:25,000001,未知,11.62,11.64,11.61,11.62,9436,10968796
20251128,10:30,000001,未知,11.62,11.63,11.61,11.61,9348,10859820
20251128,10:35,000001,未知,11.61,11.62,11.61,11.62,14280,16590349
20251128,10:40,000001,未知,11.62,11.63,11.61,11.61,14239,16542835
20251128,10:45,000001,未知,11.62,11.62,11.61,11.62,9614,11163988
20251128,10:50,000001,未知,11.61,11.63,11.6,11.63,56570,65715111
20251128,10:55,000001,未知,11.63,11.65,11.62,11.64,21818,25374294
20251128,11:00,000001,未知,11.63,11.66,11.63,11.66,7108,8279472
20251128,11:05,000001,未知,11.65,11.66,11.63,11.65,19196,22360224
20251128,11:10,000001,未知,11.64,11.65,11.62,11.63,15077,17536244
20251128,11:15,000001,未知,11.62,11.64,11.62,11.64,7469,8684176
20251128,11:20,000001,未知,11.63,11.64,11.62,11.64,9514,11067556
20251128,11:25,000001,未知,11.63,11.66,11.63,11.64,25853,30119453
20251128,11:30,000001,未知,11.66,11.66,11.63,11.64,25132,29279621
20251128,13:05,000001,未知,11.65,11.65,11.62,11.63,14989,17435338
20251128,13:10,000001,未知,11.63,11.64,11.62,11.63,9212,10716673
20251128,13:15,000001,未知,11.63,11.64,11.62,11.62,11430,13292774
20251128,13:20,000001,未知,11.62,11.65,11.62,11.64,12252,14252915
20251128,13:25,000001,未知,11.65,11.65,11.63,11.63,5861,6820057
20251128,13:30,000001,未知,11.64,11.64,11.63,11.63,4575,5322740
20251128,13:35,000001,未知,11.63,11.65,11.63,11.64,6322,7359081
20251128,13:40,000001,未知,11.64,11.65,11.63,11.63,3223,3751460
20251128,13:45,000001,未知,11.64,11.64,11.63,11.63,4959,5768158
20251128,13:50,000001,未知,11.63,11.64,11.63,11.64,4068,4732145
20251128,13:55,000001,未知,11.63,11.64,11.62,11.62,7510,8732844
20251128,14:00,000001,未知,11.62,11.63,11.62,11.62,11410,13260576
20251128,14:05,000001,未知,11.62,11.63,11.61,11.62,11066,12858840
20251128,14:10,000001,未知,11.62,11.63,11.61,11.61,5462,6345789
20251128,14:15,000001,未知,11.62,11.62,11.61,11.62,6509,7560385
20251128,14:20,000001,未知,11.62,11.63,11.61,11.62,16429,19088655
20251128,14:25,000001,未知,11.62,11.63,11.61,11.61,9216,10705075
20251128,14:30,000001,未知,11.61,11.62,11.6,11.61,38508,44700657
20251128,14:35,000001,未知,11.6,11.61,11.59,11.59,58064,67357404
20251128,14:40,000001,未知,11.6,11.6,11.58,11.59,45878,53176603
20251128,14:45,000001,未知,11.59,11.6,11.59,11.6,12456,14440421
20251128,14:50,000001,未知,11.59,11.6,11.59,11.59,25644,29736131
20251128,14:55,000001,未知,11.6,11.62,11.59,11.61,40050,46474850
20251128,15:00,000001,未知,11.6,11.62,11.6,11.61,38881,45140312
20251201,09:35,000001,未知,11.6,11.61,11.58,11.6,62233,72170250
20251201,09:40,000001,未知,11.6,11.63,11.58,11.58,46491,53945170
20251201,09:45,000001,未知,11.58,11.59,11.54,11.55,100796,116495284
20251201,09:50,000001,未知,11.55,11.58,11.55,11.56,53404,61738996
20251201,09:55,000001,未知,11.55,11.57,11.55,11.56,24191,27954087
20251201,10:00,000001,未知,11.56,11.58,11.56,11.57,17596,20361944
20251201,10:05,000001,未知,11.58,11.6,11.57,11.59,20515,23767528
20251201,10:10,000001,未知,11.59,11.63,11.59,11.62,28144,32674109
20251201,10:15,000001,未知,11.62,11.63,11.6,11.63,39681,46104145
20251201,10:20,000001,未知,11.63,11.65,11.62,11.63,29757,34620013
20251201,10:25,000001,未知,11.63,11.64,11.61,11.61,9974,11591641
20251201,10:30,000001,未知,11.61,11.65,11.61,11.65,31293,36402549
20251201,10:35,000001,未知,11.64,11.65,11.63,11.64,33868,39440833
20251201,10:40,000001,未知,11.64,11.66,11.64,11.65,25830,30083480
20251201,10:45,000001,未知,11.66,11.66,11.64,11.65,13600,15842215
20251201,10:50,000001,未知,11.65,11.66,11.64,11.65,8952,10430406
20251201,10:55,000001,未知,11.65,11.65,11.64,11.65,7933,9236560
20251201,11:00,000001,未知,11.65,11.65,11.63,11.63,12455,14491737
20251201,11:05,000001,未知,11.64,11.65,11.63,11.64,7201,8381725
20251201,11:10,000001,未知,11.64,11.65,11.63,11.64,19342,22507249
20251201,11:15,000001,未知,11.64,11.65,11.64,11.64,6008,6995447
20251201,11:20,000001,未知,11.64,11.65,11.63,11.64,12326,14343198
20251201,11:25,000001,未知,11.64,11.64,11.62,11.63,10302,11977413
20251201,11:30,000001,未知,11.63,11.63,11.62,11.62,4908,5704460
20251201,13:05,000001,未知,11.63,11.63,11.6,11.6,15857,18408041
20251201,13:10,000001,未知,11.6,11.62,11.6,11.6,8810,10225217
20251201,13:15,000001,未知,11.6,11.61,11.59,11.59,10317,11967651
20251201,13:20,000001,未知,11.59,11.61,11.59,11.6,9076,10527828
20251201,13:25,000001,未知,11.61,11.61,11.6,11.61,7448,8641130
20251201,13:30,000001,未知,11.61,11.61,11.59,11.59,13351,15483496
20251201,13:35,000001,未知,11.59,11.6,11.58,11.6,10276,11909612
20251201,13:40,000001,未知,11.6,11.61,11.58,11.6,10161,11781681
20251201,13:45,000001,未知,11.6,11.61,11.59,11.61,5944,6894457
20251201,13:50,000001,未知,11.6,11.63,11.6,11.62,10031,11648826
20251201,13:55,000001,未知,11.62,11.62,11.6,11.61,6464,7503796
20251201,14:00,000001,未知,11.62,11.63,11.6,11.63,13899,16148611
20251201,14:05,000001,未知,11.63,11.65,11.63,11.64,21452,24964108
20251201,14:10,000001,未知,11.64,11.64,11.63,11.64,4994,5810241
20251201,14:15,000001,未知,11.63,11.64,11.62,11.63,13400,15585240
20251201,14:20,000001,未知,11.62,11.64,11.62,11.64,9627,11198790
20251201,14:25,000001,未知,11.63,11.66,11.63,11.66,38196,44511180
20251201,14:30,000001,未知,11.66,11.68,11.65,11.67,45656,53267286
20251201,14:35,000001,未知,11.67,11.7,11.67,11.68,51817,60547413
20251201,14:40,000001,未知,11.68,11.69,11.67,11.67,13329,15569338
20251201,14:45,000001,未知,11.68,11.69,11.67,11.68,16804,19625341
20251201,14:50,000001,未知,11.67,11.69,11.67,11.69,14831,17324207
20251201,14:55,000001,未知,11.69,11.69,11.68,11.69,25194,29437158
20251201,15:00,000001,未知,11.69,11.7,11.68,11.69,33589,39277459
20251202,09:35,000001,未知,11.68,11.71,11.67,11.69,59576,69656295
20251202,09:40,000001,未知,11.69,11.73,11.68,11.72,62850,73545826
20251202,09:45,000001,未知,11.72,11.73,11.7,11.7,42332,49615625
20251202,09:50,000001,未知,11.7,11.72,11.67,11.67,27535,32203538
20251202,09:55,000001,未知,11.67,11.69,11.66,11.67,19764,23066486
20251202,10:00,000001,未知,11.67,11.69,11.66,11.69,11288,13180320
20251202,10:05,000001,未知,11.68,11.69,11.67,11.68,20302,23712292
20251202,10:10,000001,未知,11.68,11.7,11.67,11.68,11821,13811375
20251202,10:15,000001,未知,11.68,11.68,11.65,11.65,20261,23632725
20251202,10:20,000001,未知,11.65,11.67,11.65,11.67,9538,11118921
20251202,10:25,000001,未知,11.66,11.68,11.66,11.66,11509,13428396
20251202,10:30,000001,未知,11.66,11.67,11.64,11.65,24628,28692943
20251202,10:35,000001,未知,11.66,11.66,11.64,11.65,15022,17498205
20251202,10:40,000001,未知,11.65,11.66,11.64,11.65,8602,10021863
20251202,10:45,000001,未知,11.64,11.65,11.63,11.64,12173,14171455
20251202,10:50,000001,未知,11.63,11.65,11.63,11.65,14799,17215302
20251202,10:55,000001,未知,11.64,11.65,11.63,11.64,17662,20557171
20251202,11:00,000001,未知,11.64,11.65,11.63,11.64,5315,6187057
20251202,11:05,000001,未知,11.65,11.65,11.63,11.64,5760,6704311
20251202,11:10,000001,未知,11.64,11.65,11.63,11.64,4533,5276562
20251202,11:15,000001,未知,11.64,11.65,11.63,11.64,5738,6677267
20251202,11:20,000001,未知,11.63,11.64,11.62,11.62,18744,21797700
20251202,11:25,000001,未知,11.62,11.63,11.61,11.63,19285,22409894
20251202,11:30,000001,未知,11.63,11.63,11.6,11.61,21113,24518566
20251202,13:05,000001,未知,11.6,11.62,11.6,11.61,17869,20743333
20251202,13:10,000001,未知,11.61,11.61,11.59,11.6,32534,37742374
20251202,13:15,000001,未知,11.6,11.62,11.6,11.62,8695,10094060
20251202,13:20,000001,未知,11.61,11.63,11.61,11.62,9224,10718331
20251202,13:25,000001,未知,11.62,11.63,11.61,11.63,6196,7200564
20251202,13:30,000001,未知,11.62,11.62,11.61,11.62,2831,3288296
20251202,13:35,000001,未知,11.62,11.62,11.6,11.6,24392,28318219
20251202,13:40,000001,未知,11.6,11.62,11.6,11.61,6093,7072629
20251202,13:45,000001,未知,11.61,11.62,11.6,11.6,30261,35122176
20251202,13:50,000001,未知,11.61,11.62,11.6,11.62,34683,40266079
20251202,13:55,000001,未知,11.61,11.62,11.6,11.62,8999,10448758
20251202,14:00,000001,未知,11.61,11.62,11.6,11.61,5728,6650373
20251202,14:05,000001,未知,11.62,11.62,11.61,11.62,5559,6458628
20251202,14:10,000001,未知,11.62,11.62,11.61,11.62,6940,8059065
20251202,14:15,000001,未知,11.62,11.63,11.61,11.62,5027,5841684
20251202,14:20,000001,未知,11.63,11.63,11.61,11.62,4643,5395268
20251202,14:25,000001,未知,11.62,11.63,11.62,11.62,5804,6745932
20251202,14:30,000001,未知,11.62,11.63,11.62,11.63,3214,3736303
20251202,14:35,000001,未知,11.63,11.64,11.62,11.63,15584,18125725
20251202,14:40,000001,未知,11.63,11.64,11.62,11.63,6224,7239915
20251202,14:45,000001,未知,11.63,11.64,11.62,11.63,13173,15322433
20251202,14:50,000001,未知,11.63,11.64,11.63,11.64,17918,20849716
20251202,14:55,000001,未知,11.64,11.64,11.62,11.63,14260,16584177
20251202,15:00,000001,未知,11.63,11.64,11.62,11.64,12059,14030132
20251203,09:35,000001,未知,11.64,11.65,11.61,11.65,33905,39444136
20251203,09:40,000001,未知,11.64,11.68,11.64,11.67,50878,59338511
20251203,09:45,000001,未知,11.66,11.7,11.66,11.68,60888,71146816
20251203,09:50,000001,未知,11.69,11.7,11.66,11.68,38194,44643404
20251203,09:55,000001,未知,11.68,11.68,11.65,11.66,16139,18820563
20251203,10:00,000001,未知,11.65,11.67,11.64,11.67,9706,11313757
20251203,10:05,000001,未知,11.67,11.67,11.64,11.65,11559,13471724
20251203,10:10,000001,未知,11.65,11.67,11.64,11.65,16361,19070454
20251203,10:15,000001,未知,11.65,11.68,11.64,11.67,17081,19918203
20251203,10:20,000001,未知,11.67,11.69,11.67,11.68,21282,24856825
20251203,10:25,000001,未知,11.68,11.69,11.68,11.68,11075,12936669
20251203,10:30,000001,未知,11.68,11.7,11.68,11.69,22905,26774190
20251203,10:35,000001,未知,11.7,11.7,11.68,11.68,18936,22131347
20251203,10:40,000001,未知,11.68,11.69,11.68,11.68,16614,19411013
20251203,10:45,000001,未知,11.68,11.7,11.68,11.69,23814,27841915
20251203,10:50,000001,未知,11.69,11.7,11.68,11.68,35098,41054592
20251203,10:55,000001,未知,11.68,11.7,11.68,11.69,13172,15395998
20251203,11:00,000001,未知,11.69,11.7,11.68,11.68,8055,9416318
20251203,11:05,000001,未知,11.69,11.7,11.66,11.66,16174,18898465
20251203,11:10,000001,未知,11.67,11.69,11.66,11.67,13715,16006017
20251203,11:15,000001,未知,11.66,11.67,11.66,11.67,4451,5192285
20251203,11:20,000001,未知,11.67,11.68,11.66,11.67,5437,6345324
20251203,11:25,000001,未知,11.67,11.69,11.67,11.67,5196,6068306
20251203,11:30,000001,未知,11.67,11.68,11.67,11.68,3625,4231157
20251203,13:05,000001,未知,11.68,11.68,11.64,11.65,34581,40302769
20251203,13:10,000001,未知,11.65,11.66,11.64,11.66,5331,6214109
20251203,13:15,000001,未知,11.66,11.66,11.65,11.66,8036,9367162
20251203,13:20,000001,未知,11.66,11.66,11.65,11.65,7775,9059286
20251203,13:25,000001,未知,11.66,11.66,11.64,11.65,5955,6940129
20251203,13:30,000001,未知,11.65,11.65,11.64,11.65,9351,10886915
20251203,13:35,000001,未知,11.64,11.65,11.64,11.64,5456,6352254
20251203,13:40,000001,未知,11.65,11.65,11.63,11.63,9339,10866615
20251203,13:45,000001,未知,11.64,11.64,11.62,11.62,18292,21267396
20251203,13:50,000001,未知,11.62,11.64,11.62,11.63,10211,11874507
20251203,13:55,000001,未知,11.63,11.63,11.62,11.62,2666,3099331
20251203,14:00,000001,未知,11.63,11.63,11.61,11.62,20952,24341679
20251203,14:05,000001,未知,11.63,11.63,11.61,11.62,8655,10056266
20251203,14:10,000001,未知,11.62,11.62,11.6,11.61,24104,27982619
20251203,14:15,000001,未知,11.61,11.62,11.6,11.61,10978,12743124
20251203,14:20,000001,未知,11.61,11.61,11.59,11.59,31096,36063796
20251203,14:25,000001,未知,11.59,11.6,11.59,11.59,13702,15887263
20251203,14:30,000001,未知,11.59,11.6,11.59,11.6,16197,18775512
20251203,14:35,000001,未知,11.6,11.6,11.59,11.6,21403,24823966
20251203,14:40,000001,未知,11.6,11.6,11.58,11.58,42644,49424438
20251203,14:45,000001,未知,11.58,11.58,11.56,11.58,56746,65655492
20251203,14:50,000001,未知,11.57,11.58,11.55,11.55,43420,50221585
20251203,14:55,000001,未知,11.55,11.56,11.54,11.55,42730,49344353
20251203,15:00,000001,未知,11.56,11.56,11.54,11.55,20721,23929482
20251203,10:30,000001,未知,11.64,11.7,11.61,11.69,309973,361735252
20251203,11:30,000001,未知,11.7,11.7,11.66,11.68,164287,191992737
20251203,14:00,000001,未知,11.68,11.68,11.61,11.62,137945,160572152
20251203,15:00,000001,未知,11.63,11.63,11.54,11.55,332396,384907896
20251203,13:30,000001,未知,11.68,11.68,11.64,11.65,71029,82770370
20251203,14:00,000001,未知,11.64,11.65,11.61,11.62,66916,77801782
20251203,14:30,000001,未知,11.63,11.63,11.59,11.6,104732,121508580
20251203,15:00,000001,未知,11.6,11.6,11.54,11.55,227664,263399316
20251203,13:15,000001,未知,11.68,11.68,11.64,11.66,47948,55884040
20251203,13:30,000001,未知,11.66,11.66,11.64,11.65,23081,26886330
20251203,13:45,000001,未知,11.64,11.65,11.62,11.62,33087,38486265
20251203,14:00,000001,未知,11.62,11.64,11.61,11.62,33829,39315517
20251203,14:15,000001,未知,11.63,11.63,11.6,11.61,43737,50782009
20251203,14:30,000001,未知,11.61,11.61,11.59,11.6,60995,70726571
20251203,14:45,000001,未知,11.6,11.6,11.56,11.58,120793,139903896
20251203,15:00,000001,未知,11.57,11.58,11.54,11.55,106871,123495420
